,state,latitude,longitude,intrastate_gaspipe_within_10miles,interstate_gaspipe_within_10miles,mental_health_provider,mental_health_RGB
0,Michigan,42.9621061,-85.50489309999999,False,False,677.0,"(187, 204, 199)"
1,Michigan,41.9714248,-84.3818434,False,False,677.0,"(187, 204, 199)"
2,Michigan,41.904538,-84.03565619999999,False,False,677.0,"(187, 204, 199)"
3,Michigan,41.9057124,-84.0175653,False,False,677.0,"(187, 204, 199)"
4,Michigan,42.2440064,-84.7451775,True,False,677.0,"(187, 204, 199)"
5,Michigan,42.2368139,-84.7530555,True,False,677.0,"(187, 204, 199)"
6,Michigan,,,False,False,677.0,"(187, 204, 199)"
7,Michigan,42.6529969,-82.5762902,False,False,677.0,"(187, 204, 199)"
8,Michigan,42.520552,-85.84159919999999,False,False,677.0,"(187, 204, 199)"
9,Michigan,42.4977621,-85.8575642,False,False,677.0,"(187, 204, 199)"
10,Michigan,42.5341643,-85.8744224,False,False,677.0,"(187, 204, 199)"
11,Michigan,43.379011,-84.669939,False,False,677.0,"(187, 204, 199)"
12,Michigan,45.0629087,-83.433713,True,False,677.0,"(187, 204, 199)"
13,Michigan,42.2813889,-83.70264300000001,False,False,677.0,"(187, 204, 199)"
14,Michigan,42.2648802,-83.6541587,False,False,677.0,"(187, 204, 199)"
15,Michigan,,,False,False,677.0,"(187, 204, 199)"
16,Michigan,44.84782939999999,-84.2878159,False,False,677.0,"(187, 204, 199)"
17,Michigan,,,False,False,677.0,"(187, 204, 199)"
18,Michigan,42.2979251,-85.1780687,False,False,677.0,"(187, 204, 199)"
19,Michigan,42.3062055,-85.17774469999999,False,False,677.0,"(187, 204, 199)"
20,Michigan,43.5579516,-83.98600359999999,False,False,677.0,"(187, 204, 199)"
21,Michigan,43.6258078,-83.8741012,False,False,677.0,"(187, 204, 199)"
22,Michigan,43.616625,-83.8945444,False,False,677.0,"(187, 204, 199)"
23,Michigan,44.980443,-85.209954,False,False,677.0,"(187, 204, 199)"
24,Michigan,42.303109,-83.233109,False,False,677.0,"(187, 204, 199)"
25,Michigan,42.303109,-83.233109,False,False,677.0,"(187, 204, 199)"
26,Michigan,42.2879006,-83.2683124,True,False,677.0,"(187, 204, 199)"
27,Michigan,43.09784639999999,-85.2268185,False,False,677.0,"(187, 204, 199)"
28,Michigan,45.66820509999999,-94.819713,False,False,677.0,"(187, 204, 199)"
29,Michigan,42.2167069,-83.522807,False,False,677.0,"(187, 204, 199)"
30,Michigan,42.2414323,-83.47570929999999,True,False,677.0,"(187, 204, 199)"
31,Michigan,42.2373832,-83.4298354,True,False,677.0,"(187, 204, 199)"
32,Michigan,42.9232364,-82.88573939999999,False,False,677.0,"(187, 204, 199)"
33,Michigan,43.6964729,-85.4815053,False,False,677.0,"(187, 204, 199)"
34,Michigan,44.2451965,-85.3960578,False,False,677.0,"(187, 204, 199)"
35,Michigan,43.6901794,-85.4856063,False,False,677.0,"(187, 204, 199)"
36,Michigan,42.541766,-83.205793,True,False,677.0,"(187, 204, 199)"
37,Michigan,42.5778303,-83.2342207,True,False,677.0,"(187, 204, 199)"
38,Michigan,42.5778303,-83.2342207,True,False,677.0,"(187, 204, 199)"
39,Michigan,42.885003,-86.013767,False,False,677.0,"(187, 204, 199)"
40,Michigan,43.4146517,-84.47591539999999,False,False,677.0,"(187, 204, 199)"
41,Michigan,43.3553067,-83.8698136,True,False,677.0,"(187, 204, 199)"
42,Michigan,42.516651,-83.063823,True,False,677.0,"(187, 204, 199)"
43,Michigan,42.5191232,-83.6954277,True,False,677.0,"(187, 204, 199)"
44,Michigan,46.484246,-84.6321703,False,False,677.0,"(187, 204, 199)"
45,Michigan,42.105874,-84.2482819,False,False,677.0,"(187, 204, 199)"
46,Michigan,42.1663269,-83.220996,True,False,677.0,"(187, 204, 199)"
47,Michigan,42.131493,-83.269511,True,False,677.0,"(187, 204, 199)"
48,Michigan,42.177167,-83.2619069,True,False,677.0,"(187, 204, 199)"
49,Michigan,,,False,False,677.0,"(187, 204, 199)"
50,Michigan,,,False,False,677.0,"(187, 204, 199)"
51,Michigan,47.24782339999999,-88.45344229999999,False,False,677.0,"(187, 204, 199)"
52,Michigan,42.2853235,-83.52522599999999,True,False,677.0,"(187, 204, 199)"
53,Michigan,42.2853235,-83.52522599999999,True,False,677.0,"(187, 204, 199)"
54,Michigan,42.3218667,-83.4895295,True,False,677.0,"(187, 204, 199)"
55,Michigan,42.3428997,-83.5177329,True,False,677.0,"(187, 204, 199)"
56,Michigan,43.5727986,-83.1334217,False,False,677.0,"(187, 204, 199)"
57,Michigan,45.0720901,-85.264923,False,False,677.0,"(187, 204, 199)"
58,Michigan,45.3192451,-85.25928429999999,False,False,677.0,"(187, 204, 199)"
59,Michigan,42.56126099999999,-84.8354913,True,False,677.0,"(187, 204, 199)"
60,Michigan,42.5556987,-84.85648599999999,True,False,677.0,"(187, 204, 199)"
61,Michigan,,,False,False,677.0,"(187, 204, 199)"
62,Michigan,45.552789,-84.7839364,False,False,677.0,"(187, 204, 199)"
63,Michigan,,,False,False,677.0,"(187, 204, 199)"
64,Michigan,42.3182386,-84.0096366,True,False,677.0,"(187, 204, 199)"
65,Michigan,42.3104227,-84.0165056,True,False,677.0,"(187, 204, 199)"
66,Michigan,,,False,False,677.0,"(187, 204, 199)"
67,Michigan,,,False,False,677.0,"(187, 204, 199)"
68,Michigan,42.7150605,-83.3426114,True,False,677.0,"(187, 204, 199)"
69,Michigan,42.660509,-83.43415,True,False,677.0,"(187, 204, 199)"
70,Michigan,42.7229641,-83.426161,True,False,677.0,"(187, 204, 199)"
71,Michigan,42.5975415,-82.97202519999999,True,False,677.0,"(187, 204, 199)"
72,Michigan,42.5811627,-82.9564118,True,False,677.0,"(187, 204, 199)"
73,Michigan,42.5764741,-82.9707913,True,False,677.0,"(187, 204, 199)"
74,Michigan,43.001143,-84.55915209999999,True,False,677.0,"(187, 204, 199)"
75,Michigan,43.001143,-84.55915209999999,True,False,677.0,"(187, 204, 199)"
76,Michigan,42.57925609999999,-82.91593259999999,True,False,677.0,"(187, 204, 199)"
77,Michigan,43.0362674,-82.56376,False,False,677.0,"(187, 204, 199)"
78,Michigan,39.4536423,-76.671167,False,False,677.0,"(187, 204, 199)"
79,Michigan,,,False,False,677.0,"(187, 204, 199)"
80,Michigan,42.3062055,-85.17774469999999,False,False,677.0,"(187, 204, 199)"
81,Michigan,43.437111,-85.66338909999999,False,False,677.0,"(187, 204, 199)"
82,Michigan,42.5770046,-83.24118059999999,True,False,677.0,"(187, 204, 199)"
83,Michigan,,,False,False,677.0,"(187, 204, 199)"
84,Michigan,42.5293347,-84.3172743,True,False,677.0,"(187, 204, 199)"
85,Michigan,43.031357,-83.516398,True,False,677.0,"(187, 204, 199)"
86,Michigan,42.3186735,-83.28307509999999,True,False,677.0,"(187, 204, 199)"
87,Michigan,42.3171511,-83.2780925,True,False,677.0,"(187, 204, 199)"
88,Michigan,42.30534859999999,-83.2639806,True,False,677.0,"(187, 204, 199)"
89,Michigan,42.3053156,-83.2246496,False,False,677.0,"(187, 204, 199)"
90,Michigan,42.3053156,-83.2246496,False,False,677.0,"(187, 204, 199)"
91,Michigan,42.3140335,-83.2324072,False,False,677.0,"(187, 204, 199)"
92,Michigan,42.2912778,-83.249648,True,False,677.0,"(187, 204, 199)"
93,Michigan,42.3204642,-83.2170915,False,False,677.0,"(187, 204, 199)"
94,Michigan,42.298213,-83.2726327,True,False,677.0,"(187, 204, 199)"
95,Michigan,42.3064362,-83.2008523,False,False,677.0,"(187, 204, 199)"
96,Michigan,42.3367661,-83.297266,True,False,677.0,"(187, 204, 199)"
97,Michigan,42.3220925,-83.2932414,True,False,677.0,"(187, 204, 199)"
98,Michigan,42.3220925,-83.2932414,True,False,677.0,"(187, 204, 199)"
99,Michigan,42.3371456,-83.2853311,True,False,677.0,"(187, 204, 199)"
100,Michigan,42.2726796,-83.2546347,True,False,677.0,"(187, 204, 199)"
101,Michigan,42.3422737,-83.2941007,True,False,677.0,"(187, 204, 199)"
102,Michigan,42.3412156,-83.2829189,True,False,677.0,"(187, 204, 199)"
103,Michigan,,,False,False,677.0,"(187, 204, 199)"
104,Michigan,42.3442795,-83.1261256,False,False,677.0,"(187, 204, 199)"
105,Michigan,42.3618853,-83.05254099999999,True,False,677.0,"(187, 204, 199)"
106,Michigan,42.35975200000001,-83.06718099999999,True,False,677.0,"(187, 204, 199)"
107,Michigan,42.3594199,-83.06457639999999,True,False,677.0,"(187, 204, 199)"
108,Michigan,42.3415452,-83.0601885,True,False,677.0,"(187, 204, 199)"
109,Michigan,42.3800828,-83.0463127,True,False,677.0,"(187, 204, 199)"
110,Michigan,42.3673317,-83.08518980000001,True,False,677.0,"(187, 204, 199)"
111,Michigan,42.3673317,-83.08518980000001,True,False,677.0,"(187, 204, 199)"
112,Michigan,42.3456959,-83.0088451,True,False,677.0,"(187, 204, 199)"
113,Michigan,42.3459369,-83.20475429999999,False,False,677.0,"(187, 204, 199)"
114,Michigan,42.3489084,-83.0593353,True,False,677.0,"(187, 204, 199)"
115,Michigan,42.32954609999999,-83.1263216,False,False,677.0,"(187, 204, 199)"
116,Michigan,42.3323565,-83.0415482,True,False,677.0,"(187, 204, 199)"
117,Michigan,42.414062,-83.1379029,True,False,677.0,"(187, 204, 199)"
118,Michigan,42.3528108,-83.062176,True,False,677.0,"(187, 204, 199)"
119,Michigan,,,False,False,677.0,"(187, 204, 199)"
120,Michigan,41.9835636,-86.1107004,False,False,677.0,"(187, 204, 199)"
121,Michigan,41.9822735,-86.1092599,False,False,677.0,"(187, 204, 199)"
122,Michigan,42.9239416,-83.1437021,False,False,677.0,"(187, 204, 199)"
123,Michigan,42.882983,-85.744067,False,False,677.0,"(187, 204, 199)"
124,Michigan,47.4589082,-88.15851730000001,False,False,677.0,"(187, 204, 199)"
125,Michigan,42.7287519,-84.4768477,False,False,677.0,"(187, 204, 199)"
126,Michigan,42.701848,-84.4821719,False,False,677.0,"(187, 204, 199)"
127,Michigan,42.701848,-84.4821719,False,False,677.0,"(187, 204, 199)"
128,Michigan,42.701848,-84.4821719,False,False,677.0,"(187, 204, 199)"
129,Michigan,42.701848,-84.4821719,False,False,677.0,"(187, 204, 199)"
130,Michigan,42.701848,-84.4821719,False,False,677.0,"(187, 204, 199)"
131,Michigan,42.701848,-84.4821719,False,False,677.0,"(187, 204, 199)"
132,Michigan,42.701848,-84.4821719,False,False,677.0,"(187, 204, 199)"
133,Michigan,42.701848,-84.4821719,False,False,677.0,"(187, 204, 199)"
134,Michigan,42.2081814,-85.2178058,False,False,677.0,"(187, 204, 199)"
135,Michigan,42.463516,-82.961991,True,False,677.0,"(187, 204, 199)"
136,Michigan,42.4641163,-82.9567569,True,False,677.0,"(187, 204, 199)"
137,Michigan,41.9944999,-86.2227997,False,False,677.0,"(187, 204, 199)"
138,Michigan,,,False,False,677.0,"(187, 204, 199)"
139,Michigan,43.9013849,-85.24054869999999,False,False,677.0,"(187, 204, 199)"
140,Michigan,42.9804248,-85.3267242,False,False,677.0,"(187, 204, 199)"
141,Michigan,42.5182053,-83.3785425,True,False,677.0,"(187, 204, 199)"
142,Michigan,,,False,False,677.0,"(187, 204, 199)"
143,Michigan,42.7988392,-83.7046994,True,False,677.0,"(187, 204, 199)"
144,Michigan,42.559848,-86.07409469999999,False,False,677.0,"(187, 204, 199)"
145,Michigan,42.597059,-86.0738106,False,False,677.0,"(187, 204, 199)"
146,Michigan,42.452461,-83.1307222,True,False,677.0,"(187, 204, 199)"
147,Michigan,,,False,False,677.0,"(187, 204, 199)"
148,Michigan,42.098206,-83.25031890000001,True,False,677.0,"(187, 204, 199)"
149,Michigan,43.0153877,-83.6887886,False,False,677.0,"(187, 204, 199)"
150,Michigan,43.012403,-83.693569,False,False,677.0,"(187, 204, 199)"
151,Michigan,43.0157937,-83.6540035,True,False,677.0,"(187, 204, 199)"
152,Michigan,43.0150225,-83.6894057,False,False,677.0,"(187, 204, 199)"
153,Michigan,43.1788641,-88.1180162,False,False,677.0,"(187, 204, 199)"
154,Michigan,43.5035633,-82.5694563,True,False,677.0,"(187, 204, 199)"
155,Michigan,43.4998679,-82.5684048,True,False,677.0,"(187, 204, 199)"
156,Michigan,43.4984489,-82.5683672,True,False,677.0,"(187, 204, 199)"
157,Michigan,43.6723607,-82.72920649999999,False,False,677.0,"(187, 204, 199)"
158,Michigan,43.3238676,-83.7395964,True,False,677.0,"(187, 204, 199)"
159,Michigan,42.526523,-82.940281,True,False,677.0,"(187, 204, 199)"
160,Michigan,43.5181975,-84.11535099999999,True,False,677.0,"(187, 204, 199)"
161,Michigan,43.504852,-84.109633,True,False,677.0,"(187, 204, 199)"
162,Michigan,,,False,False,677.0,"(187, 204, 199)"
163,Michigan,43.470088,-85.97647099999999,False,False,677.0,"(187, 204, 199)"
164,Michigan,42.3344518,-83.32982799999999,True,False,677.0,"(187, 204, 199)"
165,Michigan,42.3344518,-83.32982799999999,True,False,677.0,"(187, 204, 199)"
166,Michigan,42.3344518,-83.32982799999999,True,False,677.0,"(187, 204, 199)"
167,Michigan,42.332212,-83.314599,True,False,677.0,"(187, 204, 199)"
168,Michigan,42.312688,-83.348889,True,False,677.0,"(187, 204, 199)"
169,Michigan,42.3177843,-83.3202104,True,False,677.0,"(187, 204, 199)"
170,Michigan,42.9275277,-83.6299518,True,False,677.0,"(187, 204, 199)"
171,Michigan,45.8416449,-87.05011119999999,False,False,677.0,"(187, 204, 199)"
172,Michigan,42.9206458,-83.506616,True,False,677.0,"(187, 204, 199)"
173,Michigan,42.9205822,-83.63065429999999,True,False,677.0,"(187, 204, 199)"
174,Michigan,42.944472,-83.63911929999999,True,False,677.0,"(187, 204, 199)"
175,Michigan,43.029384,-86.215927,False,False,677.0,"(187, 204, 199)"
176,Michigan,,,False,False,677.0,"(187, 204, 199)"
177,Michigan,43.0515358,-86.2372972,False,False,677.0,"(187, 204, 199)"
178,Michigan,42.749665,-84.74839229999999,False,False,677.0,"(187, 204, 199)"
179,Michigan,42.9662104,-85.671432,False,False,677.0,"(187, 204, 199)"
180,Michigan,42.966833,-85.6731045,False,False,677.0,"(187, 204, 199)"
181,Michigan,42.96032779999999,-85.6285917,False,False,677.0,"(187, 204, 199)"
182,Michigan,42.9470019,-85.6884286,False,False,677.0,"(187, 204, 199)"
183,Michigan,42.9809156,-85.5948623,False,False,677.0,"(187, 204, 199)"
184,Michigan,42.9809156,-85.5948623,False,False,677.0,"(187, 204, 199)"
185,Michigan,42.9642492,-85.6677979,False,False,677.0,"(187, 204, 199)"
186,Michigan,43.0165405,-85.6602716,False,False,677.0,"(187, 204, 199)"
187,Michigan,42.9741734,-85.6445633,False,False,677.0,"(187, 204, 199)"
188,Michigan,42.9257517,-85.6273537,False,False,677.0,"(187, 204, 199)"
189,Michigan,42.9490465,-85.6285066,False,False,677.0,"(187, 204, 199)"
190,Michigan,42.9150873,-85.58765609999999,False,False,677.0,"(187, 204, 199)"
191,Michigan,42.9123467,-85.5126927,False,False,677.0,"(187, 204, 199)"
192,Michigan,42.9965143,-85.71027869999999,False,False,677.0,"(187, 204, 199)"
193,Michigan,44.6088545,-85.6958083,False,False,677.0,"(187, 204, 199)"
194,Michigan,42.904303,-85.75164199999999,False,False,677.0,"(187, 204, 199)"
195,Michigan,43.3376505,-85.801897,False,False,677.0,"(187, 204, 199)"
196,Michigan,44.7497134,-84.66777259999999,False,False,677.0,"(187, 204, 199)"
197,Michigan,44.5731364,-84.6351845,False,False,677.0,"(187, 204, 199)"
198,Michigan,,,False,False,677.0,"(187, 204, 199)"
199,Michigan,34.67665849999999,-82.8223847,False,False,677.0,"(187, 204, 199)"
200,Michigan,43.1771189,-85.2387967,False,False,677.0,"(187, 204, 199)"
201,Michigan,,,False,False,677.0,"(187, 204, 199)"
202,Michigan,42.0902321,-83.1697982,True,False,677.0,"(187, 204, 199)"
203,Michigan,42.1647606,-83.1484706,True,False,677.0,"(187, 204, 199)"
204,Michigan,42.4538245,-82.8737597,False,False,677.0,"(187, 204, 199)"
205,Michigan,42.4367922,-82.8891958,False,False,677.0,"(187, 204, 199)"
206,Michigan,45.9213487,-85.9121605,False,False,677.0,"(187, 204, 199)"
207,Michigan,42.7355726,-87.7825203,False,False,677.0,"(187, 204, 199)"
208,Michigan,47.1265521,-88.5891047,False,False,677.0,"(187, 204, 199)"
209,Michigan,44.0272665,-84.8080571,False,False,677.0,"(187, 204, 199)"
210,Michigan,42.1977006,-86.1681818,False,False,677.0,"(187, 204, 199)"
211,Michigan,42.6291544,-83.7085022,False,False,677.0,"(187, 204, 199)"
212,Michigan,42.6435743,-85.29072579999999,False,False,677.0,"(187, 204, 199)"
213,Michigan,,,False,False,677.0,"(187, 204, 199)"
214,Michigan,44.0176644,-84.7987629,False,False,677.0,"(187, 204, 199)"
215,Michigan,44.7127172,-83.2726825,True,False,677.0,"(187, 204, 199)"
216,Michigan,42.6584109,-83.7548297,True,False,677.0,"(187, 204, 199)"
217,Michigan,42.616978,-85.21163709999999,False,False,677.0,"(187, 204, 199)"
218,Michigan,42.17038489999999,-83.9703462,False,False,677.0,"(187, 204, 199)"
219,Michigan,42.7314938,-86.16500239999999,False,False,677.0,"(187, 204, 199)"
220,Michigan,42.7907892,-83.6266686,True,False,677.0,"(187, 204, 199)"
221,Michigan,42.6416724,-84.5739603,True,False,677.0,"(187, 204, 199)"
222,Michigan,42.6349398,-84.52212229999999,True,False,677.0,"(187, 204, 199)"
223,Michigan,42.6414148,-84.5131703,True,False,677.0,"(187, 204, 199)"
224,Michigan,44.2988715,-84.65071999999999,False,False,677.0,"(187, 204, 199)"
225,Michigan,42.6110431,-83.9573224,True,False,677.0,"(187, 204, 199)"
226,Michigan,,,False,False,677.0,"(187, 204, 199)"
227,Michigan,42.2939689,-83.3058286,True,False,677.0,"(187, 204, 199)"
228,Michigan,44.63123299999999,-85.769263,False,False,677.0,"(187, 204, 199)"
229,Michigan,,,False,False,677.0,"(187, 204, 199)"
230,Michigan,42.9871077,-85.0202602,False,False,677.0,"(187, 204, 199)"
231,Michigan,46.1308488,-88.6631876,False,False,677.0,"(187, 204, 199)"
232,Michigan,42.2586637,-84.34089580000001,False,False,677.0,"(187, 204, 199)"
233,Michigan,42.24801739999999,-84.40610939999999,False,False,677.0,"(187, 204, 199)"
234,Michigan,42.2375,-84.411047,False,False,677.0,"(187, 204, 199)"
235,Michigan,42.2002519,-84.39181049999999,False,False,677.0,"(187, 204, 199)"
236,Michigan,42.1597064,-84.28919739999999,False,False,677.0,"(187, 204, 199)"
237,Michigan,42.2855143,-85.5804185,False,False,677.0,"(187, 204, 199)"
238,Michigan,42.307689,-85.56124299999999,False,False,677.0,"(187, 204, 199)"
239,Michigan,42.2774003,-85.6282605,False,False,677.0,"(187, 204, 199)"
240,Michigan,42.2790387,-85.60431820000001,False,False,677.0,"(187, 204, 199)"
241,Michigan,,,False,False,677.0,"(187, 204, 199)"
242,Michigan,42.6081232,-83.34488759999999,True,False,677.0,"(187, 204, 199)"
243,Michigan,42.8767383,-85.6651356,False,False,677.0,"(187, 204, 199)"
244,Michigan,43.0581685,-85.5141019,False,False,677.0,"(187, 204, 199)"
245,Michigan,43.1200272,-85.5600316,False,False,677.0,"(187, 204, 199)"
246,Michigan,46.4980839,-88.8173882,False,False,677.0,"(187, 204, 199)"
247,Michigan,,,False,False,677.0,"(187, 204, 199)"
248,Michigan,44.9298878,-85.36624239999999,False,False,677.0,"(187, 204, 199)"
249,Michigan,45.8463043,-88.0917838,False,False,677.0,"(187, 204, 199)"
250,Michigan,45.8463043,-88.0917838,False,False,677.0,"(187, 204, 199)"
251,Michigan,42.75223159999999,-83.23920280000002,True,False,677.0,"(187, 204, 199)"
252,Michigan,41.75810800000001,-83.62601099999999,False,False,677.0,"(187, 204, 199)"
253,Michigan,43.0195709,-83.37995769999999,True,False,677.0,"(187, 204, 199)"
254,Michigan,42.7336193,-84.55539189999999,False,False,677.0,"(187, 204, 199)"
255,Michigan,42.2350392,-83.1615501,True,False,677.0,"(187, 204, 199)"
256,Michigan,43.9372364,-84.8690475,False,False,677.0,"(187, 204, 199)"
257,Michigan,42.3970209,-83.373699,True,False,677.0,"(187, 204, 199)"
258,Michigan,,,False,False,677.0,"(187, 204, 199)"
259,Michigan,,,False,False,677.0,"(187, 204, 199)"
260,Michigan,42.36624,-83.37369,True,False,677.0,"(187, 204, 199)"
261,Michigan,42.3557663,-83.34537519999999,True,False,677.0,"(187, 204, 199)"
262,Michigan,42.41347400000001,-83.36282059999999,True,False,677.0,"(187, 204, 199)"
263,Michigan,,,False,False,677.0,"(187, 204, 199)"
264,Michigan,46.3549984,-85.50955859999999,False,False,677.0,"(187, 204, 199)"
265,Michigan,,,False,False,677.0,"(187, 204, 199)"
266,Michigan,,,False,False,677.0,"(187, 204, 199)"
267,Michigan,45.8683129,-84.6275658,False,False,677.0,"(187, 204, 199)"
268,Michigan,45.8510096,-84.61233829999999,False,False,677.0,"(187, 204, 199)"
269,Michigan,45.7487574,-84.4162484,False,False,677.0,"(187, 204, 199)"
270,Michigan,45.8520988,-84.61739779999999,False,False,677.0,"(187, 204, 199)"
271,Michigan,45.851135,-84.626205,False,False,677.0,"(187, 204, 199)"
272,Michigan,45.817377,-84.72776549999999,False,False,677.0,"(187, 204, 199)"
273,Michigan,45.8509853,-84.6167072,False,False,677.0,"(187, 204, 199)"
274,Michigan,45.851374,-84.605211,False,False,677.0,"(187, 204, 199)"
275,Michigan,45.851374,-84.605211,False,False,677.0,"(187, 204, 199)"
276,Michigan,45.8587269,-84.620735,False,False,677.0,"(187, 204, 199)"
277,Michigan,45.8582146,-84.6127267,False,False,677.0,"(187, 204, 199)"
278,Michigan,45.8492622,-84.6179923,False,False,677.0,"(187, 204, 199)"
279,Michigan,45.85236889999999,-84.6042377,False,False,677.0,"(187, 204, 199)"
280,Michigan,45.8683129,-84.6275658,False,False,677.0,"(187, 204, 199)"
281,Michigan,42.521548,-83.11239499999999,True,False,677.0,"(187, 204, 199)"
282,Michigan,42.4880996,-83.10105349999999,True,False,677.0,"(187, 204, 199)"
283,Michigan,,,False,False,677.0,"(187, 204, 199)"
284,Michigan,44.245691,-86.323636,False,False,677.0,"(187, 204, 199)"
285,Michigan,,,False,False,677.0,"(187, 204, 199)"
286,Michigan,42.3454506,-82.9277984,True,False,677.0,"(187, 204, 199)"
287,Michigan,42.7146215,-82.49271159999999,False,False,677.0,"(187, 204, 199)"
288,Michigan,42.0762436,-85.8967468,False,False,677.0,"(187, 204, 199)"
289,Michigan,46.841653,-87.679969,False,False,677.0,"(187, 204, 199)"
290,Michigan,46.53997560000001,-87.40418489999999,False,False,677.0,"(187, 204, 199)"
291,Michigan,46.5447206,-87.3920529,False,False,677.0,"(187, 204, 199)"
292,Michigan,46.55960320000001,-87.4044868,False,False,677.0,"(187, 204, 199)"
293,Michigan,46.55960320000001,-87.4044868,False,False,677.0,"(187, 204, 199)"
294,Michigan,46.55960320000001,-87.4044868,False,False,677.0,"(187, 204, 199)"
295,Michigan,46.55960320000001,-87.4044868,False,False,677.0,"(187, 204, 199)"
296,Michigan,46.55960320000001,-87.4044868,False,False,677.0,"(187, 204, 199)"
297,Michigan,46.53997560000001,-87.40418489999999,False,False,677.0,"(187, 204, 199)"
298,Michigan,46.5447206,-87.3920529,False,False,677.0,"(187, 204, 199)"
299,Michigan,,,False,False,677.0,"(187, 204, 199)"
300,Michigan,,,False,False,677.0,"(187, 204, 199)"
301,Michigan,42.8795638,-82.7687596,False,False,677.0,"(187, 204, 199)"
302,Michigan,42.915599,-83.2824897,False,False,677.0,"(187, 204, 199)"
303,Michigan,42.941807,-83.288821,False,False,677.0,"(187, 204, 199)"
304,Michigan,42.2237071,-84.3386076,False,False,677.0,"(187, 204, 199)"
305,Michigan,42.6752607,-85.4815854,False,False,677.0,"(187, 204, 199)"
306,Michigan,43.6578807,-84.2478002,True,False,677.0,"(187, 204, 199)"
307,Michigan,43.6568712,-84.23322859999999,True,False,677.0,"(187, 204, 199)"
308,Michigan,43.62581580000001,-84.25684869999999,True,False,677.0,"(187, 204, 199)"
309,Michigan,,,False,False,677.0,"(187, 204, 199)"
310,Michigan,,,False,False,677.0,"(187, 204, 199)"
311,Michigan,,,False,False,677.0,"(187, 204, 199)"
312,Michigan,42.0785187,-83.70284749999999,False,False,677.0,"(187, 204, 199)"
313,Michigan,42.0841868,-83.62685549999999,False,False,677.0,"(187, 204, 199)"
314,Michigan,43.2800192,-83.5296099,False,False,677.0,"(187, 204, 199)"
315,Michigan,43.28051929999999,-83.5296403,False,False,677.0,"(187, 204, 199)"
316,Michigan,43.2185681,-83.4915575,True,False,677.0,"(187, 204, 199)"
317,Michigan,,,False,False,677.0,"(187, 204, 199)"
318,Michigan,43.3848517,-86.4232388,False,False,677.0,"(187, 204, 199)"
319,Michigan,42.5851851,-82.86566049999999,True,False,677.0,"(187, 204, 199)"
320,Michigan,42.5987361,-82.8820073,True,False,677.0,"(187, 204, 199)"
321,Michigan,43.1110513,-83.6948994,True,False,677.0,"(187, 204, 199)"
322,Michigan,43.5819086,-84.7756364,True,False,677.0,"(187, 204, 199)"
323,Michigan,43.5819086,-84.7756364,True,False,677.0,"(187, 204, 199)"
324,Michigan,43.5819086,-84.7756364,True,False,677.0,"(187, 204, 199)"
325,Michigan,43.5819086,-84.7756364,True,False,677.0,"(187, 204, 199)"
326,Michigan,43.5819086,-84.7756364,True,False,677.0,"(187, 204, 199)"
327,Michigan,43.599784,-84.78974459999999,False,False,677.0,"(187, 204, 199)"
328,Michigan,43.612163,-84.748628,False,False,677.0,"(187, 204, 199)"
329,Michigan,43.23364360000001,-86.2567244,False,False,677.0,"(187, 204, 199)"
330,Michigan,43.26768,-86.25206999999999,False,False,677.0,"(187, 204, 199)"
331,Michigan,43.23389299999999,-86.251505,False,False,677.0,"(187, 204, 199)"
332,Michigan,43.2218223,-86.2503016,False,False,677.0,"(187, 204, 199)"
333,Michigan,42.605779,-85.0937057,False,False,677.0,"(187, 204, 199)"
334,Michigan,,,False,False,677.0,"(187, 204, 199)"
335,Michigan,42.683873,-82.734149,False,False,677.0,"(187, 204, 199)"
336,Michigan,46.3501262,-85.52466199999999,False,False,677.0,"(187, 204, 199)"
337,Michigan,43.0552178,-83.9680102,True,False,677.0,"(187, 204, 199)"
338,Michigan,,,False,False,677.0,"(187, 204, 199)"
339,Michigan,41.849098,-86.3022178,False,False,677.0,"(187, 204, 199)"
340,Michigan,41.8454187,-86.24851609999999,False,False,677.0,"(187, 204, 199)"
341,Michigan,41.8243461,-86.24265380000001,False,False,677.0,"(187, 204, 199)"
342,Michigan,43.0527281,-82.5767839,False,False,677.0,"(187, 204, 199)"
343,Michigan,,,False,False,677.0,"(187, 204, 199)"
344,Michigan,42.4313825,-83.4821918,True,False,677.0,"(187, 204, 199)"
345,Michigan,42.4503482,-83.47172540000001,True,False,677.0,"(187, 204, 199)"
346,Michigan,42.4530123,-83.4715322,True,False,677.0,"(187, 204, 199)"
347,Michigan,42.463106,-83.492317,True,False,677.0,"(187, 204, 199)"
348,Michigan,43.0769649,-86.0915024,False,False,677.0,"(187, 204, 199)"
349,Michigan,43.0769649,-86.0915024,False,False,677.0,"(187, 204, 199)"
350,Michigan,42.7978061,-83.7049498,True,False,677.0,"(187, 204, 199)"
351,Michigan,42.82472930000001,-83.26522539999999,True,False,677.0,"(187, 204, 199)"
352,Michigan,42.6389216,-83.29104679999999,True,False,677.0,"(187, 204, 199)"
353,Michigan,42.5247555,-83.5363268,True,False,677.0,"(187, 204, 199)"
354,Michigan,42.4894801,-83.1446485,True,False,677.0,"(187, 204, 199)"
355,Michigan,43.77488959999999,-85.50471329999999,False,False,677.0,"(187, 204, 199)"
356,Michigan,42.4431108,-84.9248939,True,False,677.0,"(187, 204, 199)"
357,Michigan,42.4431108,-84.9248939,True,False,677.0,"(187, 204, 199)"
358,Michigan,42.4431108,-84.9248939,True,False,677.0,"(187, 204, 199)"
359,Michigan,44.063631,-83.91332400000002,True,False,677.0,"(187, 204, 199)"
360,Michigan,42.8513511,-83.43589519999999,True,False,677.0,"(187, 204, 199)"
361,Michigan,,,False,False,677.0,"(187, 204, 199)"
362,Michigan,42.4121951,-85.7009567,False,False,677.0,"(187, 204, 199)"
363,Michigan,42.984407,-84.1722016,True,False,677.0,"(187, 204, 199)"
364,Michigan,43.0852216,-84.168604,False,False,677.0,"(187, 204, 199)"
365,Michigan,,,False,False,677.0,"(187, 204, 199)"
366,Michigan,,,False,False,677.0,"(187, 204, 199)"
367,Michigan,42.824335,-83.264921,True,False,677.0,"(187, 204, 199)"
368,Michigan,46.34918529999999,-89.1786764,False,False,677.0,"(187, 204, 199)"
369,Michigan,46.3809283,-89.2284689,False,False,677.0,"(187, 204, 199)"
370,Michigan,,,False,False,677.0,"(187, 204, 199)"
371,Michigan,45.3737018,-84.954486,False,False,677.0,"(187, 204, 199)"
372,Michigan,45.3761898,-84.95415469999999,False,False,677.0,"(187, 204, 199)"
373,Michigan,45.3747964,-84.9586838,False,False,677.0,"(187, 204, 199)"
374,Michigan,42.4515494,-83.8693637,True,False,677.0,"(187, 204, 199)"
375,Michigan,42.4089598,-83.93179649999999,True,False,677.0,"(187, 204, 199)"
376,Michigan,43.1818649,-83.7181636,True,False,677.0,"(187, 204, 199)"
377,Michigan,41.8858433,-84.4196757,False,False,677.0,"(187, 204, 199)"
378,Michigan,42.4415903,-85.6238934,False,False,677.0,"(187, 204, 199)"
379,Michigan,42.50444,-85.517707,False,False,677.0,"(187, 204, 199)"
380,Michigan,42.4694105,-85.6418609,False,False,677.0,"(187, 204, 199)"
381,Michigan,42.358295,-83.4656576,True,False,677.0,"(187, 204, 199)"
382,Michigan,42.36240069999999,-83.4619377,True,False,677.0,"(187, 204, 199)"
383,Michigan,42.35897200000001,-83.4802651,True,False,677.0,"(187, 204, 199)"
384,Michigan,42.3925423,-83.4883967,True,False,677.0,"(187, 204, 199)"
385,Michigan,,,False,False,677.0,"(187, 204, 199)"
386,Michigan,,,False,False,677.0,"(187, 204, 199)"
387,Michigan,42.6192354,-83.279726,True,False,677.0,"(187, 204, 199)"
388,Michigan,42.3882638,-83.49619919999999,True,False,677.0,"(187, 204, 199)"
389,Michigan,43.0166609,-82.43889449999999,False,False,677.0,"(187, 204, 199)"
390,Michigan,42.9790149,-82.4257528,False,False,677.0,"(187, 204, 199)"
391,Michigan,,,False,False,677.0,"(187, 204, 199)"
392,Michigan,,,False,False,677.0,"(187, 204, 199)"
393,Michigan,,,False,False,677.0,"(187, 204, 199)"
394,Michigan,45.3420245,-83.4782328,False,False,677.0,"(187, 204, 199)"
395,Michigan,42.4283544,-83.3058942,True,False,677.0,"(187, 204, 199)"
396,Michigan,42.37457000000001,-83.288804,False,False,677.0,"(187, 204, 199)"
397,Michigan,42.4351367,-83.2961667,False,False,677.0,"(187, 204, 199)"
398,Michigan,43.8754929,-85.5101383,False,False,677.0,"(187, 204, 199)"
399,Michigan,42.3690344,-85.38738800000002,False,False,677.0,"(187, 204, 199)"
400,Michigan,,,False,False,677.0,"(187, 204, 199)"
401,Michigan,42.1843391,-83.19810129999999,True,False,677.0,"(187, 204, 199)"
402,Michigan,42.1698759,-83.2125219,True,False,677.0,"(187, 204, 199)"
403,Michigan,45.7226452,-84.6081804,False,False,677.0,"(187, 204, 199)"
404,Michigan,42.66884830000001,-83.20664149999999,True,False,677.0,"(187, 204, 199)"
405,Michigan,42.6941997,-83.1330286,True,False,677.0,"(187, 204, 199)"
406,Michigan,42.6416871,-83.12742159999999,True,False,677.0,"(187, 204, 199)"
407,Michigan,,,False,False,677.0,"(187, 204, 199)"
408,Michigan,,,False,False,677.0,"(187, 204, 199)"
409,Michigan,43.1324992,-85.5553249,False,False,677.0,"(187, 204, 199)"
410,Michigan,43.0747964,-85.4652751,False,False,677.0,"(187, 204, 199)"
411,Michigan,,,False,False,677.0,"(187, 204, 199)"
412,Michigan,43.1204364,-85.56181579999999,False,False,677.0,"(187, 204, 199)"
413,Michigan,,,False,False,677.0,"(187, 204, 199)"
414,Michigan,,,False,False,677.0,"(187, 204, 199)"
415,Michigan,42.265742,-83.321396,True,False,677.0,"(187, 204, 199)"
416,Michigan,42.2661991,-83.3864236,True,False,677.0,"(187, 204, 199)"
417,Michigan,42.2438559,-83.3892901,True,False,677.0,"(187, 204, 199)"
418,Michigan,44.5731364,-84.6351845,False,False,677.0,"(187, 204, 199)"
419,Michigan,42.5320379,-83.0296898,True,False,677.0,"(187, 204, 199)"
420,Michigan,,,False,False,677.0,"(187, 204, 199)"
421,Michigan,42.5226816,-82.9558729,True,False,677.0,"(187, 204, 199)"
422,Michigan,42.4936441,-82.9606615,True,False,677.0,"(187, 204, 199)"
423,Michigan,42.4922611,-82.9485247,True,False,677.0,"(187, 204, 199)"
424,Michigan,42.508125,-82.92582399999999,True,False,677.0,"(187, 204, 199)"
425,Michigan,42.526778,-82.902181,True,False,677.0,"(187, 204, 199)"
426,Michigan,43.4656246,-84.2246476,False,False,677.0,"(187, 204, 199)"
427,Michigan,43.46497189999999,-84.2338489,False,False,677.0,"(187, 204, 199)"
428,Michigan,43.4163816,-83.9638155,True,False,677.0,"(187, 204, 199)"
429,Michigan,,,False,False,677.0,"(187, 204, 199)"
430,Michigan,,,False,False,677.0,"(187, 204, 199)"
431,Michigan,44.7387118,-85.64717739999999,False,False,677.0,"(187, 204, 199)"
432,Michigan,42.6970535,-86.1940284,False,False,677.0,"(187, 204, 199)"
433,Michigan,,,False,False,677.0,"(187, 204, 199)"
434,Michigan,46.5041886,-84.33892759999999,False,False,677.0,"(187, 204, 199)"
435,Michigan,42.1413569,-85.6662836,False,False,677.0,"(187, 204, 199)"
436,Michigan,43.6953174,-83.4615209,True,False,677.0,"(187, 204, 199)"
437,Michigan,42.627356,-83.0706015,True,False,677.0,"(187, 204, 199)"
438,Michigan,46.67778,-85.03361000000001,False,False,677.0,"(187, 204, 199)"
439,Michigan,43.5240988,-84.6968007,True,False,677.0,"(187, 204, 199)"
440,Michigan,43.5217654,-84.69053989999999,True,False,677.0,"(187, 204, 199)"
441,Michigan,,,False,False,677.0,"(187, 204, 199)"
442,Michigan,43.2531581,-85.1001673,False,False,677.0,"(187, 204, 199)"
443,Michigan,,,False,False,677.0,"(187, 204, 199)"
444,Michigan,42.0622329,-83.2716983,True,False,677.0,"(187, 204, 199)"
445,Michigan,42.189834,-83.212549,True,False,677.0,"(187, 204, 199)"
446,Michigan,42.189834,-83.212549,True,False,677.0,"(187, 204, 199)"
447,Michigan,42.189834,-83.212549,True,False,677.0,"(187, 204, 199)"
448,Michigan,43.1480836,-85.7135603,False,False,677.0,"(187, 204, 199)"
449,Michigan,42.7194778,-82.492132,False,False,677.0,"(187, 204, 199)"
450,Michigan,42.8546844,-82.48739309999999,False,False,677.0,"(187, 204, 199)"
451,Michigan,42.458645,-82.8807186,False,False,677.0,"(187, 204, 199)"
452,Michigan,42.5027449,-82.9122995,True,False,677.0,"(187, 204, 199)"
453,Michigan,42.4528767,-82.90301029999999,False,False,677.0,"(187, 204, 199)"
454,Michigan,42.9225563,-82.95577399999999,False,False,677.0,"(187, 204, 199)"
455,Michigan,42.5847845,-83.027157,True,False,677.0,"(187, 204, 199)"
456,Michigan,42.6022293,-82.99369569999999,True,False,677.0,"(187, 204, 199)"
457,Michigan,42.039343,-86.522302,False,False,677.0,"(187, 204, 199)"
458,Michigan,44.2068233,-86.24387349999999,False,False,677.0,"(187, 204, 199)"
459,Michigan,42.197511,-83.2547422,True,False,677.0,"(187, 204, 199)"
460,Michigan,,,False,False,677.0,"(187, 204, 199)"
461,Michigan,42.240872,-83.2696509,True,False,677.0,"(187, 204, 199)"
462,Michigan,42.0039331,-83.9449417,False,False,677.0,"(187, 204, 199)"
463,Michigan,44.9097303,-84.51829699999999,False,False,677.0,"(187, 204, 199)"
464,Michigan,44.88618150000001,-85.5285305,False,False,677.0,"(187, 204, 199)"
465,Michigan,44.7599318,-85.6268094,False,False,677.0,"(187, 204, 199)"
466,Michigan,44.653019,-85.6718995,False,False,677.0,"(187, 204, 199)"
467,Michigan,44.7006921,-85.664459,False,False,677.0,"(187, 204, 199)"
468,Michigan,44.6525599,-85.6169872,False,False,677.0,"(187, 204, 199)"
469,Michigan,44.759237,-85.6212858,False,False,677.0,"(187, 204, 199)"
470,Michigan,44.655635,-85.67650139999999,False,False,677.0,"(187, 204, 199)"
471,Michigan,44.75636129999999,-85.64321439999999,False,False,677.0,"(187, 204, 199)"
472,Michigan,44.75636129999999,-85.64321439999999,False,False,677.0,"(187, 204, 199)"
473,Michigan,44.75636129999999,-85.64321439999999,False,False,677.0,"(187, 204, 199)"
474,Michigan,,,False,False,677.0,"(187, 204, 199)"
475,Michigan,42.5819665,-83.11195029999999,True,False,677.0,"(187, 204, 199)"
476,Michigan,42.6067135,-83.220207,True,False,677.0,"(187, 204, 199)"
477,Michigan,42.6027214,-83.13017119999999,True,False,677.0,"(187, 204, 199)"
478,Michigan,,,False,False,677.0,"(187, 204, 199)"
479,Michigan,42.6201893,-83.4303358,True,False,677.0,"(187, 204, 199)"
480,Michigan,42.8257633,-82.96223189999999,False,False,677.0,"(187, 204, 199)"
481,Michigan,42.62933659999999,-83.03630539999999,True,False,677.0,"(187, 204, 199)"
482,Michigan,42.6285582,-83.01771219999999,True,False,677.0,"(187, 204, 199)"
483,Michigan,42.4562411,-86.22387409999999,False,False,677.0,"(187, 204, 199)"
484,Michigan,,,False,False,677.0,"(187, 204, 199)"
485,Michigan,42.2002519,-84.39181049999999,False,False,677.0,"(187, 204, 199)"
486,Michigan,43.3734243,-83.59369459999999,True,False,677.0,"(187, 204, 199)"
487,Michigan,42.9391971,-84.02940819999999,True,False,677.0,"(187, 204, 199)"
488,Michigan,44.9703287,-84.3704987,False,False,677.0,"(187, 204, 199)"
489,Michigan,42.17038489999999,-83.9703462,False,False,677.0,"(187, 204, 199)"
490,Michigan,42.1001793,-83.39260569999999,False,False,677.0,"(187, 204, 199)"
491,Michigan,42.528051,-83.004324,True,False,677.0,"(187, 204, 199)"
492,Michigan,42.464164,-83.06289450000001,True,False,677.0,"(187, 204, 199)"
493,Michigan,42.464164,-83.06289450000001,True,False,677.0,"(187, 204, 199)"
494,Michigan,42.523806,-83.07491600000002,True,False,677.0,"(187, 204, 199)"
495,Michigan,42.4674066,-83.01792619999999,True,False,677.0,"(187, 204, 199)"
496,Michigan,44.9591381,-89.6301273,False,False,677.0,"(187, 204, 199)"
497,Michigan,42.5293794,-82.9774671,True,False,677.0,"(187, 204, 199)"
498,Michigan,42.4622019,-83.0204085,True,False,677.0,"(187, 204, 199)"
499,Michigan,42.499587,-82.97609659999999,True,False,677.0,"(187, 204, 199)"
500,Michigan,42.454257,-83.0165255,True,False,677.0,"(187, 204, 199)"
501,Michigan,46.34918529999999,-89.1786764,False,False,677.0,"(187, 204, 199)"
502,Michigan,42.2047619,-83.4852133,False,False,677.0,"(187, 204, 199)"
503,Michigan,42.28376799999999,-83.3909523,True,False,677.0,"(187, 204, 199)"
504,Michigan,42.288167,-83.368721,True,False,677.0,"(187, 204, 199)"
505,Michigan,42.0633837,-86.06883479999999,False,False,677.0,"(187, 204, 199)"
506,Michigan,42.28289700000001,-83.3866291,True,False,677.0,"(187, 204, 199)"
507,Michigan,42.282963,-83.36221599999999,True,False,677.0,"(187, 204, 199)"
508,Michigan,42.27596,-83.3515369,True,False,677.0,"(187, 204, 199)"
509,Michigan,42.287245,-83.37539199999999,True,False,677.0,"(187, 204, 199)"
510,Michigan,42.5947371,-83.3431322,True,False,677.0,"(187, 204, 199)"
511,Michigan,42.5975751,-83.35704869999999,True,False,677.0,"(187, 204, 199)"
512,Michigan,42.5998279,-83.3502072,True,False,677.0,"(187, 204, 199)"
513,Michigan,42.3026313,-83.37852,True,False,677.0,"(187, 204, 199)"
514,Michigan,42.3524646,-83.34286949999999,True,False,677.0,"(187, 204, 199)"
515,Michigan,42.2816372,-83.3391789,True,False,677.0,"(187, 204, 199)"
516,Michigan,42.3161303,-83.3963223,True,False,677.0,"(187, 204, 199)"
517,Michigan,42.3436747,-83.3720488,True,False,677.0,"(187, 204, 199)"
518,Michigan,42.3487847,-83.37016779999999,True,False,677.0,"(187, 204, 199)"
519,Michigan,,,False,False,677.0,"(187, 204, 199)"
520,Michigan,42.3316763,-83.3865296,True,False,677.0,"(187, 204, 199)"
521,Michigan,42.3408422,-83.3893686,True,False,677.0,"(187, 204, 199)"
522,Michigan,42.270212,-83.340879,True,False,677.0,"(187, 204, 199)"
523,Michigan,,,False,False,677.0,"(187, 204, 199)"
524,Michigan,42.158141,-83.557165,False,False,677.0,"(187, 204, 199)"
525,Michigan,,,False,False,677.0,"(187, 204, 199)"
526,Michigan,42.2755924,-83.60304280000001,True,False,677.0,"(187, 204, 199)"
527,Michigan,42.2749105,-83.6230681,False,False,677.0,"(187, 204, 199)"
528,Michigan,42.2446089,-83.6141899,False,False,677.0,"(187, 204, 199)"
529,Pennsylvania,40.4964672,-77.4758231,True,False,135.0,"(216, 202, 195)"
530,Pennsylvania,40.4964672,-77.4758231,True,False,135.0,"(216, 202, 195)"
531,Pennsylvania,40.04078,-75.50712840000001,False,False,135.0,"(216, 202, 195)"
532,Pennsylvania,40.654233,-79.8389411,True,False,135.0,"(216, 202, 195)"
533,Pennsylvania,40.61083989999999,-80.01741919999999,False,False,135.0,"(216, 202, 195)"
534,Pennsylvania,40.5862612,-75.5191992,False,False,135.0,"(216, 202, 195)"
535,Pennsylvania,40.5862612,-75.5191992,False,False,135.0,"(216, 202, 195)"
536,Pennsylvania,40.5992641,-75.4402085,False,False,135.0,"(216, 202, 195)"
537,Pennsylvania,40.5927677,-75.4658719,False,False,135.0,"(216, 202, 195)"
538,Pennsylvania,40.5994559,-75.48182760000002,False,False,135.0,"(216, 202, 195)"
539,Pennsylvania,40.5994559,-75.48182760000002,False,False,135.0,"(216, 202, 195)"
540,Pennsylvania,40.5802803,-75.52147219999999,False,False,135.0,"(216, 202, 195)"
541,Pennsylvania,40.5802803,-75.52147219999999,False,False,135.0,"(216, 202, 195)"
542,Pennsylvania,38.6451442,-78.0319914,False,False,135.0,"(216, 202, 195)"
543,Pennsylvania,40.6084215,-75.4450331,False,False,135.0,"(216, 202, 195)"
544,Pennsylvania,41.1274922,-76.9219384,False,False,135.0,"(216, 202, 195)"
545,Pennsylvania,40.4901078,-78.4085885,False,False,135.0,"(216, 202, 195)"
546,Pennsylvania,40.471383,-78.395828,False,False,135.0,"(216, 202, 195)"
547,Pennsylvania,40.5972867,-78.27316540000001,False,False,135.0,"(216, 202, 195)"
548,Pennsylvania,,,False,False,135.0,"(216, 202, 195)"
549,Pennsylvania,40.588713,-80.22713879999999,True,False,135.0,"(216, 202, 195)"
550,Pennsylvania,40.72965610000001,-73.9988836,False,False,135.0,"(216, 202, 195)"
551,Pennsylvania,40.1031368,-79.72650349999999,True,False,135.0,"(216, 202, 195)"
552,Pennsylvania,,,False,False,135.0,"(216, 202, 195)"
553,Pennsylvania,40.5082218,-74.2681725,False,False,135.0,"(216, 202, 195)"
554,Pennsylvania,40.6953437,-80.30478459999999,False,False,135.0,"(216, 202, 195)"
555,Pennsylvania,,,False,False,135.0,"(216, 202, 195)"
556,Pennsylvania,,,False,False,135.0,"(216, 202, 195)"
557,Pennsylvania,39.996444,-78.50763599999999,False,False,135.0,"(216, 202, 195)"
558,Pennsylvania,40.042382,-78.560671,False,False,135.0,"(216, 202, 195)"
559,Pennsylvania,40.042382,-78.560671,False,False,135.0,"(216, 202, 195)"
560,Pennsylvania,41.0750579,-77.5907479,True,False,135.0,"(216, 202, 195)"
561,Pennsylvania,41.2561714,-79.740606,False,False,135.0,"(216, 202, 195)"
562,Pennsylvania,40.0641807,-74.9533453,False,False,135.0,"(216, 202, 195)"
563,Pennsylvania,40.1394005,-74.96305,False,False,135.0,"(216, 202, 195)"
564,Pennsylvania,40.1355078,-74.9622073,False,False,135.0,"(216, 202, 195)"
565,Pennsylvania,40.1233592,-80.0201354,False,False,135.0,"(216, 202, 195)"
566,Pennsylvania,40.3356483,-75.9268747,False,False,135.0,"(216, 202, 195)"
567,Pennsylvania,40.5139064,-76.1155421,False,False,135.0,"(216, 202, 195)"
568,Pennsylvania,40.6069087,-75.37828320000001,False,False,135.0,"(216, 202, 195)"
569,Pennsylvania,40.6308814,-75.3812135,False,False,135.0,"(216, 202, 195)"
570,Pennsylvania,40.6308814,-75.3812135,False,False,135.0,"(216, 202, 195)"
571,Pennsylvania,40.6308814,-75.3812135,False,False,135.0,"(216, 202, 195)"
572,Pennsylvania,40.6308814,-75.3812135,False,False,135.0,"(216, 202, 195)"
573,Pennsylvania,40.6308814,-75.3812135,False,False,135.0,"(216, 202, 195)"
574,Pennsylvania,40.6308814,-75.3812135,False,False,135.0,"(216, 202, 195)"
575,Pennsylvania,40.6219107,-75.381683,False,False,135.0,"(216, 202, 195)"
576,Pennsylvania,40.24780550000001,-75.720902,False,False,135.0,"(216, 202, 195)"
577,Pennsylvania,41.0081119,-76.4472749,False,False,135.0,"(216, 202, 195)"
578,Pennsylvania,41.0081119,-76.4472749,False,False,135.0,"(216, 202, 195)"
579,Pennsylvania,41.00813369999999,-76.4626205,False,False,135.0,"(216, 202, 195)"
580,Pennsylvania,41.0252089,-76.42701,False,False,135.0,"(216, 202, 195)"
581,Pennsylvania,40.1518209,-75.2647712,False,False,135.0,"(216, 202, 195)"
582,Pennsylvania,40.7445259,-75.7383728,False,False,135.0,"(216, 202, 195)"
583,Pennsylvania,40.1485184,-77.1264044,False,False,135.0,"(216, 202, 195)"
584,Pennsylvania,40.159175,-79.029399,True,False,135.0,"(216, 202, 195)"
585,Pennsylvania,40.3969679,-79.8639055,False,False,135.0,"(216, 202, 195)"
586,Pennsylvania,41.65281090000001,-76.62803629999999,False,False,135.0,"(216, 202, 195)"
587,Pennsylvania,40.15313769999999,-76.8397449,False,False,135.0,"(216, 202, 195)"
588,Pennsylvania,40.097926,-74.849724,False,False,135.0,"(216, 202, 195)"
589,Pennsylvania,40.0946019,-74.8561256,False,False,135.0,"(216, 202, 195)"
590,Pennsylvania,40.0977648,-74.85435629999999,False,False,135.0,"(216, 202, 195)"
591,Pennsylvania,40.2018265,-78.1411682,False,False,135.0,"(216, 202, 195)"
592,Pennsylvania,40.0281065,-75.3152341,False,False,135.0,"(216, 202, 195)"
593,Pennsylvania,40.2390553,-74.96714899999999,False,False,135.0,"(216, 202, 195)"
594,Pennsylvania,40.2635705,-75.052739,False,False,135.0,"(216, 202, 195)"
595,Pennsylvania,40.2067884,-75.099807,False,False,135.0,"(216, 202, 195)"
596,Pennsylvania,40.3457905,-75.08868149999999,False,False,135.0,"(216, 202, 195)"
597,Pennsylvania,40.3449012,-75.060953,False,False,135.0,"(216, 202, 195)"
598,Pennsylvania,41.0693845,-75.0436548,False,False,135.0,"(216, 202, 195)"
599,Pennsylvania,40.7797394,-79.7791668,True,False,135.0,"(216, 202, 195)"
600,Pennsylvania,40.9522482,-80.1701361,False,False,135.0,"(216, 202, 195)"
601,Pennsylvania,40.9422565,-80.097413,False,False,135.0,"(216, 202, 195)"
602,Pennsylvania,40.9422565,-80.097413,False,False,135.0,"(216, 202, 195)"
603,Pennsylvania,40.8414526,-79.82807609999999,True,False,135.0,"(216, 202, 195)"
604,Pennsylvania,41.805687,-80.05375099999999,False,False,135.0,"(216, 202, 195)"
605,Pennsylvania,40.23841789999999,-76.925919,False,False,135.0,"(216, 202, 195)"
606,Pennsylvania,40.248876,-76.9219488,False,False,135.0,"(216, 202, 195)"
607,Pennsylvania,,,False,False,135.0,"(216, 202, 195)"
608,Pennsylvania,40.2601714,-80.1814997,True,False,135.0,"(216, 202, 195)"
609,Pennsylvania,41.6580848,-76.6962207,False,False,135.0,"(216, 202, 195)"
610,Pennsylvania,40.8775327,-75.78172529999999,False,False,135.0,"(216, 202, 195)"
611,Pennsylvania,40.2034861,-77.16306689999999,False,False,135.0,"(216, 202, 195)"
612,Pennsylvania,40.2034861,-77.16306689999999,False,False,135.0,"(216, 202, 195)"
613,Pennsylvania,40.2034861,-77.16306689999999,False,False,135.0,"(216, 202, 195)"
614,Pennsylvania,40.2034861,-77.16306689999999,False,False,135.0,"(216, 202, 195)"
615,Pennsylvania,40.2034861,-77.16306689999999,False,False,135.0,"(216, 202, 195)"
616,Pennsylvania,40.2034861,-77.16306689999999,False,False,135.0,"(216, 202, 195)"
617,Pennsylvania,40.2034861,-77.16306689999999,False,False,135.0,"(216, 202, 195)"
618,Pennsylvania,40.2034861,-77.16306689999999,False,False,135.0,"(216, 202, 195)"
619,Pennsylvania,40.2022372,-77.1910987,False,False,135.0,"(216, 202, 195)"
620,Pennsylvania,40.1330055,-77.25531749999999,False,False,135.0,"(216, 202, 195)"
621,Pennsylvania,,,False,False,135.0,"(216, 202, 195)"
622,Pennsylvania,40.3016082,-80.09800369999999,False,False,135.0,"(216, 202, 195)"
623,Pennsylvania,40.8283435,-77.62522899999999,False,False,135.0,"(216, 202, 195)"
624,Pennsylvania,,,False,False,135.0,"(216, 202, 195)"
625,Pennsylvania,39.8633562,-75.35667529999999,False,False,135.0,"(216, 202, 195)"
626,Pennsylvania,40.9926903,-78.4824871,False,False,135.0,"(216, 202, 195)"
627,Pennsylvania,41.6484675,-75.5990446,False,False,135.0,"(216, 202, 195)"
628,Pennsylvania,40.0306963,-75.8412444,False,False,135.0,"(216, 202, 195)"
629,Pennsylvania,,,False,False,135.0,"(216, 202, 195)"
630,Pennsylvania,41.632934,-80.314221,False,False,135.0,"(216, 202, 195)"
631,Pennsylvania,41.632934,-80.314221,False,False,135.0,"(216, 202, 195)"
632,Pennsylvania,41.9975889,-79.5589391,False,False,135.0,"(216, 202, 195)"
633,Pennsylvania,,,False,False,135.0,"(216, 202, 195)"
634,Pennsylvania,41.68740400000001,-76.974572,False,False,135.0,"(216, 202, 195)"
635,Pennsylvania,40.6608427,-80.11817060000001,True,False,135.0,"(216, 202, 195)"
636,Pennsylvania,,,False,False,135.0,"(216, 202, 195)"
637,Pennsylvania,40.6724524,-80.08918400000002,True,False,135.0,"(216, 202, 195)"
638,Pennsylvania,40.5690714,-80.23344,True,False,135.0,"(216, 202, 195)"
639,Pennsylvania,40.4563236,-78.55156749999999,False,False,135.0,"(216, 202, 195)"
640,Pennsylvania,40.1731433,-77.3985963,False,False,135.0,"(216, 202, 195)"
641,Pennsylvania,40.0506453,-77.5202647,False,False,135.0,"(216, 202, 195)"
642,Pennsylvania,40.967416,-78.51803,False,False,135.0,"(216, 202, 195)"
643,Pennsylvania,,,False,False,135.0,"(216, 202, 195)"
644,Pennsylvania,39.9167783,-75.387693,False,False,135.0,"(216, 202, 195)"
645,Pennsylvania,39.9167783,-75.387693,False,False,135.0,"(216, 202, 195)"
646,Pennsylvania,39.9167783,-75.387693,False,False,135.0,"(216, 202, 195)"
647,Pennsylvania,39.9470567,-75.2921301,False,False,135.0,"(216, 202, 195)"
648,Pennsylvania,,,False,False,135.0,"(216, 202, 195)"
649,Pennsylvania,40.24780550000001,-75.720902,False,False,135.0,"(216, 202, 195)"
650,Pennsylvania,40.3229618,-75.7547094,False,False,135.0,"(216, 202, 195)"
651,Pennsylvania,,,False,False,135.0,"(216, 202, 195)"
652,Pennsylvania,40.2982282,-75.15994289999999,False,False,135.0,"(216, 202, 195)"
653,Pennsylvania,40.3211015,-75.1230125,False,False,135.0,"(216, 202, 195)"
654,Pennsylvania,40.2673616,-75.1336675,False,False,135.0,"(216, 202, 195)"
655,Pennsylvania,39.9533093,-75.2814674,False,False,135.0,"(216, 202, 195)"
656,Pennsylvania,39.9434674,-75.2978754,False,False,135.0,"(216, 202, 195)"
657,Pennsylvania,,,False,False,135.0,"(216, 202, 195)"
658,Pennsylvania,41.11492000000001,-78.775151,False,False,135.0,"(216, 202, 195)"
659,Pennsylvania,41.0839662,-78.68885279999999,True,False,135.0,"(216, 202, 195)"
660,Pennsylvania,40.477386,-76.99394699999999,False,False,135.0,"(216, 202, 195)"
661,Pennsylvania,41.3958928,-75.5950424,False,False,135.0,"(216, 202, 195)"
662,Pennsylvania,41.5762011,-76.43987109999999,False,False,135.0,"(216, 202, 195)"
663,Pennsylvania,40.9905108,-79.6331223,True,False,135.0,"(216, 202, 195)"
664,Pennsylvania,40.9990347,-75.1811171,False,False,135.0,"(216, 202, 195)"
665,Pennsylvania,40.9970909,-75.172533,False,False,135.0,"(216, 202, 195)"
666,Pennsylvania,40.6921216,-75.21364419999999,False,False,135.0,"(216, 202, 195)"
667,Pennsylvania,40.677881,-75.2492269,False,False,135.0,"(216, 202, 195)"
668,Pennsylvania,40.691282,-75.212426,False,False,135.0,"(216, 202, 195)"
669,Pennsylvania,40.9886719,-75.8440666,False,False,135.0,"(216, 202, 195)"
670,Pennsylvania,41.8701128,-80.127636,False,False,135.0,"(216, 202, 195)"
671,Pennsylvania,41.88221799999999,-80.1153485,False,False,135.0,"(216, 202, 195)"
672,Pennsylvania,41.87105589999999,-80.11677379999999,False,False,135.0,"(216, 202, 195)"
673,Pennsylvania,41.8696517,-80.127636,False,False,135.0,"(216, 202, 195)"
674,Pennsylvania,41.1360368,-76.9591384,False,False,135.0,"(216, 202, 195)"
675,Pennsylvania,,,False,False,135.0,"(216, 202, 195)"
676,Pennsylvania,40.2760019,-79.8374649,False,False,135.0,"(216, 202, 195)"
677,Pennsylvania,40.2700478,-79.8377276,False,False,135.0,"(216, 202, 195)"
678,Pennsylvania,40.1861789,-76.502472,False,False,135.0,"(216, 202, 195)"
679,Pennsylvania,,,False,False,135.0,"(216, 202, 195)"
680,Pennsylvania,40.3836204,-77.299775,False,False,135.0,"(216, 202, 195)"
681,Pennsylvania,40.2853949,-78.8178576,False,False,135.0,"(216, 202, 195)"
682,Pennsylvania,40.2060432,-75.7735313,False,False,135.0,"(216, 202, 195)"
683,Pennsylvania,40.9528086,-76.5979325,False,False,135.0,"(216, 202, 195)"
684,Pennsylvania,40.303078,-76.935181,False,False,135.0,"(216, 202, 195)"
685,Pennsylvania,40.1752666,-76.17253219999999,False,False,135.0,"(216, 202, 195)"
686,Pennsylvania,,,False,False,135.0,"(216, 202, 195)"
687,Pennsylvania,42.1107591,-80.0856189,False,False,135.0,"(216, 202, 195)"
688,Pennsylvania,42.1282445,-80.0865882,False,False,135.0,"(216, 202, 195)"
689,Pennsylvania,42.10507030000001,-80.05365929999999,False,False,135.0,"(216, 202, 195)"
690,Pennsylvania,42.07273000000001,-80.14941619999999,False,False,135.0,"(216, 202, 195)"
691,Pennsylvania,42.119308,-79.98371399999999,False,False,135.0,"(216, 202, 195)"
692,Pennsylvania,42.1242629,-80.0871962,False,False,135.0,"(216, 202, 195)"
693,Pennsylvania,42.126801,-80.0935823,False,False,135.0,"(216, 202, 195)"
694,Pennsylvania,,,False,False,135.0,"(216, 202, 195)"
695,Pennsylvania,39.8315597,-79.60002589999999,False,False,135.0,"(216, 202, 195)"
696,Pennsylvania,39.812516,-79.5912457,False,False,135.0,"(216, 202, 195)"
697,Pennsylvania,,,False,False,135.0,"(216, 202, 195)"
698,Pennsylvania,39.72463339999999,-76.45197499999999,False,False,135.0,"(216, 202, 195)"
699,Pennsylvania,39.873277,-77.542525,False,False,135.0,"(216, 202, 195)"
700,Pennsylvania,40.103766,-75.21292799999999,False,False,135.0,"(216, 202, 195)"
701,Pennsylvania,,,False,False,135.0,"(216, 202, 195)"
702,Pennsylvania,,,False,False,135.0,"(216, 202, 195)"
703,Pennsylvania,40.7834662,-76.23465039999999,False,False,135.0,"(216, 202, 195)"
704,Pennsylvania,40.32755299999999,-75.376622,False,False,135.0,"(216, 202, 195)"
705,Pennsylvania,40.6821,-80.2506154,True,False,135.0,"(216, 202, 195)"
706,Pennsylvania,41.7315616,-77.6478188,False,False,135.0,"(216, 202, 195)"
707,Pennsylvania,,,False,False,135.0,"(216, 202, 195)"
708,Pennsylvania,39.8847576,-77.3603565,False,False,135.0,"(216, 202, 195)"
709,Pennsylvania,39.8227598,-77.2311382,False,False,135.0,"(216, 202, 195)"
710,Pennsylvania,39.8195956,-77.23476649999999,False,False,135.0,"(216, 202, 195)"
711,Pennsylvania,39.7939108,-77.2633159,False,False,135.0,"(216, 202, 195)"
712,Pennsylvania,39.8492347,-77.2338378,False,False,135.0,"(216, 202, 195)"
713,Pennsylvania,39.825546,-77.2313332,False,False,135.0,"(216, 202, 195)"
714,Pennsylvania,39.8362073,-77.2375078,False,False,135.0,"(216, 202, 195)"
715,Pennsylvania,39.8362073,-77.2375078,False,False,135.0,"(216, 202, 195)"
716,Pennsylvania,39.8362073,-77.2375078,False,False,135.0,"(216, 202, 195)"
717,Pennsylvania,39.8362073,-77.2375078,False,False,135.0,"(216, 202, 195)"
718,Pennsylvania,39.8362073,-77.2375078,False,False,135.0,"(216, 202, 195)"
719,Pennsylvania,39.8362073,-77.2375078,False,False,135.0,"(216, 202, 195)"
720,Pennsylvania,39.8113676,-77.2259778,False,False,135.0,"(216, 202, 195)"
721,Pennsylvania,39.823306,-77.230648,False,False,135.0,"(216, 202, 195)"
722,Pennsylvania,39.8562486,-77.2449079,False,False,135.0,"(216, 202, 195)"
723,Pennsylvania,39.8278195,-77.24401770000001,False,False,135.0,"(216, 202, 195)"
724,Pennsylvania,39.8313,-77.23129999999999,False,False,135.0,"(216, 202, 195)"
725,Pennsylvania,,,False,False,135.0,"(216, 202, 195)"
726,Pennsylvania,39.7976294,-77.24081699999999,False,False,135.0,"(216, 202, 195)"
727,Pennsylvania,41.963403,-80.2647781,False,False,135.0,"(216, 202, 195)"
728,Pennsylvania,39.8901683,-75.50535599999999,False,False,135.0,"(216, 202, 195)"
729,Pennsylvania,40.099727,-75.724957,False,False,135.0,"(216, 202, 195)"
730,Pennsylvania,40.7408762,-76.3194757,False,False,135.0,"(216, 202, 195)"
731,Pennsylvania,40.55067,-77.6215926,True,False,135.0,"(216, 202, 195)"
732,Pennsylvania,39.8687935,-80.28335129999999,False,False,135.0,"(216, 202, 195)"
733,Pennsylvania,40.3026716,-79.5447136,False,False,135.0,"(216, 202, 195)"
734,Pennsylvania,40.3263691,-79.5406127,False,False,135.0,"(216, 202, 195)"
735,Pennsylvania,40.457253,-79.33218219999999,False,False,135.0,"(216, 202, 195)"
736,Pennsylvania,40.3113949,-79.5566817,False,False,135.0,"(216, 202, 195)"
737,Pennsylvania,40.3113949,-79.5566817,False,False,135.0,"(216, 202, 195)"
738,Pennsylvania,40.2892018,-79.77844830000001,False,False,135.0,"(216, 202, 195)"
739,Pennsylvania,41.411974,-80.383918,False,False,135.0,"(216, 202, 195)"
740,Pennsylvania,41.1558824,-80.07845019999999,False,False,135.0,"(216, 202, 195)"
741,Pennsylvania,41.1558824,-80.07845019999999,False,False,135.0,"(216, 202, 195)"
742,Pennsylvania,41.1528693,-80.0772199,False,False,135.0,"(216, 202, 195)"
743,Pennsylvania,40.2443585,-79.78773249999999,False,False,135.0,"(216, 202, 195)"
744,Pennsylvania,,,False,False,135.0,"(216, 202, 195)"
745,Pennsylvania,40.5426195,-79.8623973,True,False,135.0,"(216, 202, 195)"
746,Pennsylvania,40.5426195,-79.8623973,True,False,135.0,"(216, 202, 195)"
747,Pennsylvania,40.5426195,-79.8623973,True,False,135.0,"(216, 202, 195)"
748,Pennsylvania,40.8029682,-80.1266435,False,False,135.0,"(216, 202, 195)"
749,Pennsylvania,40.284633,-76.87999599999999,False,False,135.0,"(216, 202, 195)"
750,Pennsylvania,40.2787277,-76.8901928,False,False,135.0,"(216, 202, 195)"
751,Pennsylvania,40.3028817,-76.819464,False,False,135.0,"(216, 202, 195)"
752,Pennsylvania,40.3566847,-79.62354069999999,False,False,135.0,"(216, 202, 195)"
753,Pennsylvania,40.675093,-78.67103569999999,False,False,135.0,"(216, 202, 195)"
754,Pennsylvania,40.9545625,-75.9734644,False,False,135.0,"(216, 202, 195)"
755,Pennsylvania,,,False,False,135.0,"(216, 202, 195)"
756,Pennsylvania,40.9543585,-75.9712456,False,False,135.0,"(216, 202, 195)"
757,Pennsylvania,40.9590836,-75.9949109,False,False,135.0,"(216, 202, 195)"
758,Pennsylvania,,,False,False,135.0,"(216, 202, 195)"
759,Pennsylvania,40.9550087,-75.9735283,False,False,135.0,"(216, 202, 195)"
760,Pennsylvania,,,False,False,135.0,"(216, 202, 195)"
761,Pennsylvania,41.1946587,-80.43037489999999,False,False,135.0,"(216, 202, 195)"
762,Pennsylvania,40.2887809,-76.65474689999999,False,False,135.0,"(216, 202, 195)"
763,Pennsylvania,40.380347,-76.664459,False,False,135.0,"(216, 202, 195)"
764,Pennsylvania,40.2997767,-76.6598455,False,False,135.0,"(216, 202, 195)"
765,Pennsylvania,40.2089688,-78.9274952,True,False,135.0,"(216, 202, 195)"
766,Pennsylvania,40.2072783,-78.9618708,True,False,135.0,"(216, 202, 195)"
767,Pennsylvania,40.2176957,-75.1516676,False,False,135.0,"(216, 202, 195)"
768,Pennsylvania,40.0280292,-75.5715699,False,False,135.0,"(216, 202, 195)"
769,Pennsylvania,40.6068969,-80.378941,True,False,135.0,"(216, 202, 195)"
770,Pennsylvania,40.3942138,-74.364488,False,False,135.0,"(216, 202, 195)"
771,Pennsylvania,40.6283997,-79.05919920000001,False,False,135.0,"(216, 202, 195)"
772,Pennsylvania,40.6137192,-79.1614562,True,False,135.0,"(216, 202, 195)"
773,Pennsylvania,40.1314739,-76.5659816,False,False,135.0,"(216, 202, 195)"
774,Pennsylvania,40.305139,-78.916319,False,False,135.0,"(216, 202, 195)"
775,Pennsylvania,40.3167282,-78.9263098,False,False,135.0,"(216, 202, 195)"
776,Pennsylvania,,,False,False,135.0,"(216, 202, 195)"
777,Pennsylvania,40.3492754,-78.94686060000001,False,False,135.0,"(216, 202, 195)"
778,Pennsylvania,40.3175648,-78.91602929999999,False,False,135.0,"(216, 202, 195)"
779,Pennsylvania,40.3242777,-78.86474799999999,False,False,135.0,"(216, 202, 195)"
780,Pennsylvania,40.3176518,-78.91599090000001,False,False,135.0,"(216, 202, 195)"
781,Pennsylvania,40.3031728,-78.9097287,False,False,135.0,"(216, 202, 195)"
782,Pennsylvania,40.3246032,-78.92246879999999,False,False,135.0,"(216, 202, 195)"
783,Pennsylvania,40.3109388,-78.97756559999999,False,False,135.0,"(216, 202, 195)"
784,Pennsylvania,40.32674069999999,-78.9219698,False,False,135.0,"(216, 202, 195)"
785,Pennsylvania,40.2700748,-79.0030828,True,False,135.0,"(216, 202, 195)"
786,Pennsylvania,40.267516,-78.83568199999999,False,False,135.0,"(216, 202, 195)"
787,Pennsylvania,40.267516,-78.83568199999999,False,False,135.0,"(216, 202, 195)"
788,Pennsylvania,40.267516,-78.83568199999999,False,False,135.0,"(216, 202, 195)"
789,Pennsylvania,40.267516,-78.83568199999999,False,False,135.0,"(216, 202, 195)"
790,Pennsylvania,40.267516,-78.83568199999999,False,False,135.0,"(216, 202, 195)"
791,Pennsylvania,41.6579788,-78.81244989999999,False,False,135.0,"(216, 202, 195)"
792,Pennsylvania,41.6628255,-78.7991649,False,False,135.0,"(216, 202, 195)"
793,Pennsylvania,40.8959488,-75.9996736,False,False,135.0,"(216, 202, 195)"
794,Pennsylvania,41.3605368,-78.2487964,True,False,135.0,"(216, 202, 195)"
795,Pennsylvania,40.8228534,-80.34834529999999,False,False,135.0,"(216, 202, 195)"
796,Pennsylvania,40.5135495,-75.77641729999999,False,False,135.0,"(216, 202, 195)"
797,Pennsylvania,40.5100878,-75.7834225,False,False,135.0,"(216, 202, 195)"
798,Pennsylvania,41.5590236,-75.7774203,False,False,135.0,"(216, 202, 195)"
799,Pennsylvania,41.5590236,-75.7774203,False,False,135.0,"(216, 202, 195)"
800,Pennsylvania,41.5590236,-75.7774203,False,False,135.0,"(216, 202, 195)"
801,Pennsylvania,35.9250637,-86.8688899,False,False,135.0,"(216, 202, 195)"
802,Pennsylvania,40.03804900000001,-76.3079633,False,False,135.0,"(216, 202, 195)"
803,Pennsylvania,40.04045430000001,-76.2924592,False,False,135.0,"(216, 202, 195)"
804,Pennsylvania,39.8984591,-76.3244062,False,False,135.0,"(216, 202, 195)"
805,Pennsylvania,40.0828941,-76.24433760000001,False,False,135.0,"(216, 202, 195)"
806,Pennsylvania,40.0875236,-76.00197059999999,False,False,135.0,"(216, 202, 195)"
807,Pennsylvania,40.063973,-76.4345015,False,False,135.0,"(216, 202, 195)"
808,Pennsylvania,40.01988,-76.329016,False,False,135.0,"(216, 202, 195)"
809,Pennsylvania,39.9981933,-76.2834575,False,False,135.0,"(216, 202, 195)"
810,Pennsylvania,40.2774244,-76.4360171,False,False,135.0,"(216, 202, 195)"
811,Pennsylvania,40.2144245,-74.9049589,False,False,135.0,"(216, 202, 195)"
812,Pennsylvania,40.2059422,-74.89961,False,False,135.0,"(216, 202, 195)"
813,Pennsylvania,40.1749634,-74.9077225,False,False,135.0,"(216, 202, 195)"
814,Pennsylvania,40.2939582,-79.4012055,False,False,135.0,"(216, 202, 195)"
815,Pennsylvania,40.3378419,-76.4421356,False,False,135.0,"(216, 202, 195)"
816,Pennsylvania,40.4398111,-76.5982992,False,False,135.0,"(216, 202, 195)"
817,Pennsylvania,40.4398111,-76.5982992,False,False,135.0,"(216, 202, 195)"
818,Pennsylvania,,,False,False,135.0,"(216, 202, 195)"
819,Pennsylvania,40.6084305,-75.4901833,False,False,135.0,"(216, 202, 195)"
820,Pennsylvania,40.8292907,-75.71316,False,False,135.0,"(216, 202, 195)"
821,Pennsylvania,39.7823509,-75.15008499999999,False,False,135.0,"(216, 202, 195)"
822,Pennsylvania,,,False,False,135.0,"(216, 202, 195)"
823,Pennsylvania,40.6283112,-77.5847706,False,False,135.0,"(216, 202, 195)"
824,Pennsylvania,40.586457,-77.5601563,False,False,135.0,"(216, 202, 195)"
825,Pennsylvania,40.586457,-77.5601563,False,False,135.0,"(216, 202, 195)"
826,Pennsylvania,40.586457,-77.5601563,False,False,135.0,"(216, 202, 195)"
827,Pennsylvania,40.5917801,-77.57895669999999,False,False,135.0,"(216, 202, 195)"
828,Pennsylvania,,,False,False,135.0,"(216, 202, 195)"
829,Pennsylvania,40.2264659,-75.5832338,False,False,135.0,"(216, 202, 195)"
830,Pennsylvania,41.6563344,-80.4225732,False,False,135.0,"(216, 202, 195)"
831,Pennsylvania,39.825733,-75.421162,False,False,135.0,"(216, 202, 195)"
832,Pennsylvania,,,False,False,135.0,"(216, 202, 195)"
833,Pennsylvania,,,False,False,135.0,"(216, 202, 195)"
834,Pennsylvania,,,False,False,135.0,"(216, 202, 195)"
835,Pennsylvania,41.1423205,-77.4621475,True,False,135.0,"(216, 202, 195)"
836,Pennsylvania,41.1423205,-77.4621475,True,False,135.0,"(216, 202, 195)"
837,Pennsylvania,41.1327181,-77.4546596,True,False,135.0,"(216, 202, 195)"
838,Pennsylvania,40.590296,-79.735698,True,False,135.0,"(216, 202, 195)"
839,Pennsylvania,41.121584,-76.61935199999999,False,False,135.0,"(216, 202, 195)"
840,Pennsylvania,40.042757,-75.524514,False,False,135.0,"(216, 202, 195)"
841,Pennsylvania,40.1719933,-76.3927144,False,False,135.0,"(216, 202, 195)"
842,Pennsylvania,40.3551341,-79.67394070000002,False,False,135.0,"(216, 202, 195)"
843,Pennsylvania,40.3360006,-79.8905293,False,False,135.0,"(216, 202, 195)"
844,Pennsylvania,41.8047541,-77.07042799999999,False,False,135.0,"(216, 202, 195)"
845,Pennsylvania,41.8047541,-77.07042799999999,False,False,135.0,"(216, 202, 195)"
846,Pennsylvania,40.02116059999999,-80.093486,True,False,135.0,"(216, 202, 195)"
847,Pennsylvania,40.694696,-80.00843080000001,True,False,135.0,"(216, 202, 195)"
848,Pennsylvania,41.0693845,-75.0436548,False,False,135.0,"(216, 202, 195)"
849,Pennsylvania,39.84638460000001,-79.89939869999999,False,False,135.0,"(216, 202, 195)"
850,Pennsylvania,40.5912355,-80.01988639999999,False,False,135.0,"(216, 202, 195)"
851,Pennsylvania,,,False,False,135.0,"(216, 202, 195)"
852,Pennsylvania,40.3514348,-79.8496073,False,False,135.0,"(216, 202, 195)"
853,Pennsylvania,40.4992419,-77.7413818,False,False,135.0,"(216, 202, 195)"
854,Pennsylvania,41.6382432,-80.1521651,False,False,135.0,"(216, 202, 195)"
855,Pennsylvania,41.649349,-80.1449494,False,False,135.0,"(216, 202, 195)"
856,Pennsylvania,41.623978,-80.191324,False,False,135.0,"(216, 202, 195)"
857,Pennsylvania,44.2519318,-73.9715789,False,False,135.0,"(216, 202, 195)"
858,Pennsylvania,40.2143779,-77.0185786,False,False,135.0,"(216, 202, 195)"
859,Pennsylvania,,,False,False,135.0,"(216, 202, 195)"
860,Pennsylvania,39.924771,-75.41949249999999,False,False,135.0,"(216, 202, 195)"
861,Pennsylvania,41.174224,-80.453402,False,False,135.0,"(216, 202, 195)"
862,Pennsylvania,40.195658,-76.7306073,False,False,135.0,"(216, 202, 195)"
863,Pennsylvania,,,False,False,135.0,"(216, 202, 195)"
864,Pennsylvania,39.8837311,-75.4136024,False,False,135.0,"(216, 202, 195)"
865,Pennsylvania,40.1904114,-76.6906758,False,False,135.0,"(216, 202, 195)"
866,Pennsylvania,40.203167,-76.7354379,False,False,135.0,"(216, 202, 195)"
867,Pennsylvania,40.2042904,-76.744929,False,False,135.0,"(216, 202, 195)"
868,Pennsylvania,39.9172922,-75.4457954,False,False,135.0,"(216, 202, 195)"
869,Pennsylvania,41.360093,-74.803966,False,False,135.0,"(216, 202, 195)"
870,Pennsylvania,41.3239861,-74.80057710000001,False,False,135.0,"(216, 202, 195)"
871,Pennsylvania,39.9692317,-76.3580515,False,False,135.0,"(216, 202, 195)"
872,Pennsylvania,40.486731,-79.973503,False,False,135.0,"(216, 202, 195)"
873,Pennsylvania,40.4770174,-79.96960779999999,False,False,135.0,"(216, 202, 195)"
874,Pennsylvania,41.1360517,-76.5286374,False,False,135.0,"(216, 202, 195)"
875,Pennsylvania,41.1363441,-76.6215476,False,False,135.0,"(216, 202, 195)"
876,Pennsylvania,40.9876139,-76.8792332,False,False,135.0,"(216, 202, 195)"
877,Pennsylvania,41.0211812,-76.84397419999999,False,False,135.0,"(216, 202, 195)"
878,Pennsylvania,41.1890651,-75.2662484,False,False,135.0,"(216, 202, 195)"
879,Pennsylvania,40.9392584,-75.434907,False,False,135.0,"(216, 202, 195)"
880,Pennsylvania,40.3789829,-79.7777224,False,False,135.0,"(216, 202, 195)"
881,Pennsylvania,40.3789829,-79.7777224,False,False,135.0,"(216, 202, 195)"
882,Pennsylvania,40.3789829,-79.7777224,False,False,135.0,"(216, 202, 195)"
883,Pennsylvania,40.9601196,-76.81586399999999,False,False,135.0,"(216, 202, 195)"
884,Pennsylvania,40.0969929,-75.0736507,False,False,135.0,"(216, 202, 195)"
885,Pennsylvania,40.2453741,-75.6496302,False,False,135.0,"(216, 202, 195)"
886,Pennsylvania,40.1944656,-75.35287790000001,False,False,135.0,"(216, 202, 195)"
887,Pennsylvania,41.8321015,-75.8793981,False,False,135.0,"(216, 202, 195)"
888,Pennsylvania,40.1551479,-75.88946659999999,False,False,135.0,"(216, 202, 195)"
889,Pennsylvania,40.1480247,-79.5379614,False,False,135.0,"(216, 202, 195)"
890,Pennsylvania,41.1219371,-75.3724556,False,False,135.0,"(216, 202, 195)"
891,Pennsylvania,41.123352,-75.321912,False,False,135.0,"(216, 202, 195)"
892,Pennsylvania,40.3929657,-75.9254567,False,False,135.0,"(216, 202, 195)"
893,Pennsylvania,40.4127572,-79.87953019999999,False,False,135.0,"(216, 202, 195)"
894,Pennsylvania,,,False,False,135.0,"(216, 202, 195)"
895,Pennsylvania,40.627177,-79.73078699999999,True,False,135.0,"(216, 202, 195)"
896,Pennsylvania,40.37623,-79.793133,False,False,135.0,"(216, 202, 195)"
897,Pennsylvania,40.422547,-77.188988,False,False,135.0,"(216, 202, 195)"
898,Pennsylvania,40.9923034,-80.4099954,False,False,135.0,"(216, 202, 195)"
899,Pennsylvania,,,False,False,135.0,"(216, 202, 195)"
900,Pennsylvania,40.9952711,-80.4814372,False,False,135.0,"(216, 202, 195)"
901,Pennsylvania,40.9941408,-80.3773478,False,False,135.0,"(216, 202, 195)"
902,Pennsylvania,41.0036719,-80.34700900000001,False,False,135.0,"(216, 202, 195)"
903,Pennsylvania,40.38427,-74.963354,False,False,135.0,"(216, 202, 195)"
904,Pennsylvania,40.3634227,-74.9516505,False,False,135.0,"(216, 202, 195)"
905,Pennsylvania,,,False,False,135.0,"(216, 202, 195)"
906,Pennsylvania,,,False,False,135.0,"(216, 202, 195)"
907,Pennsylvania,,,False,False,135.0,"(216, 202, 195)"
908,Pennsylvania,40.3205834,-74.95642699999999,False,False,135.0,"(216, 202, 195)"
909,Pennsylvania,41.863785,-75.7253617,False,False,135.0,"(216, 202, 195)"
910,Pennsylvania,39.863672,-77.057958,False,False,135.0,"(216, 202, 195)"
911,Pennsylvania,41.119859,-80.332286,False,False,135.0,"(216, 202, 195)"
912,Pennsylvania,,,False,False,135.0,"(216, 202, 195)"
913,Pennsylvania,40.0728467,-79.782102,True,False,135.0,"(216, 202, 195)"
914,Pennsylvania,40.2122551,-74.9352384,False,False,135.0,"(216, 202, 195)"
915,Pennsylvania,39.9478987,-75.3863248,False,False,135.0,"(216, 202, 195)"
916,Pennsylvania,40.4884033,-75.19258219999999,False,False,135.0,"(216, 202, 195)"
917,Pennsylvania,40.1316166,-75.3442392,False,False,135.0,"(216, 202, 195)"
918,Pennsylvania,40.130892,-75.3893167,False,False,135.0,"(216, 202, 195)"
919,Pennsylvania,40.6356554,-75.1929533,False,False,135.0,"(216, 202, 195)"
920,Pennsylvania,40.4037789,-80.1694644,False,False,135.0,"(216, 202, 195)"
921,Pennsylvania,40.6620012,-80.4383454,False,False,135.0,"(216, 202, 195)"
922,Pennsylvania,41.5151473,-79.6804575,False,False,135.0,"(216, 202, 195)"
923,Pennsylvania,40.1601689,-79.2717974,False,False,135.0,"(216, 202, 195)"
924,Pennsylvania,40.7969454,-75.6322596,False,False,135.0,"(216, 202, 195)"
925,Pennsylvania,41.1245797,-75.30059969999999,False,False,135.0,"(216, 202, 195)"
926,Pennsylvania,,,False,False,135.0,"(216, 202, 195)"
927,Pennsylvania,40.6336845,-78.6288244,False,False,135.0,"(216, 202, 195)"
928,Pennsylvania,,,False,False,135.0,"(216, 202, 195)"
929,Pennsylvania,,,False,False,135.0,"(216, 202, 195)"
930,Pennsylvania,40.3160088,-77.1562971,False,False,135.0,"(216, 202, 195)"
931,Pennsylvania,40.0770484,-79.7803917,True,False,135.0,"(216, 202, 195)"
932,Pennsylvania,39.9854222,-75.09706179999999,False,False,135.0,"(216, 202, 195)"
933,Pennsylvania,40.06592,-75.19958,False,False,135.0,"(216, 202, 195)"
934,Pennsylvania,39.9778807,-75.1538819,False,False,135.0,"(216, 202, 195)"
935,Pennsylvania,40.0264575,-75.1021627,False,False,135.0,"(216, 202, 195)"
936,Pennsylvania,39.9683364,-75.17266479999999,False,False,135.0,"(216, 202, 195)"
937,Pennsylvania,40.1883697,-74.8346155,False,False,135.0,"(216, 202, 195)"
938,Pennsylvania,40.1883697,-74.8346155,False,False,135.0,"(216, 202, 195)"
939,Pennsylvania,39.8751747,-75.2131962,False,False,135.0,"(216, 202, 195)"
940,Pennsylvania,40.0264575,-75.1021627,False,False,135.0,"(216, 202, 195)"
941,Pennsylvania,40.0092302,-75.25352819999999,False,False,135.0,"(216, 202, 195)"
942,Pennsylvania,39.9511064,-75.1680976,False,False,135.0,"(216, 202, 195)"
943,Pennsylvania,40.0711,-75.0874949,False,False,135.0,"(216, 202, 195)"
944,Pennsylvania,40.08809000000001,-75.037697,False,False,135.0,"(216, 202, 195)"
945,Pennsylvania,39.9741973,-75.12983849999999,False,False,135.0,"(216, 202, 195)"
946,Pennsylvania,40.0471027,-75.01580779999999,False,False,135.0,"(216, 202, 195)"
947,Pennsylvania,39.927428,-75.16292899999999,False,False,135.0,"(216, 202, 195)"
948,Pennsylvania,40.011163,-75.090486,False,False,135.0,"(216, 202, 195)"
949,Pennsylvania,40.06482099999999,-74.95200299999999,False,False,135.0,"(216, 202, 195)"
950,Pennsylvania,39.948347,-75.15528139999999,False,False,135.0,"(216, 202, 195)"
951,Pennsylvania,40.0548134,-75.2420722,False,False,135.0,"(216, 202, 195)"
952,Pennsylvania,40.1245213,-75.0085399,False,False,135.0,"(216, 202, 195)"
953,Pennsylvania,39.9468299,-75.2070979,False,False,135.0,"(216, 202, 195)"
954,Pennsylvania,40.0138974,-75.2074081,False,False,135.0,"(216, 202, 195)"
955,Pennsylvania,40.889883,-78.23549799999999,False,False,135.0,"(216, 202, 195)"
956,Pennsylvania,40.12684489999999,-75.5135439,False,False,135.0,"(216, 202, 195)"
957,Pennsylvania,40.1638725,-75.5962347,False,False,135.0,"(216, 202, 195)"
958,Pennsylvania,40.5345907,-76.41378689999999,False,False,135.0,"(216, 202, 195)"
959,Pennsylvania,41.9891802,-79.166584,False,False,135.0,"(216, 202, 195)"
960,Pennsylvania,40.0327304,-77.2932641,False,False,135.0,"(216, 202, 195)"
961,Pennsylvania,,,False,False,135.0,"(216, 202, 195)"
962,Pennsylvania,40.4028149,-79.7711625,False,False,135.0,"(216, 202, 195)"
963,Pennsylvania,,,False,False,135.0,"(216, 202, 195)"
964,Pennsylvania,40.4056391,-79.776003,False,False,135.0,"(216, 202, 195)"
965,Pennsylvania,40.3984534,-79.9268431,False,False,135.0,"(216, 202, 195)"
966,Pennsylvania,40.417929,-79.77113899999999,False,False,135.0,"(216, 202, 195)"
967,Pennsylvania,40.4570975,-80.0033567,False,False,135.0,"(216, 202, 195)"
968,Pennsylvania,40.3790308,-79.9369121,False,False,135.0,"(216, 202, 195)"
969,Pennsylvania,40.6075379,-80.0007986,False,False,135.0,"(216, 202, 195)"
970,Pennsylvania,40.4497346,-80.01612329999999,False,False,135.0,"(216, 202, 195)"
971,Pennsylvania,40.4428299,-79.9504321,False,False,135.0,"(216, 202, 195)"
972,Pennsylvania,40.4394832,-79.96391450000002,False,False,135.0,"(216, 202, 195)"
973,Pennsylvania,40.4442526,-79.953239,False,False,135.0,"(216, 202, 195)"
974,Pennsylvania,40.4482193,-79.9242625,False,False,135.0,"(216, 202, 195)"
975,Pennsylvania,40.4395932,-79.9893378,False,False,135.0,"(216, 202, 195)"
976,Pennsylvania,,,False,False,135.0,"(216, 202, 195)"
977,Pennsylvania,40.4437724,-79.9600024,False,False,135.0,"(216, 202, 195)"
978,Pennsylvania,40.4372949,-79.9901728,False,False,135.0,"(216, 202, 195)"
979,Pennsylvania,40.4466602,-79.9023718,False,False,135.0,"(216, 202, 195)"
980,Pennsylvania,40.4409302,-80.0094664,False,False,135.0,"(216, 202, 195)"
981,Pennsylvania,,,False,False,135.0,"(216, 202, 195)"
982,Pennsylvania,40.4442744,-79.9969172,False,False,135.0,"(216, 202, 195)"
983,Pennsylvania,40.446562,-79.992179,False,False,135.0,"(216, 202, 195)"
984,Pennsylvania,40.3878537,-79.8642859,False,False,135.0,"(216, 202, 195)"
985,Pennsylvania,40.4781325,-79.90143859999999,False,False,135.0,"(216, 202, 195)"
986,Pennsylvania,40.4781325,-79.90143859999999,False,False,135.0,"(216, 202, 195)"
987,Pennsylvania,40.4781325,-79.90143859999999,False,False,135.0,"(216, 202, 195)"
988,Pennsylvania,40.4781325,-79.90143859999999,False,False,135.0,"(216, 202, 195)"
989,Pennsylvania,40.4781325,-79.90143859999999,False,False,135.0,"(216, 202, 195)"
990,Pennsylvania,40.4672006,-79.94971989999999,False,False,135.0,"(216, 202, 195)"
991,Pennsylvania,40.436085,-79.985372,False,False,135.0,"(216, 202, 195)"
992,Pennsylvania,40.3698549,-79.9148975,False,False,135.0,"(216, 202, 195)"
993,Pennsylvania,40.4535712,-80.01034709999999,False,False,135.0,"(216, 202, 195)"
994,Pennsylvania,40.4467069,-80.01296789999999,False,False,135.0,"(216, 202, 195)"
995,Pennsylvania,40.4559875,-80.0050617,False,False,135.0,"(216, 202, 195)"
996,Pennsylvania,40.4363853,-79.96275,False,False,135.0,"(216, 202, 195)"
997,Pennsylvania,40.4596533,-79.925344,False,False,135.0,"(216, 202, 195)"
998,Pennsylvania,40.43850279999999,-80.0012691,False,False,135.0,"(216, 202, 195)"
999,Pennsylvania,40.4415031,-80.0096409,False,False,135.0,"(216, 202, 195)"
1000,Pennsylvania,40.4372949,-79.9901728,False,False,135.0,"(216, 202, 195)"
1001,Pennsylvania,40.50220470000001,-80.1565514,True,False,135.0,"(216, 202, 195)"
1002,Pennsylvania,40.276962,-80.10195619999999,False,False,135.0,"(216, 202, 195)"
1003,Pennsylvania,40.454777,-79.993256,False,False,135.0,"(216, 202, 195)"
1004,Pennsylvania,,,False,False,135.0,"(216, 202, 195)"
1005,Pennsylvania,40.4470344,-80.0120913,False,False,135.0,"(216, 202, 195)"
1006,Pennsylvania,40.4443533,-79.960835,False,False,135.0,"(216, 202, 195)"
1007,Pennsylvania,40.4644031,-79.9773187,False,False,135.0,"(216, 202, 195)"
1008,Pennsylvania,40.4407149,-79.99684429999999,False,False,135.0,"(216, 202, 195)"
1009,Pennsylvania,41.2822869,-75.7047461,False,False,135.0,"(216, 202, 195)"
1010,Pennsylvania,40.5058454,-79.6920477,False,False,135.0,"(216, 202, 195)"
1011,Pennsylvania,40.3359028,-79.86977069999999,False,False,135.0,"(216, 202, 195)"
1012,Pennsylvania,,,False,False,135.0,"(216, 202, 195)"
1013,Pennsylvania,40.6815797,-76.2080768,False,False,135.0,"(216, 202, 195)"
1014,Pennsylvania,40.0470354,-80.3298002,True,False,135.0,"(216, 202, 195)"
1015,Pennsylvania,40.0553552,-75.3740633,False,False,135.0,"(216, 202, 195)"
1016,Pennsylvania,40.040661,-75.36626799999999,False,False,135.0,"(216, 202, 195)"
1017,Pennsylvania,40.3615027,-75.910629,False,False,135.0,"(216, 202, 195)"
1018,Pennsylvania,40.3615027,-75.910629,False,False,135.0,"(216, 202, 195)"
1019,Pennsylvania,40.3339125,-75.90953789999999,False,False,135.0,"(216, 202, 195)"
1020,Pennsylvania,40.2340901,-75.90826980000001,False,False,135.0,"(216, 202, 195)"
1021,Pennsylvania,40.3303683,-75.90097899999999,False,False,135.0,"(216, 202, 195)"
1022,Pennsylvania,40.3373823,-76.004648,False,False,135.0,"(216, 202, 195)"
1023,Pennsylvania,40.3307343,-75.9147996,False,False,135.0,"(216, 202, 195)"
1024,Pennsylvania,40.3792505,-75.9307534,False,False,135.0,"(216, 202, 195)"
1025,Pennsylvania,39.9417134,-76.7049716,False,False,135.0,"(216, 202, 195)"
1026,Pennsylvania,35.356312,-81.575688,False,False,135.0,"(216, 202, 195)"
1027,Pennsylvania,41.4383227,-78.7486835,True,False,135.0,"(216, 202, 195)"
1028,Pennsylvania,40.8600874,-76.2321625,False,False,135.0,"(216, 202, 195)"
1029,Pennsylvania,40.3388332,-78.4051669,False,False,135.0,"(216, 202, 195)"
1030,Pennsylvania,40.3388332,-78.4051669,False,False,135.0,"(216, 202, 195)"
1031,Pennsylvania,,,False,False,135.0,"(216, 202, 195)"
1032,Pennsylvania,40.0340798,-75.3289496,False,False,135.0,"(216, 202, 195)"
1033,Pennsylvania,41.3413504,-80.0145963,False,False,135.0,"(216, 202, 195)"
1034,Pennsylvania,40.7483853,-79.82615489999999,True,False,135.0,"(216, 202, 195)"
1035,Pennsylvania,40.9257974,-75.3318238,False,False,135.0,"(216, 202, 195)"
1036,Pennsylvania,,,False,False,135.0,"(216, 202, 195)"
1037,Pennsylvania,41.4359736,-75.71502799999999,False,False,135.0,"(216, 202, 195)"
1038,Pennsylvania,40.0863811,-80.07002349999999,False,False,135.0,"(216, 202, 195)"
1039,Pennsylvania,40.642441,-76.16716699999999,False,False,135.0,"(216, 202, 195)"
1040,Pennsylvania,40.1050441,-79.5853042,False,False,135.0,"(216, 202, 195)"
1041,Pennsylvania,41.4152227,-75.69316880000001,False,False,135.0,"(216, 202, 195)"
1042,Pennsylvania,,,False,False,135.0,"(216, 202, 195)"
1043,Pennsylvania,40.7973267,-76.8744803,False,False,135.0,"(216, 202, 195)"
1044,Pennsylvania,40.79111100000001,-76.538814,False,False,135.0,"(216, 202, 195)"
1045,Pennsylvania,40.0178571,-78.9072458,True,False,135.0,"(216, 202, 195)"
1046,Pennsylvania,40.2886367,-75.924891,False,False,135.0,"(216, 202, 195)"
1047,Pennsylvania,40.3036296,-75.97248859999999,False,False,135.0,"(216, 202, 195)"
1048,Pennsylvania,40.30986840000001,-75.9536268,False,False,135.0,"(216, 202, 195)"
1049,Pennsylvania,40.5972867,-78.27316540000001,False,False,135.0,"(216, 202, 195)"
1050,Pennsylvania,,,False,False,135.0,"(216, 202, 195)"
1051,Pennsylvania,40.9420608,-75.135564,False,False,135.0,"(216, 202, 195)"
1052,Pennsylvania,,,False,False,135.0,"(216, 202, 195)"
1053,Pennsylvania,41.0609103,-80.0521503,False,False,135.0,"(216, 202, 195)"
1054,Pennsylvania,41.0607299,-80.0504423,False,False,135.0,"(216, 202, 195)"
1055,Pennsylvania,41.0116234,-80.0021076,False,False,135.0,"(216, 202, 195)"
1056,Pennsylvania,,,False,False,135.0,"(216, 202, 195)"
1057,Pennsylvania,40.2397986,-78.8350223,False,False,135.0,"(216, 202, 195)"
1058,Pennsylvania,,,False,False,135.0,"(216, 202, 195)"
1059,Pennsylvania,40.272388,-79.9695575,False,False,135.0,"(216, 202, 195)"
1060,Pennsylvania,40.19524699999999,-75.5570189,False,False,135.0,"(216, 202, 195)"
1061,Pennsylvania,,,False,False,135.0,"(216, 202, 195)"
1062,Pennsylvania,41.140101,-79.678945,False,False,135.0,"(216, 202, 195)"
1063,California,37.7729227,-122.4308374,False,False,450.0,"(143, 196, 194)"
1064,Pennsylvania,40.0516866,-75.37071949999999,False,False,135.0,"(216, 202, 195)"
1065,Pennsylvania,40.0516866,-75.37071949999999,False,False,135.0,"(216, 202, 195)"
1066,Pennsylvania,40.0516866,-75.37071949999999,False,False,135.0,"(216, 202, 195)"
1067,Pennsylvania,40.0516866,-75.37071949999999,False,False,135.0,"(216, 202, 195)"
1068,Pennsylvania,41.429587,-78.5552175,True,False,135.0,"(216, 202, 195)"
1069,Pennsylvania,41.437276,-78.57216799999999,True,False,135.0,"(216, 202, 195)"
1070,Pennsylvania,,,False,False,135.0,"(216, 202, 195)"
1071,Pennsylvania,40.1779441,-75.73106179999999,False,False,135.0,"(216, 202, 195)"
1072,Pennsylvania,40.1779441,-75.73106179999999,False,False,135.0,"(216, 202, 195)"
1073,Pennsylvania,41.0570064,-78.7911419,False,False,135.0,"(216, 202, 195)"
1074,Pennsylvania,40.7982133,-77.8599084,True,False,135.0,"(216, 202, 195)"
1075,Pennsylvania,40.7982133,-77.8599084,True,False,135.0,"(216, 202, 195)"
1076,Pennsylvania,40.7982133,-77.8599084,True,False,135.0,"(216, 202, 195)"
1077,Pennsylvania,40.7982133,-77.8599084,True,False,135.0,"(216, 202, 195)"
1078,Pennsylvania,40.7982133,-77.8599084,True,False,135.0,"(216, 202, 195)"
1079,Pennsylvania,40.7982133,-77.8599084,True,False,135.0,"(216, 202, 195)"
1080,Pennsylvania,40.8089317,-77.8187466,True,False,135.0,"(216, 202, 195)"
1081,Pennsylvania,39.7239676,-77.720407,False,False,135.0,"(216, 202, 195)"
1082,Pennsylvania,,,False,False,135.0,"(216, 202, 195)"
1083,Pennsylvania,39.9829486,-76.1814854,False,False,135.0,"(216, 202, 195)"
1084,Pennsylvania,41.0356123,-77.2982239,False,False,135.0,"(216, 202, 195)"
1085,California,,,False,False,450.0,"(143, 196, 194)"
1086,California,33.0794813,-117.165765,False,False,450.0,"(143, 196, 194)"
1087,California,35.7449694,-120.6971835,False,False,450.0,"(143, 196, 194)"
1088,California,35.7449694,-120.6971835,False,False,450.0,"(143, 196, 194)"
1089,California,37.9798656,-122.5129887,False,False,450.0,"(143, 196, 194)"
1090,California,36.7202966,-119.5644268,False,False,450.0,"(143, 196, 194)"
1091,California,36.7319578,-119.5013893,False,False,450.0,"(143, 196, 194)"
1092,California,36.6638943,-119.5348946,False,False,450.0,"(143, 196, 194)"
1093,California,33.75235560000001,-117.9375541,False,False,450.0,"(143, 196, 194)"
1094,California,33.7705936,-117.8414735,False,False,450.0,"(143, 196, 194)"
1095,California,33.7888847,-117.8683236,False,False,450.0,"(143, 196, 194)"
1096,California,33.7436228,-117.8740904,False,False,450.0,"(143, 196, 194)"
1097,California,33.6959508,-117.8879383,False,False,450.0,"(143, 196, 194)"
1098,California,34.4238703,-119.7285183,False,False,450.0,"(143, 196, 194)"
1099,California,34.6391501,-120.4579409,False,False,450.0,"(143, 196, 194)"
1100,California,37.4010483,-121.9531991,False,False,450.0,"(143, 196, 194)"
1101,California,37.4043841,-121.9696857,False,False,450.0,"(143, 196, 194)"
1102,California,37.3556896,-121.98479,False,False,450.0,"(143, 196, 194)"
1103,California,37.3984205,-121.975126,False,False,450.0,"(143, 196, 194)"
1104,California,37.3984205,-121.975126,False,False,450.0,"(143, 196, 194)"
1105,California,37.3984205,-121.975126,False,False,450.0,"(143, 196, 194)"
1106,Pennsylvania,41.0356123,-77.2982239,False,False,135.0,"(216, 202, 195)"
1107,Pennsylvania,41.0356123,-77.2982239,False,False,135.0,"(216, 202, 195)"
1108,Pennsylvania,41.4237077,-76.4938373,True,False,135.0,"(216, 202, 195)"
1109,Pennsylvania,40.8259044,-75.8619472,False,False,135.0,"(216, 202, 195)"
1110,Pennsylvania,,,False,False,135.0,"(216, 202, 195)"
1111,Pennsylvania,41.1133504,-75.32170400000001,False,False,135.0,"(216, 202, 195)"
1112,Pennsylvania,41.0429494,-75.3126688,False,False,135.0,"(216, 202, 195)"
1113,Pennsylvania,,,False,False,135.0,"(216, 202, 195)"
1114,Pennsylvania,40.7974109,-75.973219,False,False,135.0,"(216, 202, 195)"
1115,Pennsylvania,41.031844,-75.300893,False,False,135.0,"(216, 202, 195)"
1116,Pennsylvania,40.5262043,-75.9860449,False,False,135.0,"(216, 202, 195)"
1117,Pennsylvania,41.1748527,-75.4211492,False,False,135.0,"(216, 202, 195)"
1118,Pennsylvania,40.4165697,-79.24018099999999,False,False,135.0,"(216, 202, 195)"
1119,Pennsylvania,40.411136,-75.378267,False,False,135.0,"(216, 202, 195)"
1120,Pennsylvania,40.7211548,-78.2193869,False,False,135.0,"(216, 202, 195)"
1121,Pennsylvania,40.693663,-78.2796406,False,False,135.0,"(216, 202, 195)"
1122,Pennsylvania,40.6676672,-78.24047879999999,False,False,135.0,"(216, 202, 195)"
1123,Pennsylvania,40.1448883,-74.8032324,False,False,135.0,"(216, 202, 195)"
1124,Pennsylvania,41.7247512,-75.51135169999999,False,False,135.0,"(216, 202, 195)"
1125,Pennsylvania,,,False,False,135.0,"(216, 202, 195)"
1126,Pennsylvania,40.5694524,-75.1501347,False,False,135.0,"(216, 202, 195)"
1127,Pennsylvania,39.9667287,-75.28009209999999,False,False,135.0,"(216, 202, 195)"
1128,Pennsylvania,39.9560726,-75.28473939999999,False,False,135.0,"(216, 202, 195)"
1129,Pennsylvania,40.1020517,-75.4469171,False,False,135.0,"(216, 202, 195)"
1130,Pennsylvania,40.6043076,-79.5653076,True,False,135.0,"(216, 202, 195)"
1131,Pennsylvania,40.037056,-75.34358,False,False,135.0,"(216, 202, 195)"
1132,Pennsylvania,40.037056,-75.34358,False,False,135.0,"(216, 202, 195)"
1133,Pennsylvania,41.1041075,-80.288112,False,False,135.0,"(216, 202, 195)"
1134,California,37.3984205,-121.975126,False,False,450.0,"(143, 196, 194)"
1135,California,37.3984205,-121.975126,False,False,450.0,"(143, 196, 194)"
1136,California,37.3496418,-121.9389875,False,False,450.0,"(143, 196, 194)"
1137,California,37.3932901,-121.9521333,False,False,450.0,"(143, 196, 194)"
1138,California,37.3932901,-121.9521333,False,False,450.0,"(143, 196, 194)"
1139,California,,,False,False,450.0,"(143, 196, 194)"
1140,California,34.3905609,-118.5377283,False,False,450.0,"(143, 196, 194)"
1141,California,34.3803161,-118.5306342,False,False,450.0,"(143, 196, 194)"
1142,California,34.3753971,-118.5257901,False,False,450.0,"(143, 196, 194)"
1143,California,34.666072,-118.3973236,False,False,450.0,"(143, 196, 194)"
1144,California,34.4008441,-118.4170442,False,False,450.0,"(143, 196, 194)"
1145,California,34.4253305,-118.5972191,False,False,450.0,"(143, 196, 194)"
1146,California,36.9844181,-121.9794885,False,False,450.0,"(143, 196, 194)"
1147,California,36.9883794,-122.0277401,False,False,450.0,"(143, 196, 194)"
1148,California,36.9763395,-122.1419114,False,False,450.0,"(143, 196, 194)"
1149,California,37.3382082,-121.8863286,False,False,450.0,"(143, 196, 194)"
1150,California,36.9818783,-121.9594173,False,False,450.0,"(143, 196, 194)"
1151,California,36.9914738,-122.0582972,False,False,450.0,"(143, 196, 194)"
1152,California,36.9914738,-122.0582972,False,False,450.0,"(143, 196, 194)"
1153,California,36.9914738,-122.0582972,False,False,450.0,"(143, 196, 194)"
1154,California,36.9914738,-122.0582972,False,False,450.0,"(143, 196, 194)"
1155,California,36.9883794,-122.0277401,False,False,450.0,"(143, 196, 194)"
1156,California,33.95116,-118.053539,False,False,450.0,"(143, 196, 194)"
1157,California,33.95116,-118.053539,False,False,450.0,"(143, 196, 194)"
1158,California,34.9087048,-120.4385345,False,False,450.0,"(143, 196, 194)"
1159,California,34.94381,-120.436744,False,False,450.0,"(143, 196, 194)"
1160,California,34.3548232,-119.0620481,False,False,450.0,"(143, 196, 194)"
1161,California,34.3464778,-119.0817421,False,False,450.0,"(143, 196, 194)"
1162,California,37.257479,-122.034156,False,False,450.0,"(143, 196, 194)"
1163,California,37.2583284,-122.033443,False,False,450.0,"(143, 196, 194)"
1164,California,37.0484812,-122.0272359,False,False,450.0,"(143, 196, 194)"
1165,California,33.7496524,-118.0889289,False,False,450.0,"(143, 196, 194)"
1166,Pennsylvania,40.755481,-75.60218809999999,False,False,135.0,"(216, 202, 195)"
1167,Pennsylvania,40.1915245,-75.0734729,False,False,135.0,"(216, 202, 195)"
1168,Pennsylvania,40.2067884,-75.099807,False,False,135.0,"(216, 202, 195)"
1169,Pennsylvania,40.1898168,-75.0665227,False,False,135.0,"(216, 202, 195)"
1170,Pennsylvania,40.205111,-75.1003087,False,False,135.0,"(216, 202, 195)"
1171,Pennsylvania,41.8468001,-79.14625869999999,False,False,135.0,"(216, 202, 195)"
1172,Pennsylvania,41.84687599999999,-79.149457,False,False,135.0,"(216, 202, 195)"
1173,Pennsylvania,41.8482502,-79.14733079999999,False,False,135.0,"(216, 202, 195)"
1174,Pennsylvania,40.6549818,-80.0809218,True,False,135.0,"(216, 202, 195)"
1175,Pennsylvania,40.6562101,-80.0828607,True,False,135.0,"(216, 202, 195)"
1176,Pennsylvania,40.250902,-75.13265799999999,False,False,135.0,"(216, 202, 195)"
1177,Pennsylvania,40.0247953,-80.1000562,True,False,135.0,"(216, 202, 195)"
1178,Pennsylvania,40.170436,-80.238725,True,False,135.0,"(216, 202, 195)"
1179,Pennsylvania,40.1167387,-80.0083855,True,False,135.0,"(216, 202, 195)"
1180,Pennsylvania,41.9403058,-79.9830894,False,False,135.0,"(216, 202, 195)"
1181,Pennsylvania,41.6120714,-75.4226633,False,False,135.0,"(216, 202, 195)"
1182,Pennsylvania,39.7448725,-77.5579836,False,False,135.0,"(216, 202, 195)"
1183,Pennsylvania,39.7628959,-77.5672204,False,False,135.0,"(216, 202, 195)"
1184,Pennsylvania,39.8991472,-80.1865976,True,False,135.0,"(216, 202, 195)"
1185,Pennsylvania,,,False,False,135.0,"(216, 202, 195)"
1186,Pennsylvania,40.9286289,-75.84735839999999,False,False,135.0,"(216, 202, 195)"
1187,Pennsylvania,,,False,False,135.0,"(216, 202, 195)"
1188,Pennsylvania,40.0225754,-79.8836546,True,False,135.0,"(216, 202, 195)"
1189,Pennsylvania,39.9618811,-75.605661,False,False,135.0,"(216, 202, 195)"
1190,Pennsylvania,40.1820683,-74.8772863,False,False,135.0,"(216, 202, 195)"
1191,Pennsylvania,40.1767688,-75.5476876,False,False,135.0,"(216, 202, 195)"
1192,Pennsylvania,39.9518653,-75.5999933,False,False,135.0,"(216, 202, 195)"
1193,Pennsylvania,39.9518653,-75.5999933,False,False,135.0,"(216, 202, 195)"
1194,Pennsylvania,41.0010936,-79.8802073,False,False,135.0,"(216, 202, 195)"
1195,Pennsylvania,41.9056922,-77.5917558,True,False,135.0,"(216, 202, 195)"
1196,Pennsylvania,40.2566482,-79.8184684,False,False,135.0,"(216, 202, 195)"
1197,Pennsylvania,40.3496579,-79.7504448,False,False,135.0,"(216, 202, 195)"
1198,Pennsylvania,40.2081263,-79.49753799999999,False,False,135.0,"(216, 202, 195)"
1199,California,36.6529218,-121.7981631,False,False,450.0,"(143, 196, 194)"
1200,California,36.575294,-119.622869,False,False,450.0,"(143, 196, 194)"
1201,California,38.6306466,-120.9438162,False,False,450.0,"(143, 196, 194)"
1202,California,34.099288,-118.2601961,False,False,450.0,"(143, 196, 194)"
1203,California,34.288428,-118.686314,False,False,450.0,"(143, 196, 194)"
1204,California,34.2802912,-118.7186903,False,False,450.0,"(143, 196, 194)"
1205,California,34.2314099,-118.8089244,False,False,450.0,"(143, 196, 194)"
1206,California,34.2896586,-118.6958824,False,False,450.0,"(143, 196, 194)"
1207,California,34.2647644,-118.7740892,False,False,450.0,"(143, 196, 194)"
1208,California,34.2546424,-118.7456568,False,False,450.0,"(143, 196, 194)"
1209,California,40.484111,-124.100822,False,False,450.0,"(143, 196, 194)"
1210,California,36.4040495,-121.3177674,False,False,450.0,"(143, 196, 194)"
1211,California,38.2997805,-122.4562777,False,False,450.0,"(143, 196, 194)"
1212,California,38.2922853,-122.4565438,False,False,450.0,"(143, 196, 194)"
1213,California,38.3485829,-122.5176091,False,False,450.0,"(143, 196, 194)"
1214,California,38.440429,-122.7140548,False,False,450.0,"(143, 196, 194)"
1215,California,33.9560708,-118.2093189,False,False,450.0,"(143, 196, 194)"
1216,California,33.9510783,-118.2217736,False,False,450.0,"(143, 196, 194)"
1217,California,41.2142955,-95.9918797,False,False,450.0,"(143, 196, 194)"
1218,Pennsylvania,,,False,False,135.0,"(216, 202, 195)"
1219,Pennsylvania,,,False,False,135.0,"(216, 202, 195)"
1220,Pennsylvania,41.055625,-75.78066799999999,False,False,135.0,"(216, 202, 195)"
1221,Pennsylvania,40.319537,-79.7867282,False,False,135.0,"(216, 202, 195)"
1222,Pennsylvania,40.0854945,-75.2852477,False,False,135.0,"(216, 202, 195)"
1223,Pennsylvania,40.4340659,-79.8334189,False,False,135.0,"(216, 202, 195)"
1224,Pennsylvania,41.2585815,-75.86973499999999,False,False,135.0,"(216, 202, 195)"
1225,Pennsylvania,41.2018679,-75.8786547,False,False,135.0,"(216, 202, 195)"
1226,Pennsylvania,41.2585815,-75.86973499999999,False,False,135.0,"(216, 202, 195)"
1227,Pennsylvania,40.688432,-75.2207323,False,False,135.0,"(216, 202, 195)"
1228,Pennsylvania,40.6178776,-75.2412878,False,False,135.0,"(216, 202, 195)"
1229,Pennsylvania,,,False,False,135.0,"(216, 202, 195)"
1230,Pennsylvania,41.87787,-80.134501,False,False,135.0,"(216, 202, 195)"
1231,Pennsylvania,41.4816045,-75.73642009999999,False,False,135.0,"(216, 202, 195)"
1232,Pennsylvania,40.2306684,-78.8224717,True,False,135.0,"(216, 202, 195)"
1233,Pennsylvania,40.960905,-78.14395499999999,False,False,135.0,"(216, 202, 195)"
1234,Pennsylvania,,,False,False,135.0,"(216, 202, 195)"
1235,Pennsylvania,39.8353793,-76.6180234,False,False,135.0,"(216, 202, 195)"
1236,Pennsylvania,40.3631938,-76.18595289999999,False,False,135.0,"(216, 202, 195)"
1237,Pennsylvania,40.0453202,-76.5626728,False,False,135.0,"(216, 202, 195)"
1238,Pennsylvania,39.9988331,-76.5397608,False,False,135.0,"(216, 202, 195)"
1239,Pennsylvania,40.359947,-75.97614899999999,False,False,135.0,"(216, 202, 195)"
1240,Pennsylvania,40.3691737,-75.9765121,False,False,135.0,"(216, 202, 195)"
1241,Pennsylvania,,,False,False,135.0,"(216, 202, 195)"
1242,Pennsylvania,39.9796194,-76.6454315,False,False,135.0,"(216, 202, 195)"
1243,Pennsylvania,40.152976,-76.81855800000001,False,False,135.0,"(216, 202, 195)"
1244,Pennsylvania,40.1293106,-76.79135579999999,False,False,135.0,"(216, 202, 195)"
1245,Pennsylvania,39.9988331,-76.5397608,False,False,135.0,"(216, 202, 195)"
1246,Pennsylvania,40.7897303,-73.9261451,False,False,135.0,"(216, 202, 195)"
1247,California,,,False,False,450.0,"(143, 196, 194)"
1248,California,34.1139989,-118.1505842,False,False,450.0,"(143, 196, 194)"
1249,California,32.7130855,-117.1439048,False,False,450.0,"(143, 196, 194)"
1250,California,,,False,False,450.0,"(143, 196, 194)"
1251,California,36.2003607,-118.766233,False,False,450.0,"(143, 196, 194)"
1252,California,36.1310057,-118.8179119,False,False,450.0,"(143, 196, 194)"
1253,California,34.1065707,-117.2954707,False,False,450.0,"(143, 196, 194)"
1254,California,33.8086574,-117.9923788,False,False,450.0,"(143, 196, 194)"
1255,California,34.3791724,-118.6110163,False,False,450.0,"(143, 196, 194)"
1256,California,37.9540028,-121.2870975,False,False,450.0,"(143, 196, 194)"
1257,California,37.9640038,-121.2845862,False,False,450.0,"(143, 196, 194)"
1258,California,38.057984,-121.40716,False,False,450.0,"(143, 196, 194)"
1259,California,36.3266055,-119.2683702,False,False,450.0,"(143, 196, 194)"
1260,California,34.0701949,-118.3076722,False,False,450.0,"(143, 196, 194)"
1261,California,34.2444462,-118.3905172,False,False,450.0,"(143, 196, 194)"
1262,California,34.2217668,-118.3890348,False,False,450.0,"(143, 196, 194)"
1263,California,37.3867637,-122.0247508,False,False,450.0,"(143, 196, 194)"
1264,California,37.3371416,-122.0497249,False,False,450.0,"(143, 196, 194)"
1265,California,37.3994659,-122.0258852,False,False,450.0,"(143, 196, 194)"
1266,California,37.3656425,-122.03172,False,False,450.0,"(143, 196, 194)"
1267,California,38.3929763,-120.8031387,False,False,450.0,"(143, 196, 194)"
1268,California,34.3034975,-118.3955008,False,False,450.0,"(143, 196, 194)"
1269,California,35.2297785,-118.5599843,False,False,450.0,"(143, 196, 194)"
1270,California,35.1289455,-118.4460158,False,False,450.0,"(143, 196, 194)"
1271,California,33.479478,-117.1029152,False,False,450.0,"(143, 196, 194)"
1272,California,33.5286933,-117.1690768,False,False,450.0,"(143, 196, 194)"
1273,California,33.4873031,-117.1440078,False,False,450.0,"(143, 196, 194)"
1274,California,34.2250167,-118.8788537,False,False,450.0,"(143, 196, 194)"
1275,California,34.1829213,-118.8793381,False,False,450.0,"(143, 196, 194)"
1276,California,33.836524,-118.3734314,False,False,450.0,"(143, 196, 194)"
1277,Massachusetts,,,False,False,179.0,"(143, 195, 193)"
1278,Pennsylvania,39.7861406,-76.6959668,False,False,135.0,"(216, 202, 195)"
1279,Pennsylvania,39.94674639999999,-76.7281509,False,False,135.0,"(216, 202, 195)"
1280,Pennsylvania,39.9862469,-76.6629631,False,False,135.0,"(216, 202, 195)"
1281,Pennsylvania,,,False,False,135.0,"(216, 202, 195)"
1282,California,33.8286348,-118.3491236,False,False,450.0,"(143, 196, 194)"
1283,California,33.8229812,-118.3215335,False,False,450.0,"(143, 196, 194)"
1284,California,37.7395446,-121.4289156,False,False,450.0,"(143, 196, 194)"
1285,California,37.7535582,-121.372701,False,False,450.0,"(143, 196, 194)"
1286,California,37.7692793,-121.5994278,False,False,450.0,"(143, 196, 194)"
1287,California,37.763758,-121.4369129,False,False,450.0,"(143, 196, 194)"
1288,California,37.7067909,-121.3976236,False,False,450.0,"(143, 196, 194)"
1289,California,39.3211322,-120.1617365,False,False,450.0,"(143, 196, 194)"
1290,California,36.196061,-119.3417721,False,False,450.0,"(143, 196, 194)"
1291,California,36.1302265,-118.8181495,False,False,450.0,"(143, 196, 194)"
1292,California,36.1302265,-118.8181495,False,False,450.0,"(143, 196, 194)"
1293,California,,,False,False,450.0,"(143, 196, 194)"
1294,California,37.4849555,-120.8495612,False,False,450.0,"(143, 196, 194)"
1295,California,33.7310854,-117.8186538,False,False,450.0,"(143, 196, 194)"
1296,California,37.5962421,-122.0797452,False,False,450.0,"(143, 196, 194)"
1297,California,34.1520245,-117.6665507,False,False,450.0,"(143, 196, 194)"
1298,California,34.1291342,-117.6541915,False,False,450.0,"(143, 196, 194)"
1299,California,,,False,False,450.0,"(143, 196, 194)"
1300,California,37.0851648,-121.7918587,False,False,450.0,"(143, 196, 194)"
1301,California,34.0293278,-117.7415522,False,False,450.0,"(143, 196, 194)"
1302,California,34.4253305,-118.5972191,False,False,450.0,"(143, 196, 194)"
1303,California,34.4253305,-118.5972191,False,False,450.0,"(143, 196, 194)"
1304,California,34.4253305,-118.5972191,False,False,450.0,"(143, 196, 194)"
1305,California,38.1558144,-122.1781527,False,False,450.0,"(143, 196, 194)"
1306,California,38.1073664,-122.1791739,False,False,450.0,"(143, 196, 194)"
1307,California,38.0954755,-122.2724704,False,False,450.0,"(143, 196, 194)"
1308,California,38.1324004,-122.253845,False,False,450.0,"(143, 196, 194)"
1309,California,38.1367589,-122.2520734,False,False,450.0,"(143, 196, 194)"
1310,California,32.9672572,-96.7272654,False,False,450.0,"(143, 196, 194)"
1311,California,38.1027983,-122.2562749,False,False,450.0,"(143, 196, 194)"
1312,Massachusetts,42.6305059,-73.109608,False,False,179.0,"(143, 195, 193)"
1313,Massachusetts,42.3499722,-71.13729,False,False,179.0,"(143, 195, 193)"
1314,Massachusetts,42.6102551,-71.0904104,False,False,179.0,"(143, 195, 193)"
1315,Massachusetts,42.4149016,-71.1553105,False,False,179.0,"(143, 195, 193)"
1316,Massachusetts,42.85982,-70.93740799999999,False,False,179.0,"(143, 195, 193)"
1317,Massachusetts,,,False,False,179.0,"(143, 195, 193)"
1318,Massachusetts,42.2597578,-71.4645946,False,False,179.0,"(143, 195, 193)"
1319,Massachusetts,,,False,False,179.0,"(143, 195, 193)"
1320,Massachusetts,42.6025776,-72.2237947,False,False,179.0,"(143, 195, 193)"
1321,Massachusetts,,,False,False,179.0,"(143, 195, 193)"
1322,Massachusetts,,,False,False,179.0,"(143, 195, 193)"
1323,Massachusetts,,,False,False,179.0,"(143, 195, 193)"
1324,Massachusetts,41.91643699999999,-71.3069087,False,False,179.0,"(143, 195, 193)"
1325,Massachusetts,42.2362346,-71.8269667,False,False,179.0,"(143, 195, 193)"
1326,Massachusetts,42.1952672,-71.8365184,False,False,179.0,"(143, 195, 193)"
1327,Massachusetts,42.5455027,-71.6139348,False,False,179.0,"(143, 195, 193)"
1328,Massachusetts,42.6251155,-72.07914840000001,False,False,179.0,"(143, 195, 193)"
1329,Massachusetts,42.2511401,-73.02015209999999,False,False,179.0,"(143, 195, 193)"
1330,Massachusetts,42.5479867,-71.2790223,False,False,179.0,"(143, 195, 193)"
1331,Massachusetts,42.45723100000001,-71.2766852,False,False,179.0,"(143, 195, 193)"
1332,Massachusetts,42.2731423,-72.4166346,False,False,179.0,"(143, 195, 193)"
1333,Massachusetts,42.2731423,-72.4166346,False,False,179.0,"(143, 195, 193)"
1334,Massachusetts,,,False,False,179.0,"(143, 195, 193)"
1335,Massachusetts,42.1474595,-71.4914166,False,False,179.0,"(143, 195, 193)"
1336,Massachusetts,42.5574873,-70.8592247,False,False,179.0,"(143, 195, 193)"
1337,Massachusetts,42.5665326,-70.8167551,False,False,179.0,"(143, 195, 193)"
1338,Massachusetts,42.5531918,-70.8408093,False,False,179.0,"(143, 195, 193)"
1339,Massachusetts,42.5531918,-70.8408093,False,False,179.0,"(143, 195, 193)"
1340,Massachusetts,42.5531918,-70.8408093,False,False,179.0,"(143, 195, 193)"
1341,Massachusetts,42.5242072,-71.2971925,False,False,179.0,"(143, 195, 193)"
1342,Massachusetts,42.3465952,-71.0895292,False,False,179.0,"(143, 195, 193)"
1343,California,33.2786835,-116.9472169,False,False,450.0,"(143, 196, 194)"
1344,California,34.5813686,-120.6261307,False,False,450.0,"(143, 196, 194)"
1345,California,34.7112434,-120.4753654,False,False,450.0,"(143, 196, 194)"
1346,California,34.1899146,-118.4481981,False,False,450.0,"(143, 196, 194)"
1347,California,34.1454704,-118.2499622,False,False,450.0,"(143, 196, 194)"
1348,California,33.9914995,-118.4520637,False,False,450.0,"(143, 196, 194)"
1349,California,,,False,False,450.0,"(143, 196, 194)"
1350,California,34.279915,-119.2932179,False,False,450.0,"(143, 196, 194)"
1351,California,34.2811953,-119.2802583,False,False,450.0,"(143, 196, 194)"
1352,California,34.2811033,-119.2981918,False,False,450.0,"(143, 196, 194)"
1353,California,34.2811033,-119.2981918,False,False,450.0,"(143, 196, 194)"
1354,California,34.2437958,-119.2433206,False,False,450.0,"(143, 196, 194)"
1355,California,34.2798019,-119.297437,False,False,450.0,"(143, 196, 194)"
1356,California,34.278252,-119.2679878,False,False,450.0,"(143, 196, 194)"
1357,California,42.1666332,-88.29523549999999,False,False,450.0,"(143, 196, 194)"
1358,California,34.1975048,-119.1770516,False,False,450.0,"(143, 196, 194)"
1359,California,34.1975048,-119.1770516,False,False,450.0,"(143, 196, 194)"
1360,California,34.5360465,-117.3209042,False,False,450.0,"(143, 196, 194)"
1361,California,34.5222587,-117.3072375,False,False,450.0,"(143, 196, 194)"
1362,California,34.5173779,-117.3467052,False,False,450.0,"(143, 196, 194)"
1363,California,36.329741,-119.288645,False,False,450.0,"(143, 196, 194)"
1364,California,,,False,False,450.0,"(143, 196, 194)"
1365,California,36.3431198,-119.2521246,False,False,450.0,"(143, 196, 194)"
1366,California,36.3359141,-119.3902559,False,False,450.0,"(143, 196, 194)"
1367,California,36.3480949,-119.2555944,False,False,450.0,"(143, 196, 194)"
1368,California,,,False,False,450.0,"(143, 196, 194)"
1369,California,,,False,False,450.0,"(143, 196, 194)"
1370,California,,,False,False,450.0,"(143, 196, 194)"
1371,California,,,False,False,450.0,"(143, 196, 194)"
1372,California,34.0429031,-117.9002523,False,False,450.0,"(143, 196, 194)"
1373,California,34.0630964,-117.882697,False,False,450.0,"(143, 196, 194)"
1374,Massachusetts,42.3549544,-71.0654886,False,False,179.0,"(143, 195, 193)"
1375,Massachusetts,42.3462021,-71.0900107,False,False,179.0,"(143, 195, 193)"
1376,Massachusetts,42.3504997,-71.1053991,False,False,179.0,"(143, 195, 193)"
1377,Massachusetts,42.2776416,-71.1660234,False,False,179.0,"(143, 195, 193)"
1378,Massachusetts,42.3491864,-71.09228390000001,False,False,179.0,"(143, 195, 193)"
1379,Massachusetts,42.3516331,-71.0652951,False,False,179.0,"(143, 195, 193)"
1380,Massachusetts,47.978749,-122.208177,False,False,179.0,"(143, 195, 193)"
1381,Massachusetts,42.3204065,-70.92774399999999,False,False,179.0,"(143, 195, 193)"
1382,Massachusetts,,,False,False,179.0,"(143, 195, 193)"
1383,Massachusetts,42.3575872,-71.06020459999999,False,False,179.0,"(143, 195, 193)"
1384,Massachusetts,42.3640166,-71.050534,False,False,179.0,"(143, 195, 193)"
1385,Massachusetts,41.7979439,-70.52957549999999,False,False,179.0,"(143, 195, 193)"
1386,Massachusetts,41.780328,-70.0349169,False,False,179.0,"(143, 195, 193)"
1387,Massachusetts,41.9877398,-70.9660014,False,False,179.0,"(143, 195, 193)"
1388,Massachusetts,41.9877398,-70.9660014,False,False,179.0,"(143, 195, 193)"
1389,Massachusetts,41.9877398,-70.9660014,False,False,179.0,"(143, 195, 193)"
1390,Massachusetts,41.9877398,-70.9660014,False,False,179.0,"(143, 195, 193)"
1391,Massachusetts,41.9877398,-70.9660014,False,False,179.0,"(143, 195, 193)"
1392,Massachusetts,41.9877398,-70.9660014,False,False,179.0,"(143, 195, 193)"
1393,California,34.2073342,-118.6178816,False,False,450.0,"(143, 196, 194)"
1394,California,34.1947151,-118.62028,False,False,450.0,"(143, 196, 194)"
1395,California,34.1903974,-118.6271093,False,False,450.0,"(143, 196, 194)"
1396,California,34.0842104,-118.3453856,False,False,450.0,"(143, 196, 194)"
1397,California,34.0424111,-118.4420161,False,False,450.0,"(143, 196, 194)"
1398,California,34.0583515,-118.4412291,False,False,450.0,"(143, 196, 194)"
1399,California,33.9436934,-118.022497,False,False,450.0,"(143, 196, 194)"
1400,California,33.9869262,-118.0451383,False,False,450.0,"(143, 196, 194)"
1401,California,33.9748793,-118.0457888,False,False,450.0,"(143, 196, 194)"
1402,California,33.9548257,-117.9960501,False,False,450.0,"(143, 196, 194)"
1403,California,33.9693234,-118.0794452,False,False,450.0,"(143, 196, 194)"
1404,California,34.0155848,-118.0404731,False,False,450.0,"(143, 196, 194)"
1405,California,33.95116,-118.053539,False,False,450.0,"(143, 196, 194)"
1406,California,33.9921663,-118.017622,False,False,450.0,"(143, 196, 194)"
1407,California,33.9809286,-118.0437662,False,False,450.0,"(143, 196, 194)"
1408,California,33.9602603,-118.0207603,False,False,450.0,"(143, 196, 194)"
1409,California,,,False,False,450.0,"(143, 196, 194)"
1410,California,39.5242023,-122.3056696,False,False,450.0,"(143, 196, 194)"
1411,California,33.79023129999999,-118.2584452,False,False,450.0,"(143, 196, 194)"
1412,California,33.784471,-118.25757,False,False,450.0,"(143, 196, 194)"
1413,California,34.169657,-118.5713076,False,False,450.0,"(143, 196, 194)"
1414,California,34.1831078,-118.6072181,False,False,450.0,"(143, 196, 194)"
1415,California,38.67851570000001,-121.7732971,False,False,450.0,"(143, 196, 194)"
1416,California,33.8646518,-117.7836138,False,False,450.0,"(143, 196, 194)"
1417,California,37.746154,-119.574336,False,False,450.0,"(143, 196, 194)"
1418,California,33.896276,-117.818758,False,False,450.0,"(143, 196, 194)"
1419,California,37.7419444,-119.5655556,False,False,450.0,"(143, 196, 194)"
1420,California,37.8651011,-119.5383294,False,False,450.0,"(143, 196, 194)"
1421,California,39.1297513,-121.623349,False,False,450.0,"(143, 196, 194)"
1422,California,34.0408997,-117.0816788,False,False,450.0,"(143, 196, 194)"
1423,California,34.0336006,-117.0290199,False,False,450.0,"(143, 196, 194)"
1424,Massachusetts,41.9877398,-70.9660014,False,False,179.0,"(143, 195, 193)"
1425,Massachusetts,41.9932248,-70.9736001,False,False,179.0,"(143, 195, 193)"
1426,Massachusetts,41.9334344,-70.9989314,False,False,179.0,"(143, 195, 193)"
1427,Massachusetts,41.9956565,-70.98170929999999,False,False,179.0,"(143, 195, 193)"
1428,Massachusetts,41.9688303,-71.0393766,False,False,179.0,"(143, 195, 193)"
1429,Massachusetts,41.9955015,-71.0765188,False,False,179.0,"(143, 195, 193)"
1430,Massachusetts,42.0660687,-71.0165786,False,False,179.0,"(143, 195, 193)"
1431,Massachusetts,42.09316829999999,-71.0668891,False,False,179.0,"(143, 195, 193)"
1432,Massachusetts,42.4825157,-71.2137169,False,False,179.0,"(143, 195, 193)"
1433,Massachusetts,42.5232822,-71.1810368,False,False,179.0,"(143, 195, 193)"
1434,Massachusetts,42.366823,-71.10666599999999,False,False,179.0,"(143, 195, 193)"
1435,Massachusetts,42.3744044,-71.1116098,False,False,179.0,"(143, 195, 193)"
1436,Massachusetts,42.4016029,-71.1313553,False,False,179.0,"(143, 195, 193)"
1437,Massachusetts,42.3959741,-71.12902,False,False,179.0,"(143, 195, 193)"
1438,Massachusetts,42.15601119999999,-71.1503573,False,False,179.0,"(143, 195, 193)"
1439,Massachusetts,41.7040107,-70.3156609,False,False,179.0,"(143, 195, 193)"
1440,Massachusetts,42.6361478,-72.8831505,False,False,179.0,"(143, 195, 193)"
1441,Massachusetts,42.6356785,-71.3796785,False,False,179.0,"(143, 195, 193)"
1442,Massachusetts,42.39832699999999,-71.02803399999999,False,False,179.0,"(143, 195, 193)"
1443,Massachusetts,42.4090178,-71.0313906,False,False,179.0,"(143, 195, 193)"
1444,Massachusetts,42.392834,-71.032725,False,False,179.0,"(143, 195, 193)"
1445,Massachusetts,42.3199094,-71.157477,False,False,179.0,"(143, 195, 193)"
1446,Massachusetts,42.3475848,-71.0624516,False,False,179.0,"(143, 195, 193)"
1447,Massachusetts,42.3475848,-71.0624516,False,False,179.0,"(143, 195, 193)"
1448,Massachusetts,42.4050878,-71.68401,False,False,179.0,"(143, 195, 193)"
1449,Massachusetts,42.4050878,-71.68401,False,False,179.0,"(143, 195, 193)"
1450,Massachusetts,42.242977,-70.802165,True,False,179.0,"(143, 195, 193)"
1451,Massachusetts,42.461624,-71.34958,False,False,179.0,"(143, 195, 193)"
1452,Massachusetts,42.31674659999999,-72.6356524,False,False,179.0,"(143, 195, 193)"
1453,Massachusetts,42.3199094,-71.157477,False,False,179.0,"(143, 195, 193)"
1454,California,34.081778,-117.0444497,False,False,450.0,"(143, 196, 194)"
1455,California,34.0485277,-117.0155747,False,False,450.0,"(143, 196, 194)"
1456,California,34.0417449,-117.0191978,False,False,450.0,"(143, 196, 194)"
1457,California,34.0198292,-116.9997225,False,False,450.0,"(143, 196, 194)"
1458,Massachusetts,42.5853611,-70.9809822,False,False,179.0,"(143, 195, 193)"
1459,Massachusetts,42.554586,-70.930453,False,False,179.0,"(143, 195, 193)"
1460,Massachusetts,42.561854,-70.940634,False,False,179.0,"(143, 195, 193)"
1461,Massachusetts,42.608034,-70.93493190000001,False,False,179.0,"(143, 195, 193)"
1462,Massachusetts,41.6387356,-71.0384249,False,False,179.0,"(143, 195, 193)"
1463,Massachusetts,42.6612017,-71.36895129999999,False,False,179.0,"(143, 195, 193)"
1464,Massachusetts,42.683707,-71.282277,False,False,179.0,"(143, 195, 193)"
1465,Massachusetts,42.05753139999999,-70.7423732,False,False,179.0,"(143, 195, 193)"
1466,Massachusetts,42.3778102,-71.0280355,False,False,179.0,"(143, 195, 193)"
1467,Massachusetts,42.0293245,-70.9543082,False,False,179.0,"(143, 195, 193)"
1468,Massachusetts,42.0373214,-70.92118959999999,False,False,179.0,"(143, 195, 193)"
1469,Massachusetts,42.173468,-73.035376,False,False,179.0,"(143, 195, 193)"
1470,Massachusetts,42.2733671,-72.6524896,False,False,179.0,"(143, 195, 193)"
1471,Massachusetts,42.0590153,-71.0806276,False,False,179.0,"(143, 195, 193)"
1472,Massachusetts,42.4203445,-71.0448881,False,False,179.0,"(143, 195, 193)"
1473,Massachusetts,41.6435944,-70.905382,False,False,179.0,"(143, 195, 193)"
1474,Massachusetts,41.635698,-70.9033893,False,False,179.0,"(143, 195, 193)"
1475,Massachusetts,41.635698,-70.9033893,False,False,179.0,"(143, 195, 193)"
1476,Massachusetts,41.635698,-70.9033893,False,False,179.0,"(143, 195, 193)"
1477,Massachusetts,41.635698,-70.9033893,False,False,179.0,"(143, 195, 193)"
1478,Massachusetts,,,False,False,179.0,"(143, 195, 193)"
1479,Massachusetts,41.6989279,-71.156196,False,False,179.0,"(143, 195, 193)"
1480,Massachusetts,41.73671299999999,-71.112426,False,False,179.0,"(143, 195, 193)"
1481,Massachusetts,41.7063774,-71.1367964,False,False,179.0,"(143, 195, 193)"
1482,Massachusetts,41.5572671,-70.6291227,False,False,179.0,"(143, 195, 193)"
1483,Massachusetts,41.553821,-70.61344199999999,False,False,179.0,"(143, 195, 193)"
1484,Massachusetts,42.2979259,-71.43704629999999,False,False,179.0,"(143, 195, 193)"
1485,Massachusetts,42.2979259,-71.43704629999999,False,False,179.0,"(143, 195, 193)"
1486,Massachusetts,42.0832545,-72.65972239999999,False,False,179.0,"(143, 195, 193)"
1487,Massachusetts,42.6145227,-71.8494638,False,False,179.0,"(143, 195, 193)"
1488,Massachusetts,,,False,False,179.0,"(143, 195, 193)"
1489,Massachusetts,42.5892339,-72.0379155,False,False,179.0,"(143, 195, 193)"
1490,Massachusetts,42.5801535,-71.9712156,False,False,179.0,"(143, 195, 193)"
1491,Massachusetts,42.5864302,-71.9870196,False,False,179.0,"(143, 195, 193)"
1492,Massachusetts,42.57576700000001,-71.99713059999999,False,False,179.0,"(143, 195, 193)"
1493,Massachusetts,42.5575588,-71.9807958,False,False,179.0,"(143, 195, 193)"
1494,Massachusetts,42.58529900000001,-70.6925,False,False,179.0,"(143, 195, 193)"
1495,Massachusetts,42.648611,-70.5930556,False,False,179.0,"(143, 195, 193)"
1496,Massachusetts,42.64648709999999,-72.6202139,False,False,179.0,"(143, 195, 193)"
1497,Massachusetts,42.6154437,-71.5785106,False,False,179.0,"(143, 195, 193)"
1498,Massachusetts,42.6070629,-71.5701271,False,False,179.0,"(143, 195, 193)"
1499,Massachusetts,42.606676,-71.5686482,False,False,179.0,"(143, 195, 193)"
1500,Massachusetts,42.7706606,-71.0226615,False,False,179.0,"(143, 195, 193)"
1501,Massachusetts,42.058094,-70.8502462,False,False,179.0,"(143, 195, 193)"
1502,Massachusetts,42.0468724,-70.8720282,False,False,179.0,"(143, 195, 193)"
1503,Massachusetts,42.1160016,-70.8444143,False,False,179.0,"(143, 195, 193)"
1504,Massachusetts,42.80830539999999,-71.0783859,False,False,179.0,"(143, 195, 193)"
1505,Massachusetts,42.7722484,-71.0652771,False,False,179.0,"(143, 195, 193)"
1506,Massachusetts,,,False,False,179.0,"(143, 195, 193)"
1507,Massachusetts,42.2409729,-70.9138298,True,False,179.0,"(143, 195, 193)"
1508,Massachusetts,42.4558191,-73.0969175,False,False,179.0,"(143, 195, 193)"
1509,Massachusetts,42.189932,-72.6198244,False,False,179.0,"(143, 195, 193)"
1510,Massachusetts,42.3045351,-70.9051126,False,False,179.0,"(143, 195, 193)"
1511,Massachusetts,42.2917663,-70.87449,True,False,179.0,"(143, 195, 193)"
1512,Massachusetts,42.2552062,-71.120774,False,False,179.0,"(143, 195, 193)"
1513,Massachusetts,42.6985523,-70.8695947,False,False,179.0,"(143, 195, 193)"
1514,Massachusetts,41.84059,-70.9455146,False,False,179.0,"(143, 195, 193)"
1515,Massachusetts,42.4724011,-71.7110435,False,False,179.0,"(143, 195, 193)"
1516,Massachusetts,42.4622692,-71.6718776,False,False,179.0,"(143, 195, 193)"
1517,Massachusetts,42.447575,-71.6897195,False,False,179.0,"(143, 195, 193)"
1518,Massachusetts,42.2479841,-71.90374179999999,False,False,179.0,"(143, 195, 193)"
1519,Massachusetts,42.2633796,-71.8959903,False,False,179.0,"(143, 195, 193)"
1520,Massachusetts,42.341822,-73.2672359,False,False,179.0,"(143, 195, 193)"
1521,Massachusetts,42.3490804,-73.2244777,False,False,179.0,"(143, 195, 193)"
1522,Massachusetts,42.4500845,-73.2453824,False,False,179.0,"(143, 195, 193)"
1523,Massachusetts,42.4579978,-71.32152049999999,False,False,179.0,"(143, 195, 193)"
1524,Massachusetts,42.427543,-71.30221399999999,False,False,179.0,"(143, 195, 193)"
1525,Massachusetts,42.5623692,-71.48218969999999,False,False,179.0,"(143, 195, 193)"
1526,Massachusetts,42.624336,-71.3367669,False,False,179.0,"(143, 195, 193)"
1527,Massachusetts,,,False,False,179.0,"(143, 195, 193)"
1528,Massachusetts,42.645133,-71.3041913,False,False,179.0,"(143, 195, 193)"
1529,Massachusetts,42.6472986,-71.3066893,False,False,179.0,"(143, 195, 193)"
1530,Massachusetts,42.6409495,-71.3124059,False,False,179.0,"(143, 195, 193)"
1531,Massachusetts,42.6278252,-71.3329255,False,False,179.0,"(143, 195, 193)"
1532,Massachusetts,42.63070279999999,-71.3180174,False,False,179.0,"(143, 195, 193)"
1533,Massachusetts,42.1602035,-72.4787435,False,False,179.0,"(143, 195, 193)"
1534,Massachusetts,42.483707,-70.9836617,False,False,179.0,"(143, 195, 193)"
1535,Massachusetts,42.476875,-70.9439079,False,False,179.0,"(143, 195, 193)"
1536,Massachusetts,42.4771281,-70.9865063,False,False,179.0,"(143, 195, 193)"
1537,Massachusetts,42.4729847,-70.9585422,False,False,179.0,"(143, 195, 193)"
1538,Massachusetts,42.512464,-71.015349,False,False,179.0,"(143, 195, 193)"
1539,Massachusetts,42.5277774,-71.030272,False,False,179.0,"(143, 195, 193)"
1540,Massachusetts,42.58529900000001,-70.6925,False,False,179.0,"(143, 195, 193)"
1541,Massachusetts,42.4771281,-70.9865063,False,False,179.0,"(143, 195, 193)"
1542,Massachusetts,42.4202985,-71.0078187,False,False,179.0,"(143, 195, 193)"
1543,Massachusetts,,,False,False,179.0,"(143, 195, 193)"
1544,Massachusetts,42.51048189999999,-70.8463701,False,False,179.0,"(143, 195, 193)"
1545,Massachusetts,42.4923882,-70.8692233,False,False,179.0,"(143, 195, 193)"
1546,Massachusetts,42.4981591,-70.86181909999999,False,False,179.0,"(143, 195, 193)"
1547,Massachusetts,42.3362375,-71.5421879,False,False,179.0,"(143, 195, 193)"
1548,Massachusetts,,,False,False,179.0,"(143, 195, 193)"
1549,Massachusetts,41.7080104,-70.767304,False,False,179.0,"(143, 195, 193)"
1550,Massachusetts,41.7034294,-70.8463424,False,False,179.0,"(143, 195, 193)"
1551,Massachusetts,42.1748268,-71.2902976,False,False,179.0,"(143, 195, 193)"
1552,Massachusetts,42.3944452,-71.1208017,False,False,179.0,"(143, 195, 193)"
1553,Massachusetts,,,False,False,179.0,"(143, 195, 193)"
1554,Massachusetts,42.1545356,-71.4385879,False,False,179.0,"(143, 195, 193)"
1555,Massachusetts,42.1552471,-71.4087157,False,False,179.0,"(143, 195, 193)"
1556,Massachusetts,42.8308347,-71.0056821,False,False,179.0,"(143, 195, 193)"
1557,Massachusetts,42.733118,-71.17140169999999,False,False,179.0,"(143, 195, 193)"
1558,Massachusetts,42.728297,-71.187074,False,False,179.0,"(143, 195, 193)"
1559,Massachusetts,42.5920368,-72.2164614,False,False,179.0,"(143, 195, 193)"
1560,Massachusetts,,,False,False,179.0,"(143, 195, 193)"
1561,Massachusetts,42.149914,-71.53552599999999,False,False,179.0,"(143, 195, 193)"
1562,Massachusetts,42.2595406,-71.05948029999999,False,False,179.0,"(143, 195, 193)"
1563,Massachusetts,,,False,False,179.0,"(143, 195, 193)"
1564,Massachusetts,42.143372,-72.32991059999999,False,False,179.0,"(143, 195, 193)"
1565,Massachusetts,42.6753744,-73.0905616,False,False,179.0,"(143, 195, 193)"
1566,Massachusetts,41.2728012,-70.09173009999999,False,False,179.0,"(143, 195, 193)"
1567,Massachusetts,41.2850804,-70.100752,False,False,179.0,"(143, 195, 193)"
1568,Massachusetts,41.28160810000001,-70.1023967,False,False,179.0,"(143, 195, 193)"
1569,Massachusetts,41.2856145,-70.1096712,False,False,179.0,"(143, 195, 193)"
1570,Massachusetts,41.282347,-70.09907799999999,False,False,179.0,"(143, 195, 193)"
1571,Massachusetts,41.329337,-69.996993,False,False,179.0,"(143, 195, 193)"
1572,Massachusetts,41.6335027,-70.9344514,False,False,179.0,"(143, 195, 193)"
1573,Massachusetts,41.6444422,-70.9321001,False,False,179.0,"(143, 195, 193)"
1574,Massachusetts,41.6350108,-70.92743899999999,False,False,179.0,"(143, 195, 193)"
1575,Massachusetts,41.6453018,-70.9470754,False,False,179.0,"(143, 195, 193)"
1576,Massachusetts,41.6453018,-70.9470754,False,False,179.0,"(143, 195, 193)"
1577,Massachusetts,41.633224,-70.92515399999999,False,False,179.0,"(143, 195, 193)"
1578,Massachusetts,42.33196909999999,-72.1124555,False,False,179.0,"(143, 195, 193)"
1579,Massachusetts,42.7978695,-70.8522743,False,False,179.0,"(143, 195, 193)"
1580,Massachusetts,42.7440048,-70.91920139999999,False,False,179.0,"(143, 195, 193)"
1581,Massachusetts,42.82249840000001,-70.9221584,False,False,179.0,"(143, 195, 193)"
1582,Massachusetts,42.8131417,-70.8862475,False,False,179.0,"(143, 195, 193)"
1583,Massachusetts,42.80594019999999,-70.87589539999999,False,False,179.0,"(143, 195, 193)"
1584,Massachusetts,42.0967606,-71.2890081,False,False,179.0,"(143, 195, 193)"
1585,Massachusetts,42.6753744,-73.0905616,False,False,179.0,"(143, 195, 193)"
1586,Massachusetts,42.6677049,-71.12257050000001,False,False,179.0,"(143, 195, 193)"
1587,Massachusetts,42.680857,-71.10340099999999,False,False,179.0,"(143, 195, 193)"
1588,Massachusetts,41.982431,-71.33223699999999,False,False,179.0,"(143, 195, 193)"
1589,Massachusetts,41.9766919,-71.3170677,False,False,179.0,"(143, 195, 193)"
1590,Massachusetts,42.3305027,-72.6531304,False,False,179.0,"(143, 195, 193)"
1591,Massachusetts,42.3305027,-72.6531304,False,False,179.0,"(143, 195, 193)"
1592,Massachusetts,42.31809570000001,-72.6372341,False,False,179.0,"(143, 195, 193)"
1593,Massachusetts,42.6663596,-72.48517509999999,False,False,179.0,"(143, 195, 193)"
1594,Massachusetts,41.9680101,-71.18519429999999,False,False,179.0,"(143, 195, 193)"
1595,Massachusetts,42.174642,-71.1913062,False,False,179.0,"(143, 195, 193)"
1596,California,37.7743105,-122.4207899,False,False,450.0,"(143, 196, 194)"
1597,Massachusetts,,,False,False,179.0,"(143, 195, 193)"
1598,Massachusetts,42.574286,-72.3027537,False,False,179.0,"(143, 195, 193)"
1599,Massachusetts,42.118582,-71.865207,False,False,179.0,"(143, 195, 193)"
1600,Massachusetts,42.1125,-71.871037,False,False,179.0,"(143, 195, 193)"
1601,Massachusetts,42.1819314,-72.31205779999999,False,False,179.0,"(143, 195, 193)"
1602,Massachusetts,42.18576280000001,-72.3394522,False,False,179.0,"(143, 195, 193)"
1603,Massachusetts,42.327075,-71.91794399999999,False,False,179.0,"(143, 195, 193)"
1604,Massachusetts,42.327075,-71.91794399999999,False,False,179.0,"(143, 195, 193)"
1605,Massachusetts,42.3083771,-71.9519285,False,False,179.0,"(143, 195, 193)"
1606,Massachusetts,42.53986039999999,-70.91763949999999,False,False,179.0,"(143, 195, 193)"
1607,Massachusetts,42.5537302,-70.9961398,False,False,179.0,"(143, 195, 193)"
1608,Massachusetts,42.5407812,-70.944278,False,False,179.0,"(143, 195, 193)"
1609,Massachusetts,,,False,False,179.0,"(143, 195, 193)"
1610,Massachusetts,,,False,False,179.0,"(143, 195, 193)"
1611,Massachusetts,41.9796838,-70.691113,False,False,179.0,"(143, 195, 193)"
1612,Massachusetts,41.9445373,-71.1206067,False,False,179.0,"(143, 195, 193)"
1613,Massachusetts,42.0751892,-70.8800187,False,False,179.0,"(143, 195, 193)"
1614,Massachusetts,41.9601204,-70.6675278,False,False,179.0,"(143, 195, 193)"
1615,Massachusetts,42.4891723,-71.88704249999999,False,False,179.0,"(143, 195, 193)"
1616,Massachusetts,42.050464,-70.188361,False,False,179.0,"(143, 195, 193)"
1617,Massachusetts,42.2612853,-71.0114358,False,False,179.0,"(143, 195, 193)"
1618,California,39.8120469,-121.5780923,False,False,450.0,"(143, 196, 194)"
1619,California,34.0374873,-118.618639,False,False,450.0,"(143, 196, 194)"
1620,California,34.1097022,-118.7556531,False,False,450.0,"(143, 196, 194)"
1621,California,37.780834,-121.227185,False,False,450.0,"(143, 196, 194)"
1622,California,37.797133,-121.215525,False,False,450.0,"(143, 196, 194)"
1623,California,37.7942198,-121.1926854,False,False,450.0,"(143, 196, 194)"
1624,California,37.800833,-121.234442,False,False,450.0,"(143, 196, 194)"
1625,California,37.9435949,-122.0685428,False,False,450.0,"(143, 196, 194)"
1626,California,38.0039005,-122.6202658,False,False,450.0,"(143, 196, 194)"
1627,California,33.9907869,-118.4464977,False,False,450.0,"(143, 196, 194)"
1628,California,37.4563951,-122.1784711,False,False,450.0,"(143, 196, 194)"
1629,California,37.466322,-122.1662951,False,False,450.0,"(143, 196, 194)"
1630,California,37.3123977,-120.4838896,False,False,450.0,"(143, 196, 194)"
1631,California,37.3704952,-120.4290782,False,False,450.0,"(143, 196, 194)"
1632,California,37.3005188,-120.480459,False,False,450.0,"(143, 196, 194)"
1633,California,37.3767874,-120.4314421,False,False,450.0,"(143, 196, 194)"
1634,California,37.4471677,-121.8478095,False,False,450.0,"(143, 196, 194)"
1635,California,34.2729782,-118.4616431,False,False,450.0,"(143, 196, 194)"
1636,California,37.6480539,-120.98384,False,False,450.0,"(143, 196, 194)"
1637,California,37.6898312,-121.0096324,False,False,450.0,"(143, 196, 194)"
1638,California,37.6513573,-120.9616067,False,False,450.0,"(143, 196, 194)"
1639,California,37.694311,-120.993954,False,False,450.0,"(143, 196, 194)"
1640,California,37.6310721,-121.0072994,False,False,450.0,"(143, 196, 194)"
1641,California,38.5690959,-121.4681111,False,False,450.0,"(143, 196, 194)"
1642,California,37.6887363,-121.0540259,False,False,450.0,"(143, 196, 194)"
1643,California,38.301161,-120.705701,False,False,450.0,"(143, 196, 194)"
1644,California,34.1514374,-118.0058006,False,False,450.0,"(143, 196, 194)"
1645,California,34.14965919999999,-117.9984344,False,False,450.0,"(143, 196, 194)"
1646,California,34.1461408,-118.0169951,False,False,450.0,"(143, 196, 194)"
1647,California,34.0340124,-118.0927655,False,False,450.0,"(143, 196, 194)"
1648,California,33.9918443,-118.1116882,False,False,450.0,"(143, 196, 194)"
1649,California,34.017378,-118.130215,False,False,450.0,"(143, 196, 194)"
1650,Massachusetts,42.242587,-71.00322899999999,False,False,179.0,"(143, 195, 193)"
1651,Massachusetts,41.8660025,-71.21455329999999,False,False,179.0,"(143, 195, 193)"
1652,Massachusetts,41.8408039,-71.2610644,False,False,179.0,"(143, 195, 193)"
1653,Massachusetts,41.7984379,-71.20132339999999,False,False,179.0,"(143, 195, 193)"
1654,Massachusetts,41.8172735,-71.2774098,False,False,179.0,"(143, 195, 193)"
1655,Massachusetts,41.851674,-71.2441204,False,False,179.0,"(143, 195, 193)"
1656,Massachusetts,,,False,False,179.0,"(143, 195, 193)"
1657,Massachusetts,42.1287298,-70.9156921,False,False,179.0,"(143, 195, 193)"
1658,Massachusetts,42.6443656,-72.2288739,False,False,179.0,"(143, 195, 193)"
1659,Massachusetts,42.367494,-71.95051300000002,False,False,179.0,"(143, 195, 193)"
1660,Massachusetts,42.445928,-71.03582589999999,False,False,179.0,"(143, 195, 193)"
1661,Massachusetts,42.5221564,-70.8963115,False,False,179.0,"(143, 195, 193)"
1662,Massachusetts,42.5227362,-70.8903974,False,False,179.0,"(143, 195, 193)"
1663,Massachusetts,42.5229394,-70.8916371,False,False,179.0,"(143, 195, 193)"
1664,Massachusetts,42.522611,-70.893118,False,False,179.0,"(143, 195, 193)"
1665,Massachusetts,42.535836,-70.910856,False,False,179.0,"(143, 195, 193)"
1666,Massachusetts,42.51169100000001,-70.90628269999999,False,False,179.0,"(143, 195, 193)"
1667,Massachusetts,42.5232338,-70.8973178,False,False,179.0,"(143, 195, 193)"
1668,Massachusetts,42.503103,-70.890682,False,False,179.0,"(143, 195, 193)"
1669,Massachusetts,42.503103,-70.890682,False,False,179.0,"(143, 195, 193)"
1670,Massachusetts,42.5217611,-70.89769629999999,False,False,179.0,"(143, 195, 193)"
1671,Massachusetts,42.5229394,-70.8916371,False,False,179.0,"(143, 195, 193)"
1672,Massachusetts,42.0940051,-73.077362,False,False,179.0,"(143, 195, 193)"
1673,Massachusetts,41.7681612,-70.5661411,False,False,179.0,"(143, 195, 193)"
1674,Massachusetts,42.5295225,-72.998316,False,False,179.0,"(143, 195, 193)"
1675,Massachusetts,,,False,False,179.0,"(143, 195, 193)"
1676,Massachusetts,42.2697165,-70.7591154,True,False,179.0,"(143, 195, 193)"
1677,Massachusetts,42.1995458,-70.7161516,False,False,179.0,"(143, 195, 193)"
1678,Massachusetts,41.8357527,-71.33270519999999,False,False,179.0,"(143, 195, 193)"
1679,Massachusetts,42.291989,-71.70358999999999,False,False,179.0,"(143, 195, 193)"
1680,California,34.0207615,-118.1154682,False,False,450.0,"(143, 196, 194)"
1681,California,34.0376,-118.0816847,False,False,450.0,"(143, 196, 194)"
1682,California,34.0198535,-118.1330326,False,False,450.0,"(143, 196, 194)"
1683,California,36.5973186,-121.8934592,False,False,450.0,"(143, 196, 194)"
1684,California,36.1288547,-121.0204672,False,False,450.0,"(143, 196, 194)"
1685,California,,,False,False,450.0,"(143, 196, 194)"
1686,California,33.9229759,-117.1915375,False,False,450.0,"(143, 196, 194)"
1687,California,33.9657699,-117.2367594,False,False,450.0,"(143, 196, 194)"
1688,California,,,False,False,450.0,"(143, 196, 194)"
1689,California,35.3822718,-120.8575064,False,False,450.0,"(143, 196, 194)"
1690,California,35.3595268,-120.8514641,False,False,450.0,"(143, 196, 194)"
1691,California,37.517728,-122.512849,False,False,450.0,"(143, 196, 194)"
1692,California,34.2700828,-117.6219104,False,False,450.0,"(143, 196, 194)"
1693,California,34.0156404,-118.1228745,False,False,450.0,"(143, 196, 194)"
1694,California,37.4112691,-122.0540996,False,False,450.0,"(143, 196, 194)"
1695,California,33.5301568,-117.1699011,False,False,450.0,"(143, 196, 194)"
1696,California,33.5528599,-117.2192837,False,False,450.0,"(143, 196, 194)"
1697,California,33.5640069,-117.2307136,False,False,450.0,"(143, 196, 194)"
1698,California,38.2829554,-122.2799322,False,False,450.0,"(143, 196, 194)"
1699,California,39.2622052,-121.0179185,False,False,450.0,"(143, 196, 194)"
1700,California,34.178351,-118.912092,False,False,450.0,"(143, 196, 194)"
1701,California,,,False,False,450.0,"(143, 196, 194)"
1702,California,37.526336,-122.000631,False,False,450.0,"(143, 196, 194)"
1703,California,37.526336,-122.000631,False,False,450.0,"(143, 196, 194)"
1704,California,33.6072954,-117.897071,False,False,450.0,"(143, 196, 194)"
1705,California,33.6265672,-117.9100803,False,False,450.0,"(143, 196, 194)"
1706,California,33.622969,-117.910863,False,False,450.0,"(143, 196, 194)"
1707,California,33.6277237,-117.9370735,False,False,450.0,"(143, 196, 194)"
1708,California,37.594091,-121.8889721,False,False,450.0,"(143, 196, 194)"
1709,Massachusetts,42.395749,-71.1238204,False,False,179.0,"(143, 195, 193)"
1710,Massachusetts,41.91643699999999,-71.3069087,False,False,179.0,"(143, 195, 193)"
1711,Massachusetts,42.2532535,-72.5761394,False,False,179.0,"(143, 195, 193)"
1712,Massachusetts,42.2549067,-72.00718540000001,False,False,179.0,"(143, 195, 193)"
1713,Massachusetts,,,False,False,179.0,"(143, 195, 193)"
1714,Massachusetts,42.169722,-72.641117,False,False,179.0,"(143, 195, 193)"
1715,Massachusetts,,,False,False,179.0,"(143, 195, 193)"
1716,Massachusetts,42.1022292,-72.5565631,False,False,179.0,"(143, 195, 193)"
1717,Massachusetts,42.1262461,-72.590661,False,False,179.0,"(143, 195, 193)"
1718,Massachusetts,42.1149784,-72.5186855,False,False,179.0,"(143, 195, 193)"
1719,Massachusetts,42.1149784,-72.5186855,False,False,179.0,"(143, 195, 193)"
1720,Massachusetts,42.4948088,-71.09426429999999,False,False,179.0,"(143, 195, 193)"
1721,Massachusetts,42.478091,-71.09764799999999,False,False,179.0,"(143, 195, 193)"
1722,Massachusetts,42.4722844,-71.0893321,False,False,179.0,"(143, 195, 193)"
1723,Massachusetts,42.1089111,-72.0987031,False,False,179.0,"(143, 195, 193)"
1724,Massachusetts,42.35742459999999,-71.46900579999999,False,False,179.0,"(143, 195, 193)"
1725,Massachusetts,41.9230145,-71.079624,False,False,179.0,"(143, 195, 193)"
1726,Massachusetts,,,False,False,179.0,"(143, 195, 193)"
1727,Massachusetts,41.9610807,-71.12758749999999,False,False,179.0,"(143, 195, 193)"
1728,Massachusetts,41.8699893,-71.0455312,False,False,179.0,"(143, 195, 193)"
1729,Massachusetts,41.8994475,-71.1113085,False,False,179.0,"(143, 195, 193)"
1730,Massachusetts,41.9445373,-71.1206067,False,False,179.0,"(143, 195, 193)"
1731,Massachusetts,41.9066689,-71.10220570000001,False,False,179.0,"(143, 195, 193)"
1732,Massachusetts,41.9066689,-71.10220570000001,False,False,179.0,"(143, 195, 193)"
1733,Massachusetts,41.9066689,-71.10220570000001,False,False,179.0,"(143, 195, 193)"
1734,Massachusetts,42.5997784,-72.5568064,False,False,179.0,"(143, 195, 193)"
1735,Massachusetts,42.6124473,-71.2269096,False,False,179.0,"(143, 195, 193)"
1736,Massachusetts,42.64497679999999,-71.23425759999999,False,False,179.0,"(143, 195, 193)"
1737,Massachusetts,42.6288124,-71.2308086,False,False,179.0,"(143, 195, 193)"
1738,Massachusetts,,,False,False,179.0,"(143, 195, 193)"
1739,Massachusetts,42.664126,-71.4121212,False,False,179.0,"(143, 195, 193)"
1740,Massachusetts,42.6020617,-71.2426079,False,False,179.0,"(143, 195, 193)"
1741,Massachusetts,42.064856,-71.6047435,False,False,179.0,"(143, 195, 193)"
1742,Massachusetts,,,False,False,179.0,"(143, 195, 193)"
1743,California,37.2290831,-119.5087382,False,False,450.0,"(143, 196, 194)"
1744,California,34.2383746,-118.4769293,False,False,450.0,"(143, 196, 194)"
1745,California,33.902949,-118.074876,False,False,450.0,"(143, 196, 194)"
1746,California,33.9269609,-118.0661834,False,False,450.0,"(143, 196, 194)"
1747,California,33.9082395,-118.0917362,False,False,450.0,"(143, 196, 194)"
1748,California,37.9736077,-122.0554826,False,False,450.0,"(143, 196, 194)"
1749,California,37.78268449999999,-122.1878385,False,False,450.0,"(143, 196, 194)"
1750,California,37.78268449999999,-122.1878385,False,False,450.0,"(143, 196, 194)"
1751,California,37.78268449999999,-122.1878385,False,False,450.0,"(143, 196, 194)"
1752,California,37.8047477,-122.2778923,False,False,450.0,"(143, 196, 194)"
1753,California,37.7454304,-122.1942045,False,False,450.0,"(143, 196, 194)"
1754,California,37.8134565,-122.1831186,False,False,450.0,"(143, 196, 194)"
1755,California,33.2175617,-117.3189045,False,False,450.0,"(143, 196, 194)"
1756,California,33.1755884,-117.3527085,False,False,450.0,"(143, 196, 194)"
1757,California,34.4208986,-119.2676257,False,False,450.0,"(143, 196, 194)"
1758,California,34.437393,-119.255692,False,False,450.0,"(143, 196, 194)"
1759,California,34.0618351,-117.6602106,False,False,450.0,"(143, 196, 194)"
1760,California,34.0525877,-117.6376751,False,False,450.0,"(143, 196, 194)"
1761,California,34.0799599,-117.6525556,False,False,450.0,"(143, 196, 194)"
1762,California,34.0559781,-117.598057,False,False,450.0,"(143, 196, 194)"
1763,California,34.069373,-117.549816,False,False,450.0,"(143, 196, 194)"
1764,California,34.0767165,-117.6182184,False,False,450.0,"(143, 196, 194)"
1765,California,34.0635838,-117.672985,False,False,450.0,"(143, 196, 194)"
1766,California,33.7414085,-118.1047682,False,False,450.0,"(143, 196, 194)"
1767,California,33.7414085,-118.1047682,False,False,450.0,"(143, 196, 194)"
1768,California,33.773351,-117.6822733,False,False,450.0,"(143, 196, 194)"
1769,California,33.7090212,-117.9544069,False,False,450.0,"(143, 196, 194)"
1770,Massachusetts,,,False,False,179.0,"(143, 195, 193)"
1771,Massachusetts,42.0401485,-71.62028579999999,False,False,179.0,"(143, 195, 193)"
1772,Massachusetts,42.499618,-71.0708824,False,False,179.0,"(143, 195, 193)"
1773,Massachusetts,42.3930494,-71.20514109999999,False,False,179.0,"(143, 195, 193)"
1774,Massachusetts,42.4053931,-71.21348449999999,False,False,179.0,"(143, 195, 193)"
1775,Massachusetts,42.2661744,-72.2420254,False,False,179.0,"(143, 195, 193)"
1776,Massachusetts,41.7714232,-70.7459662,False,False,179.0,"(143, 195, 193)"
1777,Massachusetts,42.3767011,-71.1992736,False,False,179.0,"(143, 195, 193)"
1778,Massachusetts,42.3685961,-71.1674594,False,False,179.0,"(143, 195, 193)"
1779,Massachusetts,42.0424654,-71.86998059999999,False,False,179.0,"(143, 195, 193)"
1780,Massachusetts,,,False,False,179.0,"(143, 195, 193)"
1781,Massachusetts,42.2879209,-71.1657354,False,False,179.0,"(143, 195, 193)"
1782,Massachusetts,42.123449,-72.630089,False,False,179.0,"(143, 195, 193)"
1783,Massachusetts,42.1455884,-72.6286472,False,False,179.0,"(143, 195, 193)"
1784,Massachusetts,42.296577,-73.41868529999999,False,False,179.0,"(143, 195, 193)"
1785,Massachusetts,41.6522022,-70.2153098,False,False,179.0,"(143, 195, 193)"
1786,Massachusetts,42.1209602,-72.7643143,False,False,179.0,"(143, 195, 193)"
1787,Massachusetts,42.1318254,-72.7941529,False,False,179.0,"(143, 195, 193)"
1788,Massachusetts,42.5602103,-71.432279,False,False,179.0,"(143, 195, 193)"
1789,Massachusetts,42.5324555,-71.9632716,False,False,179.0,"(143, 195, 193)"
1790,Massachusetts,41.5519185,-71.1082685,False,False,179.0,"(143, 195, 193)"
1791,Massachusetts,41.6445549,-70.8918623,False,False,179.0,"(143, 195, 193)"
1792,Massachusetts,42.3502721,-71.3076196,False,False,179.0,"(143, 195, 193)"
1793,Massachusetts,42.3502721,-71.3076196,False,False,179.0,"(143, 195, 193)"
1794,California,33.8040409,-117.7689903,False,False,450.0,"(143, 196, 194)"
1795,California,,,False,False,450.0,"(143, 196, 194)"
1796,California,33.5880791,-117.6267159,False,False,450.0,"(143, 196, 194)"
1797,California,33.6943229,-117.9257189,False,False,450.0,"(143, 196, 194)"
1798,California,33.7963832,-117.8483638,False,False,450.0,"(143, 196, 194)"
1799,California,34.226913,-119.179603,False,False,450.0,"(143, 196, 194)"
1800,California,34.1935401,-119.1881218,False,False,450.0,"(143, 196, 194)"
1801,California,34.2377794,-119.1527354,False,False,450.0,"(143, 196, 194)"
1802,California,34.22110250000001,-119.1615137,False,False,450.0,"(143, 196, 194)"
1803,California,34.178567,-119.178386,False,False,450.0,"(143, 196, 194)"
1804,California,33.7597717,-118.1138165,False,False,450.0,"(143, 196, 194)"
1805,California,34.2715979,-118.4065119,False,False,450.0,"(143, 196, 194)"
1806,California,34.5524735,-118.0750804,False,False,450.0,"(143, 196, 194)"
1807,California,34.550057,-118.1109877,False,False,450.0,"(143, 196, 194)"
1808,California,37.42115829999999,-122.1185532,False,False,450.0,"(143, 196, 194)"
1809,California,33.7436775,-118.3774217,False,False,450.0,"(143, 196, 194)"
1810,California,33.7422359,-118.4099042,False,False,450.0,"(143, 196, 194)"
1811,California,33.7444613,-118.3870173,False,False,450.0,"(143, 196, 194)"
1812,California,33.7751625,-118.4261788,False,False,450.0,"(143, 196, 194)"
1813,California,33.7404928,-118.3918261,False,False,450.0,"(143, 196, 194)"
1814,California,34.2249999,-118.4477569,False,False,450.0,"(143, 196, 194)"
1815,California,34.2217719,-118.4665967,False,False,450.0,"(143, 196, 194)"
1816,California,34.06901,-117.79038,False,False,450.0,"(143, 196, 194)"
1817,California,34.3162124,-114.1577694,False,False,450.0,"(143, 196, 194)"
1818,California,34.1338745,-118.152018,False,False,450.0,"(143, 196, 194)"
1819,California,34.2382916,-118.1898852,False,False,450.0,"(143, 196, 194)"
1820,California,34.1298026,-118.150457,False,False,450.0,"(143, 196, 194)"
1821,California,34.1439444,-118.1490803,False,False,450.0,"(143, 196, 194)"
1822,California,34.1443942,-118.1495691,False,False,450.0,"(143, 196, 194)"
1823,California,34.2058442,-118.1274515,False,False,450.0,"(143, 196, 194)"
1824,California,34.1439444,-118.1490803,False,False,450.0,"(143, 196, 194)"
1825,Massachusetts,42.3502721,-71.3076196,False,False,179.0,"(143, 195, 193)"
1826,Massachusetts,42.224845,-70.945135,False,False,179.0,"(143, 195, 193)"
1827,Massachusetts,,,False,False,179.0,"(143, 195, 193)"
1828,Massachusetts,,,False,False,179.0,"(143, 195, 193)"
1829,Massachusetts,42.6394506,-72.083604,False,False,179.0,"(143, 195, 193)"
1830,Massachusetts,42.4987674,-71.184349,False,False,179.0,"(143, 195, 193)"
1831,Massachusetts,42.346772,-70.955258,False,False,179.0,"(143, 195, 193)"
1832,Massachusetts,42.3854349,-70.980375,False,False,179.0,"(143, 195, 193)"
1833,Massachusetts,42.4702341,-71.1582197,False,False,179.0,"(143, 195, 193)"
1834,Massachusetts,42.506723,-71.12477799999999,False,False,179.0,"(143, 195, 193)"
1835,Massachusetts,42.4838387,-71.14410889999999,False,False,179.0,"(143, 195, 193)"
1836,Massachusetts,42.2633796,-71.8959903,False,False,179.0,"(143, 195, 193)"
1837,Massachusetts,42.27791,-71.77212999999999,False,False,179.0,"(143, 195, 193)"
1838,Massachusetts,41.6515985,-70.2485275,False,False,179.0,"(143, 195, 193)"
1839,California,34.1613284,-118.1676462,False,False,450.0,"(143, 196, 194)"
1840,California,34.144553,-118.1645887,False,False,450.0,"(143, 196, 194)"
1841,California,34.1516331,-118.1609434,False,False,450.0,"(143, 196, 194)"
1842,California,34.145114,-118.137375,False,False,450.0,"(143, 196, 194)"
1843,California,34.1203068,-118.1333362,False,False,450.0,"(143, 196, 194)"
1844,California,35.6422375,-120.6869026,False,False,450.0,"(143, 196, 194)"
1845,California,,,False,False,450.0,"(143, 196, 194)"
1846,California,35.6255535,-120.69206,False,False,450.0,"(143, 196, 194)"
1847,California,33.8997007,-118.1595814,False,False,450.0,"(143, 196, 194)"
1848,California,33.90219,-118.153868,False,False,450.0,"(143, 196, 194)"
1849,California,38.2348794,-122.6430667,False,False,450.0,"(143, 196, 194)"
1850,California,33.9840476,-118.0873498,False,False,450.0,"(143, 196, 194)"
1851,California,34.0112966,-118.0925158,False,False,450.0,"(143, 196, 194)"
1852,California,33.9944382,-118.0847504,False,False,450.0,"(143, 196, 194)"
1853,California,,,False,False,450.0,"(143, 196, 194)"
1854,California,38.0192148,-121.8840108,False,False,450.0,"(143, 196, 194)"
1855,California,38.0192148,-121.8840108,False,False,450.0,"(143, 196, 194)"
1856,California,33.90254669999999,-117.8540373,False,False,450.0,"(143, 196, 194)"
1857,California,33.903739,-117.8651883,False,False,450.0,"(143, 196, 194)"
1858,California,39.0522278,-121.3098389,False,False,450.0,"(143, 196, 194)"
1859,California,38.7281519,-120.8025664,False,False,450.0,"(143, 196, 194)"
1860,California,38.7292309,-120.7982111,False,False,450.0,"(143, 196, 194)"
1861,California,38.7289806,-120.8009393,False,False,450.0,"(143, 196, 194)"
1862,California,38.7284055,-120.8025055,False,False,450.0,"(143, 196, 194)"
1863,California,38.7287942,-120.7966332,False,False,450.0,"(143, 196, 194)"
1864,California,37.658414,-121.876703,False,False,450.0,"(143, 196, 194)"
1865,California,37.663977,-121.8748136,False,False,450.0,"(143, 196, 194)"
1866,California,38.7684536,-120.6192458,False,False,450.0,"(143, 196, 194)"
1867,California,,,False,False,450.0,"(143, 196, 194)"
1868,California,34.0462808,-117.8107622,False,False,450.0,"(143, 196, 194)"
1869,California,34.0858778,-117.7401771,False,False,450.0,"(143, 196, 194)"
1870,California,34.0522329,-117.8000587,False,False,450.0,"(143, 196, 194)"
1871,California,38.0448072,-122.1885733,False,False,450.0,"(143, 196, 194)"
1872,California,34.1583169,-119.1969548,False,False,450.0,"(143, 196, 194)"
1873,California,36.0727852,-118.9747667,False,False,450.0,"(143, 196, 194)"
1874,California,36.7757956,-121.6695373,False,False,450.0,"(143, 196, 194)"
1875,California,34.0894025,-117.3548926,False,False,450.0,"(143, 196, 194)"
1876,California,34.1213949,-117.5323013,False,False,450.0,"(143, 196, 194)"
1877,California,34.1175734,-117.6119451,False,False,450.0,"(143, 196, 194)"
1878,California,34.1056107,-117.6234244,False,False,450.0,"(143, 196, 194)"
1879,California,33.7422359,-118.4099042,False,False,450.0,"(143, 196, 194)"
1880,California,33.64326680000001,-117.5994453,False,False,450.0,"(143, 196, 194)"
1881,California,36.4819384,-121.7377321,False,False,450.0,"(143, 196, 194)"
1882,California,34.054253,-117.1815252,False,False,450.0,"(143, 196, 194)"
1883,California,,,False,False,450.0,"(143, 196, 194)"
1884,California,34.0265867,-117.1800897,False,False,450.0,"(143, 196, 194)"
1885,California,34.03790620000001,-117.1738992,False,False,450.0,"(143, 196, 194)"
1886,California,34.03790620000001,-117.1738992,False,False,450.0,"(143, 196, 194)"
1887,California,34.023025,-117.1334609,False,False,450.0,"(143, 196, 194)"
1888,California,34.0388214,-117.2080128,False,False,450.0,"(143, 196, 194)"
1889,California,34.0391358,-117.1727964,False,False,450.0,"(143, 196, 194)"
1890,California,34.0618322,-117.1287357,False,False,450.0,"(143, 196, 194)"
1891,California,34.055095,-117.1709382,False,False,450.0,"(143, 196, 194)"
1892,California,34.0519,-117.18246,False,False,450.0,"(143, 196, 194)"
1893,California,33.9909828,-118.0197776,False,False,450.0,"(143, 196, 194)"
1894,California,,,False,False,450.0,"(143, 196, 194)"
1895,California,34.0630404,-117.1632426,False,False,450.0,"(143, 196, 194)"
1896,California,33.8471175,-118.3840853,False,False,450.0,"(143, 196, 194)"
1897,California,37.4479354,-122.2650223,False,False,450.0,"(143, 196, 194)"
1898,California,36.5969966,-119.4522724,False,False,450.0,"(143, 196, 194)"
1899,California,34.105393,-117.397277,False,False,450.0,"(143, 196, 194)"
1900,California,34.0786694,-117.3695151,False,False,450.0,"(143, 196, 194)"
1901,California,37.9529308,-122.3409873,False,False,450.0,"(143, 196, 194)"
1902,California,35.6359364,-117.6594539,False,False,450.0,"(143, 196, 194)"
1903,California,33.928201,-117.4400226,False,False,450.0,"(143, 196, 194)"
1904,California,33.926153,-117.437132,False,False,450.0,"(143, 196, 194)"
1905,California,33.9284067,-117.4255596,False,False,450.0,"(143, 196, 194)"
1906,California,33.90284430000001,-117.4670995,False,False,450.0,"(143, 196, 194)"
1907,California,33.986162,-117.458549,False,False,450.0,"(143, 196, 194)"
1908,California,33.9841225,-117.3763701,False,False,450.0,"(143, 196, 194)"
1909,California,33.9841225,-117.3763701,False,False,450.0,"(143, 196, 194)"
1910,California,33.9841225,-117.3763701,False,False,450.0,"(143, 196, 194)"
1911,California,33.9841225,-117.3763701,False,False,450.0,"(143, 196, 194)"
1912,California,33.9841225,-117.3763701,False,False,450.0,"(143, 196, 194)"
1913,California,33.9841225,-117.3763701,False,False,450.0,"(143, 196, 194)"
1914,California,33.9841225,-117.3763701,False,False,450.0,"(143, 196, 194)"
1915,California,33.9841225,-117.3763701,False,False,450.0,"(143, 196, 194)"
1916,California,33.9841225,-117.3763701,False,False,450.0,"(143, 196, 194)"
1917,California,33.9841225,-117.3763701,False,False,450.0,"(143, 196, 194)"
1918,California,33.9841225,-117.3763701,False,False,450.0,"(143, 196, 194)"
1919,California,33.9841225,-117.3763701,False,False,450.0,"(143, 196, 194)"
1920,California,33.9839038,-117.3931011,False,False,450.0,"(143, 196, 194)"
1921,California,33.7222445,-116.3744556,False,False,450.0,"(143, 196, 194)"
1922,California,33.9942624,-117.3489323,False,False,450.0,"(143, 196, 194)"
1923,California,33.9569357,-117.3879232,False,False,450.0,"(143, 196, 194)"
1924,California,33.8873964,-117.2798923,False,False,450.0,"(143, 196, 194)"
1925,California,33.9820984,-117.3707991,False,False,450.0,"(143, 196, 194)"
1926,California,33.9737055,-117.3280644,False,False,450.0,"(143, 196, 194)"
1927,California,33.972416,-117.3274004,False,False,450.0,"(143, 196, 194)"
1928,California,33.9605927,-117.3671103,False,False,450.0,"(143, 196, 194)"
1929,California,38.7889026,-121.2325792,False,False,450.0,"(143, 196, 194)"
1930,California,38.8132098,-121.2523162,False,False,450.0,"(143, 196, 194)"
1931,California,38.3425314,-122.6194594,False,False,450.0,"(143, 196, 194)"
1932,California,34.0422232,-118.085765,False,False,450.0,"(143, 196, 194)"
1933,California,34.0617405,-118.102915,False,False,450.0,"(143, 196, 194)"
1934,California,34.0517314,-118.0904344,False,False,450.0,"(143, 196, 194)"
1935,California,38.7625558,-121.3325984,False,False,450.0,"(143, 196, 194)"
1936,California,33.9819728,-117.8848705,False,False,450.0,"(143, 196, 194)"
1937,California,33.9839038,-117.3931011,False,False,450.0,"(143, 196, 194)"
1938,California,38.4870883,-121.5148468,False,False,450.0,"(143, 196, 194)"
1939,California,38.577039,-121.5064876,False,False,450.0,"(143, 196, 194)"
1940,California,38.5827116,-121.5066906,False,False,450.0,"(143, 196, 194)"
1941,California,38.4961047,-121.3925744,False,False,450.0,"(143, 196, 194)"
1942,California,38.5509893,-121.4891251,False,False,450.0,"(143, 196, 194)"
1943,California,38.6056001,-121.459891,False,False,450.0,"(143, 196, 194)"
1944,California,38.528998,-121.3348872,False,False,450.0,"(143, 196, 194)"
1945,California,,,False,False,450.0,"(143, 196, 194)"
1946,California,38.4595817,-121.4280148,False,False,450.0,"(143, 196, 194)"
1947,California,38.561341,-121.492643,False,False,450.0,"(143, 196, 194)"
1948,California,38.5990955,-121.5433251,False,False,450.0,"(143, 196, 194)"
1949,California,38.562152,-121.5012022,False,False,450.0,"(143, 196, 194)"
1950,California,38.5816608,-121.4950823,False,False,450.0,"(143, 196, 194)"
1951,California,38.581161,-121.4861716,False,False,450.0,"(143, 196, 194)"
1952,California,38.573344,-121.4637055,False,False,450.0,"(143, 196, 194)"
1953,California,38.5827305,-121.5051321,False,False,450.0,"(143, 196, 194)"
1954,California,36.686397,-121.5639572,False,False,450.0,"(143, 196, 194)"
1955,California,36.6831748,-121.6713019,False,False,450.0,"(143, 196, 194)"
1956,California,36.6670504,-121.6581657,False,False,450.0,"(143, 196, 194)"
1957,California,34.041504,-117.364575,False,False,450.0,"(143, 196, 194)"
1958,California,34.176752,-117.321839,False,False,450.0,"(143, 196, 194)"
1959,California,34.9455639,-116.8653421,False,False,450.0,"(143, 196, 194)"
1960,California,34.1065707,-117.2954707,False,False,450.0,"(143, 196, 194)"
1961,California,34.219779,-117.402186,False,False,450.0,"(143, 196, 194)"
1962,California,34.139938,-117.2900186,False,False,450.0,"(143, 196, 194)"
1963,California,34.134958,-117.276782,False,False,450.0,"(143, 196, 194)"
1964,California,34.1313935,-117.2956395,False,False,450.0,"(143, 196, 194)"
1965,California,37.639432,-122.419105,False,False,450.0,"(143, 196, 194)"
1966,California,33.4528035,-117.6458542,False,False,450.0,"(143, 196, 194)"
1967,California,33.463153,-117.5961415,False,False,450.0,"(143, 196, 194)"
1968,California,33.419595,-117.6197983,False,False,450.0,"(143, 196, 194)"
1969,California,32.6583258,-117.0352904,False,False,450.0,"(143, 196, 194)"
1970,California,32.6471172,-116.9992226,False,False,450.0,"(143, 196, 194)"
1971,California,32.7192182,-117.1303096,False,False,450.0,"(143, 196, 194)"
1972,California,32.6400541,-117.0841955,False,False,450.0,"(143, 196, 194)"
1973,California,32.7167272,-117.1661194,False,False,450.0,"(143, 196, 194)"
1974,California,32.7947731,-116.9625269,False,False,450.0,"(143, 196, 194)"
1975,California,32.7947731,-116.9625269,False,False,450.0,"(143, 196, 194)"
1976,California,32.7547986,-117.1970447,False,False,450.0,"(143, 196, 194)"
1977,California,32.7103402,-117.1612631,False,False,450.0,"(143, 196, 194)"
1978,California,32.680923,-117.178448,False,False,450.0,"(143, 196, 194)"
1979,California,32.6852445,-116.5214263,False,False,450.0,"(143, 196, 194)"
1980,California,32.8804286,-117.159597,False,False,450.0,"(143, 196, 194)"
1981,California,32.7670907,-117.1623501,False,False,450.0,"(143, 196, 194)"
1982,California,32.5855988,-117.0647042,False,False,450.0,"(143, 196, 194)"
1983,California,32.8323834,-117.2688734,False,False,450.0,"(143, 196, 194)"
1984,California,,,False,False,450.0,"(143, 196, 194)"
1985,California,32.8141393,-117.1539653,False,False,450.0,"(143, 196, 194)"
1986,California,32.7516073,-117.1932703,False,False,450.0,"(143, 196, 194)"
1987,California,32.6886442,-117.245578,False,False,450.0,"(143, 196, 194)"
1988,California,32.7582,-117.1960909,False,False,450.0,"(143, 196, 194)"
1989,California,33.0262922,-116.8688937,False,False,450.0,"(143, 196, 194)"
1990,California,33.0888562,-117.164745,False,False,450.0,"(143, 196, 194)"
1991,California,,,False,False,450.0,"(143, 196, 194)"
1992,California,32.752778,-117.194556,False,False,450.0,"(143, 196, 194)"
1993,California,32.7160596,-117.1615416,False,False,450.0,"(143, 196, 194)"
1994,California,35.353561,-119.331392,False,False,450.0,"(143, 196, 194)"
1995,California,32.708115,-117.146077,False,False,450.0,"(143, 196, 194)"
1996,California,34.107403,-117.817696,False,False,450.0,"(143, 196, 194)"
1997,California,34.0856204,-117.8114961,False,False,450.0,"(143, 196, 194)"
1998,California,34.125932,-117.811552,False,False,450.0,"(143, 196, 194)"
1999,California,34.107478,-117.807479,False,False,450.0,"(143, 196, 194)"
2000,California,37.746907,-122.4799819,False,False,450.0,"(143, 196, 194)"
2001,California,37.8269775,-122.4229555,False,False,450.0,"(143, 196, 194)"
2002,California,37.8109832,-122.4111794,False,False,450.0,"(143, 196, 194)"
2003,California,37.7982799,-122.3778182,False,False,450.0,"(143, 196, 194)"
2004,California,37.7932786,-122.4084188,False,False,450.0,"(143, 196, 194)"
2005,California,37.787467,-122.400056,False,False,450.0,"(143, 196, 194)"
2006,California,37.7271611,-122.4348465,False,False,450.0,"(143, 196, 194)"
2007,California,37.7271611,-122.4348465,False,False,450.0,"(143, 196, 194)"
2008,California,37.7694208,-122.4862138,False,False,450.0,"(143, 196, 194)"
2009,California,37.80704,-122.4273265,False,False,450.0,"(143, 196, 194)"
2010,California,37.7215586,-122.4430372,False,False,450.0,"(143, 196, 194)"
2011,California,37.8005441,-122.4497938,False,False,450.0,"(143, 196, 194)"
2012,California,37.7277189,-122.4058424,False,False,450.0,"(143, 196, 194)"
2013,California,37.780615,-122.457077,False,False,450.0,"(143, 196, 194)"
2014,California,37.7804369,-122.5136935,False,False,450.0,"(143, 196, 194)"
2015,California,37.806087,-122.415098,False,False,450.0,"(143, 196, 194)"
2016,California,35.6452904,-120.6712754,False,False,450.0,"(143, 196, 194)"
2017,California,37.7872289,-122.4266139,False,False,450.0,"(143, 196, 194)"
2018,California,37.9009289,-122.3247094,False,False,450.0,"(143, 196, 194)"
2019,California,37.7691755,-122.4278748,False,False,450.0,"(143, 196, 194)"
2020,California,37.803376,-122.417167,False,False,450.0,"(143, 196, 194)"
2021,California,37.8042943,-122.413603,False,False,450.0,"(143, 196, 194)"
2022,California,37.7454156,-122.4486465,False,False,450.0,"(143, 196, 194)"
2023,California,37.7686398,-122.4753199,False,False,450.0,"(143, 196, 194)"
2024,California,37.7883036,-122.4251401,False,False,450.0,"(143, 196, 194)"
2025,California,37.7626907,-122.45859,False,False,450.0,"(143, 196, 194)"
2026,California,37.7778259,-122.4918861,False,False,450.0,"(143, 196, 194)"
2027,California,34.08243849999999,-118.0910403,False,False,450.0,"(143, 196, 194)"
2028,California,34.1265682,-118.159445,False,False,450.0,"(143, 196, 194)"
2029,California,34.0983284,-118.1084277,False,False,450.0,"(143, 196, 194)"
2030,California,34.0924324,-118.1097294,False,False,450.0,"(143, 196, 194)"
2031,California,34.0987638,-118.10701,False,False,450.0,"(143, 196, 194)"
2032,California,34.09672010000001,-118.1068683,False,False,450.0,"(143, 196, 194)"
2033,California,33.7727595,-116.9770025,False,False,450.0,"(143, 196, 194)"
2034,California,,,False,False,450.0,"(143, 196, 194)"
2035,California,37.2903196,-121.9923658,False,False,450.0,"(143, 196, 194)"
2036,California,37.3442186,-121.8402484,False,False,450.0,"(143, 196, 194)"
2037,California,37.33403610000001,-121.8237204,False,False,450.0,"(143, 196, 194)"
2038,California,37.352912,-121.9011286,False,False,450.0,"(143, 196, 194)"
2039,California,37.3188138,-121.8293618,False,False,450.0,"(143, 196, 194)"
2040,California,37.3039885,-121.9295999,False,False,450.0,"(143, 196, 194)"
2041,California,37.22632910000001,-121.798271,False,False,450.0,"(143, 196, 194)"
2042,California,37.3007282,-121.8101781,False,False,450.0,"(143, 196, 194)"
2043,California,37.360168,-121.858156,False,False,450.0,"(143, 196, 194)"
2044,California,37.300384,-121.764424,False,False,450.0,"(143, 196, 194)"
2045,California,37.346469,-121.8263741,False,False,450.0,"(143, 196, 194)"
2046,California,37.3257448,-121.8613834,False,False,450.0,"(143, 196, 194)"
2047,California,37.3677202,-121.8574547,False,False,450.0,"(143, 196, 194)"
2048,California,37.328303,-121.882555,False,False,450.0,"(143, 196, 194)"
2049,California,37.3319401,-121.8294737,False,False,450.0,"(143, 196, 194)"
2050,California,37.4024306,-121.8505235,False,False,450.0,"(143, 196, 194)"
2051,California,37.332039,-121.9329189,False,False,450.0,"(143, 196, 194)"
2052,California,37.3040023,-121.8052924,False,False,450.0,"(143, 196, 194)"
2053,California,37.3265672,-121.8350616,False,False,450.0,"(143, 196, 194)"
2054,California,37.3183318,-121.9510491,False,False,450.0,"(143, 196, 194)"
2055,California,33.5015647,-117.6639534,False,False,450.0,"(143, 196, 194)"
2056,California,33.5015647,-117.6639534,False,False,450.0,"(143, 196, 194)"
2057,California,33.5020224,-117.6625408,False,False,450.0,"(143, 196, 194)"
2058,California,37.6885711,-122.122524,False,False,450.0,"(143, 196, 194)"
2059,California,35.0988648,-120.612393,False,False,450.0,"(143, 196, 194)"
2060,California,35.6368759,-120.6545022,False,False,450.0,"(143, 196, 194)"
2061,Arkansas,35.4374848,-93.76393310000002,False,False,262.0,"(210, 190, 185)"
2062,Arkansas,34.1308101,-93.0591234,False,False,262.0,"(210, 190, 185)"
2063,Arkansas,34.1274257,-93.0519992,False,False,262.0,"(210, 190, 185)"
2064,Arkansas,35.3164775,-91.5783934,True,False,262.0,"(210, 190, 185)"
2065,Arkansas,35.83027320000001,-91.5065592,False,False,262.0,"(210, 190, 185)"
2066,Arkansas,35.7782924,-91.6262059,False,False,262.0,"(210, 190, 185)"
2067,Arkansas,35.070213,-91.894499,True,False,262.0,"(210, 190, 185)"
2068,Arkansas,34.5738635,-92.5854973,False,False,262.0,"(210, 190, 185)"
2069,Arkansas,36.3691347,-94.2222738,False,False,262.0,"(210, 190, 185)"
2070,Arkansas,36.373871,-94.2133363,False,False,262.0,"(210, 190, 185)"
2071,Arkansas,36.368713,-93.5750515,False,False,262.0,"(210, 190, 185)"
2072,Arkansas,,,False,False,262.0,"(210, 190, 185)"
2073,Arkansas,35.908788,-90.7921251,False,False,262.0,"(210, 190, 185)"
2074,Arkansas,33.10197300000001,-93.683578,False,False,262.0,"(210, 190, 185)"
2075,Arkansas,,,False,False,262.0,"(210, 190, 185)"
2076,Arkansas,,,False,False,262.0,"(210, 190, 185)"
2077,Arkansas,,,False,False,262.0,"(210, 190, 185)"
2078,Arkansas,,,False,False,262.0,"(210, 190, 185)"
2079,Arkansas,35.220543,-80.840417,False,False,262.0,"(210, 190, 185)"
2080,Arkansas,36.1866961,-94.1300453,False,False,262.0,"(210, 190, 185)"
2081,Arkansas,34.6926147,-91.3141151,False,False,262.0,"(210, 190, 185)"
2082,Arkansas,35.477102,-93.6581255,False,False,262.0,"(210, 190, 185)"
2083,Arkansas,35.1000469,-92.4420118,True,False,262.0,"(210, 190, 185)"
2084,Arkansas,35.0847647,-92.4882632,False,False,262.0,"(210, 190, 185)"
2085,Arkansas,35.0780913,-92.4579383,False,False,262.0,"(210, 190, 185)"
2086,Arkansas,36.265936,-92.543398,False,False,262.0,"(210, 190, 185)"
2087,Arkansas,33.1380596,-91.9569836,False,False,262.0,"(210, 190, 185)"
2088,Arkansas,35.2074294,-93.1571745,True,False,262.0,"(210, 190, 185)"
2089,Arkansas,34.085894,-94.3232846,True,False,262.0,"(210, 190, 185)"
2090,Arkansas,35.5530757,-93.1362171,False,False,262.0,"(210, 190, 185)"
2091,Arkansas,,,False,False,262.0,"(210, 190, 185)"
2092,Arkansas,,,False,False,262.0,"(210, 190, 185)"
2093,Arkansas,36.40832899999999,-93.73732,False,False,262.0,"(210, 190, 185)"
2094,Arkansas,36.40832899999999,-93.73732,False,False,262.0,"(210, 190, 185)"
2095,Arkansas,,,False,False,262.0,"(210, 190, 185)"
2096,Arkansas,64.83992599999999,-147.7140989,False,False,262.0,"(210, 190, 185)"
2097,Arkansas,35.3883026,-94.4297647,False,False,262.0,"(210, 190, 185)"
2098,Arkansas,,,False,False,262.0,"(210, 190, 185)"
2099,Arkansas,34.753683,-92.4172044,False,False,262.0,"(210, 190, 185)"
2100,Arkansas,34.3069042,-92.2641163,False,False,262.0,"(210, 190, 185)"
2101,Arkansas,36.333322,-94.172378,False,False,262.0,"(210, 190, 185)"
2102,Arkansas,33.9541588,-93.1791049,False,False,262.0,"(210, 190, 185)"
2103,Arkansas,33.627141,-92.354576,False,False,262.0,"(210, 190, 185)"
2104,Arkansas,35.9056294,-91.5543042,False,False,262.0,"(210, 190, 185)"
2105,Arkansas,33.9393524,-93.2496947,False,False,262.0,"(210, 190, 185)"
2106,Arkansas,34.42736319999999,-93.0845443,False,False,262.0,"(210, 190, 185)"
2107,Arkansas,34.5086947,-93.0539962,True,False,262.0,"(210, 190, 185)"
2108,Arkansas,,,False,False,262.0,"(210, 190, 185)"
2109,Arkansas,34.8879335,-92.1022285,False,False,262.0,"(210, 190, 185)"
2110,Arkansas,34.8836823,-92.1582244,False,False,262.0,"(210, 190, 185)"
2111,Arkansas,35.8430861,-90.6748589,False,False,262.0,"(210, 190, 185)"
2112,Arkansas,35.789581,-90.668322,False,False,262.0,"(210, 190, 185)"
2113,Arkansas,35.778885,-90.7051856,False,False,262.0,"(210, 190, 185)"
2114,Arkansas,35.838881,-90.704413,False,False,262.0,"(210, 190, 185)"
2115,Oregon,,,False,False,677.0,"(97, 186, 185)"
2116,Arkansas,35.7946905,-90.7422911,False,False,262.0,"(210, 190, 185)"
2117,Arkansas,35.8123011,-90.648507,False,False,262.0,"(210, 190, 185)"
2118,Arkansas,35.2782653,-91.6405527,True,False,262.0,"(210, 190, 185)"
2119,Arkansas,34.2122253,-92.5477509,False,False,262.0,"(210, 190, 185)"
2120,Arkansas,34.6859647,-92.321132,False,False,262.0,"(210, 190, 185)"
2121,Arkansas,34.7490498,-92.2725927,False,False,262.0,"(210, 190, 185)"
2122,Arkansas,34.7427959,-92.2645458,False,False,262.0,"(210, 190, 185)"
2123,Arkansas,34.7427959,-92.2645458,False,False,262.0,"(210, 190, 185)"
2124,Arkansas,34.7427959,-92.2645458,False,False,262.0,"(210, 190, 185)"
2125,Arkansas,34.7434978,-92.2820741,False,False,262.0,"(210, 190, 185)"
2126,Arkansas,34.5384811,-92.2173902,True,False,262.0,"(210, 190, 185)"
2127,Arkansas,,,False,False,262.0,"(210, 190, 185)"
2128,Arkansas,33.2932863,-93.2318879,False,False,262.0,"(210, 190, 185)"
2129,Arkansas,33.2932863,-93.2318879,False,False,262.0,"(210, 190, 185)"
2130,Arkansas,35.6870459,-89.97545219999999,False,False,262.0,"(210, 190, 185)"
2131,Arkansas,35.254694,-91.7090284,False,False,262.0,"(210, 190, 185)"
2132,Arkansas,36.1103465,-91.8670484,False,False,262.0,"(210, 190, 185)"
2133,Arkansas,34.5910476,-94.2202807,False,False,262.0,"(210, 190, 185)"
2134,Arkansas,,,False,False,262.0,"(210, 190, 185)"
2135,Arkansas,36.9374755,-93.9241603,False,False,262.0,"(210, 190, 185)"
2136,Arkansas,,,False,False,262.0,"(210, 190, 185)"
2137,Arkansas,35.8250219,-92.150703,False,False,262.0,"(210, 190, 185)"
2138,Arkansas,34.741533,-92.270534,False,False,262.0,"(210, 190, 185)"
2139,Arkansas,34.792525,-92.221792,False,False,262.0,"(210, 190, 185)"
2140,Arkansas,34.7760588,-92.2680571,False,False,262.0,"(210, 190, 185)"
2141,Arkansas,34.7760588,-92.2680571,False,False,262.0,"(210, 190, 185)"
2142,Arkansas,34.8411977,-92.3326179,False,False,262.0,"(210, 190, 185)"
2143,Arkansas,34.7916927,-92.2493967,False,False,262.0,"(210, 190, 185)"
2144,Arkansas,35.6834891,-94.3388106,False,False,262.0,"(210, 190, 185)"
2145,Arkansas,36.1020005,-94.0295584,False,False,262.0,"(210, 190, 185)"
2146,Arkansas,35.50423079999999,-93.8648416,False,False,262.0,"(210, 190, 185)"
2147,Oregon,44.629553,-123.07397,False,False,677.0,"(97, 186, 185)"
2148,Oregon,,,False,False,677.0,"(97, 186, 185)"
2149,Oregon,42.188697,-122.7160251,False,False,677.0,"(97, 186, 185)"
2150,Oregon,,,False,False,677.0,"(97, 186, 185)"
2151,Oregon,44.7768994,-117.8294082,False,False,677.0,"(97, 186, 185)"
2152,Oregon,44.058151,-121.3180378,False,False,677.0,"(97, 186, 185)"
2153,Oregon,,,False,False,677.0,"(97, 186, 185)"
2154,Oregon,44.07684099999999,-121.266197,False,False,677.0,"(97, 186, 185)"
2155,Oregon,44.051123,-121.1432472,False,False,677.0,"(97, 186, 185)"
2156,Oregon,45.49342799999999,-122.777723,False,False,677.0,"(97, 186, 185)"
2157,Oregon,45.484128,-122.773093,False,False,677.0,"(97, 186, 185)"
2158,Oregon,45.4977904,-122.8120476,False,False,677.0,"(97, 186, 185)"
2159,Oregon,44.0461017,-121.3108576,False,False,677.0,"(97, 186, 185)"
2160,Oregon,43.586223,-119.0562935,False,False,677.0,"(97, 186, 185)"
2161,Oregon,,,False,False,677.0,"(97, 186, 185)"
2162,Oregon,45.89888730000001,-123.9621154,False,False,677.0,"(97, 186, 185)"
2163,Oregon,45.8841394,-123.9686225,False,False,677.0,"(97, 186, 185)"
2164,Oregon,42.095462,-123.4042884,False,False,677.0,"(97, 186, 185)"
2165,Oregon,42.37197889999999,-122.9117818,False,False,677.0,"(97, 186, 185)"
2166,Oregon,45.4087313,-122.5298332,False,False,677.0,"(97, 186, 185)"
2167,Oregon,44.601108,-123.2373389,False,False,677.0,"(97, 186, 185)"
2168,Oregon,44.615625,-123.263791,False,False,677.0,"(97, 186, 185)"
2169,Oregon,44.5637806,-123.2794443,False,False,677.0,"(97, 186, 185)"
2170,Oregon,43.8026231,-123.0623026,False,False,677.0,"(97, 186, 185)"
2171,Oregon,43.7990056,-123.0353538,False,False,677.0,"(97, 186, 185)"
2172,Oregon,44.3932113,-121.1928949,False,False,677.0,"(97, 186, 185)"
2173,Oregon,45.1476507,-123.0959475,False,False,677.0,"(97, 186, 185)"
2174,Arkansas,36.0516946,-90.4985428,False,False,262.0,"(210, 190, 185)"
2175,Arkansas,36.055668,-90.487133,False,False,262.0,"(210, 190, 185)"
2176,Arkansas,36.0730451,-90.5252377,False,False,262.0,"(210, 190, 185)"
2177,Arkansas,36.4437655,-94.025807,False,False,262.0,"(210, 190, 185)"
2178,Arkansas,36.3824411,-90.192414,False,False,262.0,"(210, 190, 185)"
2179,Arkansas,34.0735609,-92.1958657,False,False,262.0,"(210, 190, 185)"
2180,Arkansas,,,False,False,262.0,"(210, 190, 185)"
2181,Arkansas,36.2923274,-90.2832464,False,False,262.0,"(210, 190, 185)"
2182,Arkansas,36.2784093,-94.1132584,False,False,262.0,"(210, 190, 185)"
2183,Arkansas,,,False,False,262.0,"(210, 190, 185)"
2184,Arkansas,36.1325645,-92.5710601,False,False,262.0,"(210, 190, 185)"
2185,Arkansas,35.2944535,-93.1362663,True,False,262.0,"(210, 190, 185)"
2186,Arkansas,35.2944535,-93.1362663,True,False,262.0,"(210, 190, 185)"
2187,Arkansas,35.2944535,-93.1362663,True,False,262.0,"(210, 190, 185)"
2188,Arkansas,,,False,False,262.0,"(210, 190, 185)"
2189,Arkansas,,,False,False,262.0,"(210, 190, 185)"
2190,Arkansas,,,False,False,262.0,"(210, 190, 185)"
2191,Arkansas,34.6443324,-92.0605725,False,False,262.0,"(210, 190, 185)"
2192,Arkansas,35.245152,-91.7235465,False,False,262.0,"(210, 190, 185)"
2193,Arkansas,35.3859242,-94.3985475,False,False,262.0,"(210, 190, 185)"
2194,Arkansas,34.3063041,-92.4008024,False,False,262.0,"(210, 190, 185)"
2195,Arkansas,35.2526928,-92.5127336,False,False,262.0,"(210, 190, 185)"
2196,Arkansas,,,False,False,262.0,"(210, 190, 185)"
2197,Arkansas,,,False,False,262.0,"(210, 190, 185)"
2198,Arkansas,35.7264157,-91.2056711,False,False,262.0,"(210, 190, 185)"
2199,Arkansas,35.483502,-90.3583689,False,False,262.0,"(210, 190, 185)"
2200,Arkansas,35.4352764,-94.3550277,False,False,262.0,"(210, 190, 185)"
2201,Arkansas,35.0715933,-92.1612946,True,False,262.0,"(210, 190, 185)"
2202,Oregon,45.4241438,-122.5754002,False,False,677.0,"(97, 186, 185)"
2203,Oregon,45.5628204,-117.9241649,False,False,677.0,"(97, 186, 185)"
2204,Oregon,45.5657836,-117.9176246,False,False,677.0,"(97, 186, 185)"
2205,Oregon,45.417527,-117.2758738,False,False,677.0,"(97, 186, 185)"
2206,Oregon,44.0134357,-123.0753301,False,False,677.0,"(97, 186, 185)"
2207,Oregon,44.0134357,-123.0753301,False,False,677.0,"(97, 186, 185)"
2208,Oregon,44.5868094,-123.2522954,False,False,677.0,"(97, 186, 185)"
2209,Oregon,44.0090399,-123.0346822,False,False,677.0,"(97, 186, 185)"
2210,Oregon,44.08208279999999,-123.0719105,False,False,677.0,"(97, 186, 185)"
2211,Oregon,44.0377702,-123.0866909,False,False,677.0,"(97, 186, 185)"
2212,Oregon,44.0730285,-123.1052294,False,False,677.0,"(97, 186, 185)"
2213,Oregon,44.0448302,-123.0726055,False,False,677.0,"(97, 186, 185)"
2214,Oregon,44.0811786,-123.1838276,False,False,677.0,"(97, 186, 185)"
2215,Oregon,44.1373833,-124.1281066,False,False,677.0,"(97, 186, 185)"
2216,Oregon,44.1373833,-124.1281066,False,False,677.0,"(97, 186, 185)"
2217,Oregon,45.9054265,-123.0632917,False,False,677.0,"(97, 186, 185)"
2218,Oregon,45.5216268,-123.0861616,False,False,677.0,"(97, 186, 185)"
2219,Oregon,45.52090279999999,-123.1096408,False,False,677.0,"(97, 186, 185)"
2220,Oregon,45.51957849999999,-123.1109439,False,False,677.0,"(97, 186, 185)"
2221,Oregon,45.6553863,-123.3069278,False,False,677.0,"(97, 186, 185)"
2222,Oregon,28.06794,-81.75434899999999,False,False,677.0,"(97, 186, 185)"
2223,Oregon,42.4930046,-123.0850834,False,False,677.0,"(97, 186, 185)"
2224,Oregon,42.4358221,-123.0852141,False,False,677.0,"(97, 186, 185)"
2225,Oregon,45.1040155,-122.8940122,False,False,677.0,"(97, 186, 185)"
2226,Oregon,45.8507337,-118.6537564,False,False,677.0,"(97, 186, 185)"
2227,Oregon,45.833307,-119.288253,False,False,677.0,"(97, 186, 185)"
2228,Oregon,45.8088365,-119.2579327,False,False,677.0,"(97, 186, 185)"
2229,Oregon,,,False,False,677.0,"(97, 186, 185)"
2230,Oregon,,,False,False,677.0,"(97, 186, 185)"
2231,Oregon,42.31348140000001,-122.9663099,False,False,677.0,"(97, 186, 185)"
2232,Oregon,42.3031964,-123.0097436,False,False,677.0,"(97, 186, 185)"
2233,Oregon,45.0005906,-123.0327076,False,False,677.0,"(97, 186, 185)"
2234,Arkansas,35.08338550000001,-92.2009538,True,False,262.0,"(210, 190, 185)"
2235,Arkansas,35.0283912,-91.949244,True,False,262.0,"(210, 190, 185)"
2236,Arkansas,,,False,False,262.0,"(210, 190, 185)"
2237,Arkansas,36.082156,-94.1718542,False,False,262.0,"(210, 190, 185)"
2238,Arkansas,34.5293443,-92.2109887,True,False,262.0,"(210, 190, 185)"
2239,Arkansas,34.5281397,-92.2098006,True,False,262.0,"(210, 190, 185)"
2240,Oregon,42.2530758,-121.7851294,False,False,677.0,"(97, 186, 185)"
2241,Oregon,42.2336612,-121.7828249,False,False,677.0,"(97, 186, 185)"
2242,Oregon,42.2221796,-121.785659,False,False,677.0,"(97, 186, 185)"
2243,Oregon,42.1986622,-121.7335093,False,False,677.0,"(97, 186, 185)"
2244,Oregon,42.2586823,-121.7836222,False,False,677.0,"(97, 186, 185)"
2245,Oregon,45.320039,-118.0856715,False,False,677.0,"(97, 186, 185)"
2246,Oregon,45.2433814,-117.95853,False,False,677.0,"(97, 186, 185)"
2247,Oregon,45.2510133,-123.101418,False,False,677.0,"(97, 186, 185)"
2248,Oregon,45.402721,-122.6509783,False,False,677.0,"(97, 186, 185)"
2249,Oregon,45.226284,-123.20279,False,False,677.0,"(97, 186, 185)"
2250,Oregon,45.2100101,-123.1941352,False,False,677.0,"(97, 186, 185)"
2251,Oregon,42.3233235,-122.8843111,False,False,677.0,"(97, 186, 185)"
2252,Oregon,45.1423835,-122.5800497,False,False,677.0,"(97, 186, 185)"
2253,Oregon,44.8536068,-123.2409798,False,False,677.0,"(97, 186, 185)"
2254,Oregon,45.0647087,-122.8009362,False,False,677.0,"(97, 186, 185)"
2255,Oregon,45.148255,-121.7508622,False,False,677.0,"(97, 186, 185)"
2256,Oregon,43.065615,-124.139923,False,False,677.0,"(97, 186, 185)"
2257,Oregon,45.3009806,-122.9748309,False,False,677.0,"(97, 186, 185)"
2258,Oregon,44.6767823,-124.079418,False,False,677.0,"(97, 186, 185)"
2259,Oregon,43.4014256,-124.2338705,False,False,677.0,"(97, 186, 185)"
2260,Oregon,,,False,False,677.0,"(97, 186, 185)"
2261,Oregon,44.0109959,-117.0851668,False,False,677.0,"(97, 186, 185)"
2262,Oregon,45.35720370000001,-122.6057273,False,False,677.0,"(97, 186, 185)"
2263,Oregon,45.6713689,-118.8170965,False,False,677.0,"(97, 186, 185)"
2264,Oregon,45.6745076,-118.7885799,False,False,677.0,"(97, 186, 185)"
2265,Oregon,45.6705629,-118.7869085,False,False,677.0,"(97, 186, 185)"
2266,Oregon,38.810603,-77.0420111,False,False,677.0,"(97, 186, 185)"
2267,Oregon,45.6744182,-118.8048977,False,False,677.0,"(97, 186, 185)"
2268,Oregon,45.673738,-118.7918102,False,False,677.0,"(97, 186, 185)"
2269,Oregon,45.66132109999999,-118.7788683,False,False,677.0,"(97, 186, 185)"
2270,Oregon,45.58749,-122.7624777,False,False,677.0,"(97, 186, 185)"
2271,Oregon,45.5117219,-122.6612598,False,False,677.0,"(97, 186, 185)"
2272,Oregon,,,False,False,677.0,"(97, 186, 185)"
2273,Oregon,45.5851876,-122.6782643,False,False,677.0,"(97, 186, 185)"
2274,Oregon,45.529325,-122.6918729,False,False,677.0,"(97, 186, 185)"
2275,Oregon,45.5365111,-122.7046608,False,False,677.0,"(97, 186, 185)"
2276,Oregon,45.5354248,-122.620631,False,False,677.0,"(97, 186, 185)"
2277,Oregon,45.4915143,-122.6310806,False,False,677.0,"(97, 186, 185)"
2278,Oregon,45.4926031,-122.6703092,False,False,677.0,"(97, 186, 185)"
2279,Oregon,45.51521899999999,-122.679949,False,False,677.0,"(97, 186, 185)"
2280,Oregon,45.51631099999999,-122.6762317,False,False,677.0,"(97, 186, 185)"
2281,Oregon,46.6195461,-122.4554639,False,False,677.0,"(97, 186, 185)"
2282,Oregon,45.49430400000001,-122.5729373,False,False,677.0,"(97, 186, 185)"
2283,Oregon,45.47240679999999,-122.6626357,False,False,677.0,"(97, 186, 185)"
2284,Oregon,45.508741,-122.666298,False,False,677.0,"(97, 186, 185)"
2285,Oregon,45.5243779,-122.6730042,False,False,677.0,"(97, 186, 185)"
2286,Oregon,45.4404605,-122.6782074,False,False,677.0,"(97, 186, 185)"
2287,Oregon,45.5242541,-122.6732813,False,False,677.0,"(97, 186, 185)"
2288,Oregon,45.4404605,-122.6782074,False,False,677.0,"(97, 186, 185)"
2289,California,37.7741344,-122.4207543,False,False,450.0,"(143, 196, 194)"
2290,Oregon,45.5732046,-122.7275712,False,False,677.0,"(97, 186, 185)"
2291,Oregon,45.5732046,-122.7275712,False,False,677.0,"(97, 186, 185)"
2292,Oregon,45.540796,-122.675442,False,False,677.0,"(97, 186, 185)"
2293,Oregon,45.5230622,-122.6764815,False,False,677.0,"(97, 186, 185)"
2294,Oregon,45.5230622,-122.6764815,False,False,677.0,"(97, 186, 185)"
2295,Oregon,44.2720716,-121.174411,False,False,677.0,"(97, 186, 185)"
2296,Oregon,43.209671,-123.34249,False,False,677.0,"(97, 186, 185)"
2297,Oregon,,,False,False,677.0,"(97, 186, 185)"
2298,Oregon,44.931431,-123.0392624,False,False,677.0,"(97, 186, 185)"
2299,Oregon,44.9384725,-123.030478,False,False,677.0,"(97, 186, 185)"
2300,Oregon,44.8940318,-123.0764414,False,False,677.0,"(97, 186, 185)"
2301,Oregon,44.9428367,-123.010113,False,False,677.0,"(97, 186, 185)"
2302,Oregon,44.949879,-122.9876463,False,False,677.0,"(97, 186, 185)"
2303,Oregon,44.93885,-123.0370522,False,False,677.0,"(97, 186, 185)"
2304,Oregon,44.9386901,-123.0030369,False,False,677.0,"(97, 186, 185)"
2305,Oregon,44.9436758,-123.0363038,False,False,677.0,"(97, 186, 185)"
2306,Oregon,44.98320589999999,-122.9718156,False,False,677.0,"(97, 186, 185)"
2307,Oregon,44.9359709,-123.0318598,False,False,677.0,"(97, 186, 185)"
2308,Oregon,44.8999769,-123.0236615,False,False,677.0,"(97, 186, 185)"
2309,Oregon,44.934461,-123.026427,False,False,677.0,"(97, 186, 185)"
2310,Oregon,44.9383427,-122.9818531,False,False,677.0,"(97, 186, 185)"
2311,Oregon,44.9666834,-123.0238796,False,False,677.0,"(97, 186, 185)"
2312,Oregon,44.9386901,-123.0030369,False,False,677.0,"(97, 186, 185)"
2313,Oregon,44.9320905,-123.0073097,False,False,677.0,"(97, 186, 185)"
2314,Oregon,44.9364477,-123.1360775,False,False,677.0,"(97, 186, 185)"
2315,Oregon,45.0130411,-123.1285777,False,False,677.0,"(97, 186, 185)"
2316,Oregon,45.1056451,-123.3916332,False,False,677.0,"(97, 186, 185)"
2317,Oregon,45.0996589,-123.3872835,False,False,677.0,"(97, 186, 185)"
2318,Oregon,44.9895205,-122.9884045,False,False,677.0,"(97, 186, 185)"
2319,Oregon,45.8494065,-122.8340793,False,False,677.0,"(97, 186, 185)"
2320,California,35.6565522,-120.8739835,False,False,450.0,"(143, 196, 194)"
2321,California,,,False,False,450.0,"(143, 196, 194)"
2322,California,37.7627824,-122.253901,False,False,450.0,"(143, 196, 194)"
2323,California,37.7650859,-122.245784,False,False,450.0,"(143, 196, 194)"
2324,California,37.7726482,-122.3025322,False,False,450.0,"(143, 196, 194)"
2325,California,37.7726381,-122.2714281,False,False,450.0,"(143, 196, 194)"
2326,California,34.0929744,-118.1284232,False,False,450.0,"(143, 196, 194)"
2327,California,34.078464,-118.120465,False,False,450.0,"(143, 196, 194)"
2328,California,34.0730896,-118.1399395,False,False,450.0,"(143, 196, 194)"
2329,California,34.0757115,-118.1414972,False,False,450.0,"(143, 196, 194)"
2330,California,31.6976531,-83.63484299999999,False,False,450.0,"(143, 196, 194)"
2331,California,34.0964945,-118.1243109,False,False,450.0,"(143, 196, 194)"
2332,California,34.2058442,-118.1274515,False,False,450.0,"(143, 196, 194)"
2333,California,34.2024445,-118.1513143,False,False,450.0,"(143, 196, 194)"
2334,California,,,False,False,450.0,"(143, 196, 194)"
2335,California,34.5586082,-115.7436691,False,False,450.0,"(143, 196, 194)"
2336,California,33.811479,-117.913497,False,False,450.0,"(143, 196, 194)"
2337,California,33.8337359,-117.9241467,False,False,450.0,"(143, 196, 194)"
2338,California,33.8337359,-117.9241467,False,False,450.0,"(143, 196, 194)"
2339,California,33.8318986,-117.9394996,False,False,450.0,"(143, 196, 194)"
2340,California,33.8061819,-117.9119827,False,False,450.0,"(143, 196, 194)"
2341,California,33.6554974,-117.9168839,False,False,450.0,"(143, 196, 194)"
2342,California,33.8362677,-117.928038,False,False,450.0,"(143, 196, 194)"
2343,California,33.869256,-117.8028299,False,False,450.0,"(143, 196, 194)"
2344,California,34.7513712,-118.2522977,False,False,450.0,"(143, 196, 194)"
2345,California,40.448208,-122.2977815,False,False,450.0,"(143, 196, 194)"
2346,California,37.971782,-121.861398,False,False,450.0,"(143, 196, 194)"
2347,California,37.971782,-121.861398,False,False,450.0,"(143, 196, 194)"
2348,California,37.971782,-121.861398,False,False,450.0,"(143, 196, 194)"
2349,California,37.931868,-121.6957863,False,False,450.0,"(143, 196, 194)"
2350,California,37.9368191,-121.7966315,False,False,450.0,"(143, 196, 194)"
2351,California,37.9368191,-121.7966315,False,False,450.0,"(143, 196, 194)"
2352,Oregon,45.91365870000001,-122.8254654,False,False,677.0,"(97, 186, 185)"
2353,Oregon,45.8494065,-122.8340793,False,False,677.0,"(97, 186, 185)"
2354,Oregon,45.4149029,-122.7903723,False,False,677.0,"(97, 186, 185)"
2355,Oregon,45.4360137,-122.7854995,False,False,677.0,"(97, 186, 185)"
2356,Oregon,45.4032698,-122.7690493,False,False,677.0,"(97, 186, 185)"
2357,Oregon,45.436328,-122.752993,False,False,677.0,"(97, 186, 185)"
2358,Oregon,45.5371135,-122.4068033,False,False,677.0,"(97, 186, 185)"
2359,Oregon,44.0607842,-123.0370124,False,False,677.0,"(97, 186, 185)"
2360,Oregon,45.6377142,-119.4180033,False,False,677.0,"(97, 186, 185)"
2361,Oregon,45.2099008,-117.8657323,False,False,677.0,"(97, 186, 185)"
2362,Oregon,,,False,False,677.0,"(97, 186, 185)"
2363,Oregon,,,False,False,677.0,"(97, 186, 185)"
2364,Oregon,46.1982204,-123.9797348,False,False,677.0,"(97, 186, 185)"
2365,Oregon,45.3047801,-122.8036791,False,False,677.0,"(97, 186, 185)"
2366,Oregon,42.69494,-123.395782,False,False,677.0,"(97, 186, 185)"
2367,Oregon,45.1615634,-122.8015193,False,False,677.0,"(97, 186, 185)"
2368,California,37.9368191,-121.7966315,False,False,450.0,"(143, 196, 194)"
2369,California,34.17238469999999,-118.5563031,False,False,450.0,"(143, 196, 194)"
2370,California,37.8960434,-121.7132757,False,False,450.0,"(143, 196, 194)"
2371,California,34.5451973,-117.2661257,False,False,450.0,"(143, 196, 194)"
2372,California,34.5070847,-117.2025268,False,False,450.0,"(143, 196, 194)"
2373,California,34.1075953,-118.0312724,False,False,450.0,"(143, 196, 194)"
2374,California,34.1448279,-118.0508813,False,False,450.0,"(143, 196, 194)"
2375,California,34.1303807,-118.0378591,False,False,450.0,"(143, 196, 194)"
2376,California,,,False,False,450.0,"(143, 196, 194)"
2377,California,34.1404412,-118.0236086,False,False,450.0,"(143, 196, 194)"
2378,California,34.1362469,-118.028908,False,False,450.0,"(143, 196, 194)"
2379,California,34.1343827,-118.0515692,False,False,450.0,"(143, 196, 194)"
2380,California,34.129969,-118.0270954,False,False,450.0,"(143, 196, 194)"
2381,California,40.8702389,-124.0871681,False,False,450.0,"(143, 196, 194)"
2382,California,36.3022031,-116.414663,True,False,450.0,"(143, 196, 194)"
2383,California,35.105797,-120.5810206,False,False,450.0,"(143, 196, 194)"
2384,California,35.105797,-120.5810206,False,False,450.0,"(143, 196, 194)"
2385,California,34.0780298,-118.3763117,False,False,450.0,"(143, 196, 194)"
2386,California,37.3667796,-120.5779524,False,False,450.0,"(143, 196, 194)"
2387,California,34.0918191,-117.5599054,False,False,450.0,"(143, 196, 194)"
2388,California,32.5271023,-117.0458512,False,False,450.0,"(143, 196, 194)"
2389,California,35.374623,-119.020514,False,False,450.0,"(143, 196, 194)"
2390,California,35.3692803,-119.0225298,False,False,450.0,"(143, 196, 194)"
2391,California,35.3692803,-119.0225298,False,False,450.0,"(143, 196, 194)"
2392,California,35.3692803,-119.0225298,False,False,450.0,"(143, 196, 194)"
2393,California,35.3771518,-119.0082458,False,False,450.0,"(143, 196, 194)"
2394,California,,,False,False,450.0,"(143, 196, 194)"
2395,California,35.3805344,-118.9653287,False,False,450.0,"(143, 196, 194)"
2396,California,35.3869907,-119.0188968,False,False,450.0,"(143, 196, 194)"
2397,California,35.4007917,-118.9321647,False,False,450.0,"(143, 196, 194)"
2398,California,35.3538897,-119.0620533,False,False,450.0,"(143, 196, 194)"
2399,California,35.3925669,-119.1440948,False,False,450.0,"(143, 196, 194)"
2400,California,35.4240051,-119.1092584,False,False,450.0,"(143, 196, 194)"
2401,California,35.375551,-119.0216201,False,False,450.0,"(143, 196, 194)"
2402,California,35.3934454,-119.0194027,False,False,450.0,"(143, 196, 194)"
2403,California,35.417387,-119.018828,False,False,450.0,"(143, 196, 194)"
2404,California,34.0848074,-117.9483282,False,False,450.0,"(143, 196, 194)"
2405,California,33.9227784,-116.9462738,False,False,450.0,"(143, 196, 194)"
2406,California,37.7535582,-121.372701,False,False,450.0,"(143, 196, 194)"
2407,California,38.0336258,-121.967148,False,False,450.0,"(143, 196, 194)"
2408,California,33.9192683,-116.965058,False,False,450.0,"(143, 196, 194)"
2409,California,33.9677298,-118.1461143,False,False,450.0,"(143, 196, 194)"
2410,California,33.9589406,-118.1498519,False,False,450.0,"(143, 196, 194)"
2411,California,33.9674632,-118.1418625,False,False,450.0,"(143, 196, 194)"
2412,California,33.9679269,-118.1437081,False,False,450.0,"(143, 196, 194)"
2413,California,33.8948738,-118.1134665,False,False,450.0,"(143, 196, 194)"
2414,California,33.8948738,-118.1134665,False,False,450.0,"(143, 196, 194)"
2415,California,33.9007555,-118.111446,False,False,450.0,"(143, 196, 194)"
2416,California,33.906995,-118.124292,False,False,450.0,"(143, 196, 194)"
2417,California,37.5085466,-122.3103973,False,False,450.0,"(143, 196, 194)"
2418,California,38.0523235,-122.1577485,False,False,450.0,"(143, 196, 194)"
2419,California,38.0456848,-122.1618617,False,False,450.0,"(143, 196, 194)"
2420,California,38.0475755,-122.1604795,False,False,450.0,"(143, 196, 194)"
2421,California,37.8717747,-122.2558145,False,False,450.0,"(143, 196, 194)"
2422,California,,,False,False,450.0,"(143, 196, 194)"
2423,California,34.0922819,-118.4012377,False,False,450.0,"(143, 196, 194)"
2424,California,34.0922819,-118.4012377,False,False,450.0,"(143, 196, 194)"
2425,California,34.0577791,-117.4142615,False,False,450.0,"(143, 196, 194)"
2426,California,38.2087233,-119.0143808,False,False,450.0,"(143, 196, 194)"
2427,California,,,False,False,450.0,"(143, 196, 194)"
2428,California,37.1250956,-122.1262597,False,False,450.0,"(143, 196, 194)"
2429,California,34.0383532,-118.2174583,False,False,450.0,"(143, 196, 194)"
2430,California,33.9096168,-117.904405,False,False,450.0,"(143, 196, 194)"
2431,California,33.933146,-117.8755223,False,False,450.0,"(143, 196, 194)"
2432,California,33.98419,-117.844996,False,False,450.0,"(143, 196, 194)"
2433,California,34.085238,-118.4823817,False,False,450.0,"(143, 196, 194)"
2434,California,34.085238,-118.4823817,False,False,450.0,"(143, 196, 194)"
2435,California,,,False,False,450.0,"(143, 196, 194)"
2436,California,33.8443038,-118.0002265,False,False,450.0,"(143, 196, 194)"
2437,California,33.8443038,-118.0002265,False,False,450.0,"(143, 196, 194)"
2438,California,34.20758,-118.341446,False,False,450.0,"(143, 196, 194)"
2439,California,40.9466222,-121.639989,False,False,450.0,"(143, 196, 194)"
2440,California,37.8482529,-121.6332566,False,False,450.0,"(143, 196, 194)"
2441,California,33.9175154,-116.7872399,False,False,450.0,"(143, 196, 194)"
2442,California,34.1575359,-118.6402745,False,False,450.0,"(143, 196, 194)"
2443,California,38.1374202,-120.4596437,False,False,450.0,"(143, 196, 194)"
2444,California,33.8444058,-118.0007827,False,False,450.0,"(143, 196, 194)"
2445,California,34.9509908,-116.8651899,False,False,450.0,"(143, 196, 194)"
2446,California,32.6769963,-115.4871555,False,False,450.0,"(143, 196, 194)"
2447,California,32.6491616,-115.4125088,False,False,450.0,"(143, 196, 194)"
2448,California,34.1620531,-119.0434218,False,False,450.0,"(143, 196, 194)"
2449,California,,,False,False,450.0,"(143, 196, 194)"
2450,California,38.6769961,-121.0184541,False,False,450.0,"(143, 196, 194)"
2451,California,33.2902183,-117.4389352,False,False,450.0,"(143, 196, 194)"
2452,California,37.3831508,-121.9235316,False,False,450.0,"(143, 196, 194)"
2453,California,34.202538,-118.6056787,False,False,450.0,"(143, 196, 194)"
2454,California,34.1954222,-118.6055177,False,False,450.0,"(143, 196, 194)"
2455,California,34.2374372,-118.6025887,False,False,450.0,"(143, 196, 194)"
2456,California,33.6726902,-117.2514957,False,False,450.0,"(143, 196, 194)"
2457,California,36.9718848,-121.9668415,False,False,450.0,"(143, 196, 194)"
2458,California,36.9691067,-121.8704571,False,False,450.0,"(143, 196, 194)"
2459,California,36.478472,-121.72738,False,False,450.0,"(143, 196, 194)"
2460,California,32.805374,-116.967599,False,False,450.0,"(143, 196, 194)"
2461,California,33.7952127,-118.2752002,False,False,450.0,"(143, 196, 194)"
2462,California,33.8237889,-118.2755011,False,False,450.0,"(143, 196, 194)"
2463,California,33.8670619,-118.2174783,False,False,450.0,"(143, 196, 194)"
2464,California,33.8068234,-118.2601418,False,False,450.0,"(143, 196, 194)"
2465,California,37.6949419,-122.0831134,False,False,450.0,"(143, 196, 194)"
2466,California,37.7444267,-122.088032,False,False,450.0,"(143, 196, 194)"
2467,California,33.44,-118.49833,False,False,450.0,"(143, 196, 194)"
2468,California,36.5393799,-117.791744,False,False,450.0,"(143, 196, 194)"
2469,California,36.5393799,-117.791744,False,False,450.0,"(143, 196, 194)"
2470,California,33.8653712,-118.0648906,False,False,450.0,"(143, 196, 194)"
2471,California,39.6427447,-121.5313183,False,False,450.0,"(143, 196, 194)"
2472,California,39.729575,-121.8473287,False,False,450.0,"(143, 196, 194)"
2473,California,33.9598379,-117.686945,False,False,450.0,"(143, 196, 194)"
2474,California,37.1229841,-120.2622418,False,False,450.0,"(143, 196, 194)"
2475,California,37.116291,-120.2627237,False,False,450.0,"(143, 196, 194)"
2476,California,37.1399,-120.274638,False,False,450.0,"(143, 196, 194)"
2477,California,37.125506,-120.2468574,False,False,450.0,"(143, 196, 194)"
2478,California,36.5775574,-121.5078671,False,False,450.0,"(143, 196, 194)"
2479,California,32.6244451,-117.0597235,False,False,450.0,"(143, 196, 194)"
2480,California,34.020626,-117.927074,False,False,450.0,"(143, 196, 194)"
2481,California,34.1106126,-117.7147498,False,False,450.0,"(143, 196, 194)"
2482,California,34.1126312,-117.7219428,False,False,450.0,"(143, 196, 194)"
2483,California,34.1023892,-117.7196917,False,False,450.0,"(143, 196, 194)"
2484,California,34.1289087,-117.7179162,False,False,450.0,"(143, 196, 194)"
2485,California,,,False,False,450.0,"(143, 196, 194)"
2486,California,37.9410341,-121.9357925,False,False,450.0,"(143, 196, 194)"
2487,California,37.9410527,-121.9350327,False,False,450.0,"(143, 196, 194)"
2488,California,37.9727048,-122.0379141,False,False,450.0,"(143, 196, 194)"
2489,California,37.9414718,-121.9345381,False,False,450.0,"(143, 196, 194)"
2490,California,37.8743912,-121.8558919,False,False,450.0,"(143, 196, 194)"
2491,California,41.8541784,-121.1402732,False,False,450.0,"(143, 196, 194)"
2492,California,,,False,False,450.0,"(143, 196, 194)"
2493,California,33.6432128,-116.200257,False,False,450.0,"(143, 196, 194)"
2494,California,,,False,False,450.0,"(143, 196, 194)"
2495,California,38.8003795,-120.8923266,False,False,450.0,"(143, 196, 194)"
2496,California,38.7947514,-120.8890076,False,False,450.0,"(143, 196, 194)"
2497,California,38.79527410000001,-120.9088006,False,False,450.0,"(143, 196, 194)"
2498,California,38.8082798,-120.8993991,False,False,450.0,"(143, 196, 194)"
2499,California,38.8082798,-120.8993991,False,False,450.0,"(143, 196, 194)"
2500,California,,,False,False,450.0,"(143, 196, 194)"
2501,California,34.041504,-117.364575,False,False,450.0,"(143, 196, 194)"
2502,California,,,False,False,450.0,"(143, 196, 194)"
2503,California,38.0334598,-120.4017504,False,False,450.0,"(143, 196, 194)"
2504,California,33.9719459,-118.1266146,False,False,450.0,"(143, 196, 194)"
2505,California,37.97620209999999,-122.0362485,False,False,450.0,"(143, 196, 194)"
2506,California,37.9504652,-121.9695066,False,False,450.0,"(143, 196, 194)"
2507,California,37.9826834,-122.0368058,False,False,450.0,"(143, 196, 194)"
2508,California,34.219779,-117.402186,False,False,450.0,"(143, 196, 194)"
2509,California,33.7287689,-117.4294702,False,False,450.0,"(143, 196, 194)"
2510,California,33.8048627,-117.5042616,False,False,450.0,"(143, 196, 194)"
2511,California,33.8861742,-117.5638325,False,False,450.0,"(143, 196, 194)"
2512,California,32.680923,-117.178448,False,False,450.0,"(143, 196, 194)"
2513,California,33.6544363,-117.8903492,False,False,450.0,"(143, 196, 194)"
2514,California,33.6588268,-117.9338432,False,False,450.0,"(143, 196, 194)"
2515,California,,,False,False,450.0,"(143, 196, 194)"
2516,California,,,False,False,450.0,"(143, 196, 194)"
2517,California,41.7570922,-124.1976192,False,False,450.0,"(143, 196, 194)"
2518,California,,,False,False,450.0,"(143, 196, 194)"
2519,California,33.82797559999999,-118.025093,False,False,450.0,"(143, 196, 194)"
2520,California,33.820078,-118.0289283,False,False,450.0,"(143, 196, 194)"
2521,California,37.660574,-122.4759197,False,False,450.0,"(143, 196, 194)"
2522,California,38.5512172,-121.7192755,False,False,450.0,"(143, 196, 194)"
2523,California,36.3022031,-116.414663,True,False,450.0,"(143, 196, 194)"
2524,California,36.72714,-119.5116125,False,False,450.0,"(143, 196, 194)"
2525,California,35.7578654,-119.2232218,False,False,450.0,"(143, 196, 194)"
2526,California,,,False,False,450.0,"(143, 196, 194)"
2527,California,,,False,False,450.0,"(143, 196, 194)"
2528,California,33.9824763,-117.8390886,False,False,450.0,"(143, 196, 194)"
2529,California,36.541105,-119.3856671,False,False,450.0,"(143, 196, 194)"
2530,California,36.541105,-119.3856671,False,False,450.0,"(143, 196, 194)"
2531,California,33.8093114,-117.9230008,False,False,450.0,"(143, 196, 194)"
2532,California,33.8100999,-117.9184696,False,False,450.0,"(143, 196, 194)"
2533,California,33.8104599,-117.9193865,False,False,450.0,"(143, 196, 194)"
2534,California,33.81173330000001,-117.9221769,False,False,450.0,"(143, 196, 194)"
2535,California,33.8145685,-117.9178555,False,False,450.0,"(143, 196, 194)"
2536,California,33.8130703,-117.9178203,False,False,450.0,"(143, 196, 194)"
2537,California,33.811254,-117.920785,False,False,450.0,"(143, 196, 194)"
2538,California,33.81138,-117.917307,False,False,450.0,"(143, 196, 194)"
2539,California,,,False,False,450.0,"(143, 196, 194)"
2540,California,33.8120918,-117.9189742,False,False,450.0,"(143, 196, 194)"
2541,California,33.812764,-117.921853,False,False,450.0,"(143, 196, 194)"
2542,California,33.812098,-117.9171676,False,False,450.0,"(143, 196, 194)"
2543,California,38.3010472,-120.2771816,False,False,450.0,"(143, 196, 194)"
2544,California,33.9236865,-118.1632554,False,False,450.0,"(143, 196, 194)"
2545,California,33.9388508,-118.1560776,False,False,450.0,"(143, 196, 194)"
2546,California,33.9236865,-118.1632554,False,False,450.0,"(143, 196, 194)"
2547,California,39.559389,-120.830203,False,False,450.0,"(143, 196, 194)"
2548,California,34.136422,-117.978228,False,False,450.0,"(143, 196, 194)"
2549,California,37.709843,-121.892265,False,False,450.0,"(143, 196, 194)"
2550,California,37.6997479,-121.9318556,False,False,450.0,"(143, 196, 194)"
2551,California,36.7125282,-119.133548,False,False,450.0,"(143, 196, 194)"
2552,California,,,False,False,450.0,"(143, 196, 194)"
2553,California,34.1259469,-117.207113,False,False,450.0,"(143, 196, 194)"
2554,California,34.0286694,-118.1534903,False,False,450.0,"(143, 196, 194)"
2555,California,34.0251621,-118.1795252,False,False,450.0,"(143, 196, 194)"
2556,California,34.0345991,-118.2057741,False,False,450.0,"(143, 196, 194)"
2557,California,34.0401408,-118.1982942,False,False,450.0,"(143, 196, 194)"
2558,California,34.0401408,-118.1982942,False,False,450.0,"(143, 196, 194)"
2559,California,34.0289081,-118.1707962,False,False,450.0,"(143, 196, 194)"
2560,California,34.0383532,-118.2174583,False,False,450.0,"(143, 196, 194)"
2561,California,37.3253157,-121.77684,False,False,450.0,"(143, 196, 194)"
2562,California,32.6556653,-116.976412,False,False,450.0,"(143, 196, 194)"
2563,California,34.9215216,-117.9389082,False,False,450.0,"(143, 196, 194)"
2564,California,32.779774,-116.957529,False,False,450.0,"(143, 196, 194)"
2565,California,32.7887209,-115.5637765,False,False,450.0,"(143, 196, 194)"
2566,California,32.7887209,-115.5637765,False,False,450.0,"(143, 196, 194)"
2567,California,38.5792338,-121.4934595,False,False,450.0,"(143, 196, 194)"
2568,California,32.767604,-115.5351676,False,False,450.0,"(143, 196, 194)"
2569,California,32.792537,-115.55619,False,False,450.0,"(143, 196, 194)"
2570,California,,,False,False,450.0,"(143, 196, 194)"
2571,California,38.7289361,-120.8277011,False,False,450.0,"(143, 196, 194)"
2572,California,34.0642128,-118.0344355,False,False,450.0,"(143, 196, 194)"
2573,California,34.0852976,-118.0197307,False,False,450.0,"(143, 196, 194)"
2574,California,34.05399,-118.011564,False,False,450.0,"(143, 196, 194)"
2575,California,38.4088351,-121.3626613,False,False,450.0,"(143, 196, 194)"
2576,California,34.0291105,-118.4863491,False,False,450.0,"(143, 196, 194)"
2577,California,40.7903788,-124.1588747,False,False,450.0,"(143, 196, 194)"
2578,California,40.7770314,-124.1885264,False,False,450.0,"(143, 196, 194)"
2579,California,38.6362934,-121.2455044,False,False,450.0,"(143, 196, 194)"
2580,California,38.0039005,-122.6202658,False,False,450.0,"(143, 196, 194)"
2581,California,33.411803,-117.2881241,False,False,450.0,"(143, 196, 194)"
2582,California,33.364083,-117.24896,False,False,450.0,"(143, 196, 194)"
2583,California,33.3665255,-117.2503168,False,False,450.0,"(143, 196, 194)"
2584,California,33.3490246,-117.241838,False,False,450.0,"(143, 196, 194)"
2585,California,33.3630067,-117.2036713,False,False,450.0,"(143, 196, 194)"
2586,California,33.392456,-117.239827,False,False,450.0,"(143, 196, 194)"
2587,California,33.3790338,-117.2465301,False,False,450.0,"(143, 196, 194)"
2588,California,40.5769861,-124.2637555,False,False,450.0,"(143, 196, 194)"
2589,California,,,False,False,450.0,"(143, 196, 194)"
2590,California,34.130724,-117.4460949,False,False,450.0,"(143, 196, 194)"
2591,California,34.1060252,-117.4211087,False,False,450.0,"(143, 196, 194)"
2592,California,34.1279187,-117.5231085,False,False,450.0,"(143, 196, 194)"
2593,California,34.1066098,-117.459483,False,False,450.0,"(143, 196, 194)"
2594,California,34.1185382,-117.4321585,False,False,450.0,"(143, 196, 194)"
2595,California,34.087782,-117.404151,False,False,450.0,"(143, 196, 194)"
2596,California,34.0779457,-117.4107829,False,False,450.0,"(143, 196, 194)"
2597,California,34.1109121,-117.4564188,False,False,450.0,"(143, 196, 194)"
2598,California,34.0816807,-117.4761582,False,False,450.0,"(143, 196, 194)"
2599,California,34.0878916,-116.9188285,False,False,450.0,"(143, 196, 194)"
2600,California,39.4526063,-123.8134991,False,False,450.0,"(143, 196, 194)"
2601,California,39.449865,-123.805562,False,False,450.0,"(143, 196, 194)"
2602,California,39.4827651,-123.7939771,False,False,450.0,"(143, 196, 194)"
2603,California,39.460208,-123.8067928,False,False,450.0,"(143, 196, 194)"
2604,California,39.448374,-123.806236,False,False,450.0,"(143, 196, 194)"
2605,California,37.5509533,-122.2827636,False,False,450.0,"(143, 196, 194)"
2606,California,33.70439,-117.9621913,False,False,450.0,"(143, 196, 194)"
2607,California,36.9560536,-121.7791324,False,False,450.0,"(143, 196, 194)"
2608,California,37.5327388,-121.9594368,False,False,450.0,"(143, 196, 194)"
2609,California,37.5328519,-121.9197425,False,False,450.0,"(143, 196, 194)"
2610,California,37.57065619999999,-121.9429366,False,False,450.0,"(143, 196, 194)"
2611,California,37.53388990000001,-121.9196936,False,False,450.0,"(143, 196, 194)"
2612,California,37.5317443,-121.9356624,False,False,450.0,"(143, 196, 194)"
2613,California,37.5300423,-121.9150642,False,False,450.0,"(143, 196, 194)"
2614,California,37.5528198,-121.9948276,False,False,450.0,"(143, 196, 194)"
2615,California,36.7789822,-119.8167786,False,False,450.0,"(143, 196, 194)"
2616,California,36.739746,-119.7823905,False,False,450.0,"(143, 196, 194)"
2617,California,36.8430752,-119.8917591,False,False,450.0,"(143, 196, 194)"
2618,California,36.8382165,-119.7840547,False,False,450.0,"(143, 196, 194)"
2619,California,36.7468422,-119.7725868,False,False,450.0,"(143, 196, 194)"
2620,California,36.741181,-119.783098,False,False,450.0,"(143, 196, 194)"
2621,California,,,False,False,450.0,"(143, 196, 194)"
2622,California,36.741442,-119.7523391,False,False,450.0,"(143, 196, 194)"
2623,California,36.7246226,-119.7824072,False,False,450.0,"(143, 196, 194)"
2624,California,33.8784952,-117.9659799,False,False,450.0,"(143, 196, 194)"
2625,California,33.888913,-117.885577,False,False,450.0,"(143, 196, 194)"
2626,California,,,False,False,450.0,"(143, 196, 194)"
2627,California,33.8743505,-117.9239231,False,False,450.0,"(143, 196, 194)"
2628,California,34.061101,-117.753798,False,False,450.0,"(143, 196, 194)"
2629,California,33.874498,-117.920281,False,False,450.0,"(143, 196, 194)"
2630,California,33.8811848,-117.9253605,False,False,450.0,"(143, 196, 194)"
2631,California,33.8725062,-117.9249681,False,False,450.0,"(143, 196, 194)"
2632,California,33.7783402,-117.9354265,False,False,450.0,"(143, 196, 194)"
2633,California,33.7783402,-117.9354265,False,False,450.0,"(143, 196, 194)"
2634,California,33.774127,-117.979804,False,False,450.0,"(143, 196, 194)"
2635,California,38.9072825,-120.8383664,False,False,450.0,"(143, 196, 194)"
2636,California,38.906763,-120.8391029,False,False,450.0,"(143, 196, 194)"
2637,California,38.9058837,-120.8390114,False,False,450.0,"(143, 196, 194)"
2638,California,38.7175942,-122.9999812,False,False,450.0,"(143, 196, 194)"
2639,California,37.0049962,-121.6290606,False,False,450.0,"(143, 196, 194)"
2640,California,37.0299339,-121.6562533,False,False,450.0,"(143, 196, 194)"
2641,California,,,False,False,450.0,"(143, 196, 194)"
2642,California,37.011992,-121.7061357,False,False,450.0,"(143, 196, 194)"
2643,California,37.0214162,-121.5708589,False,False,450.0,"(143, 196, 194)"
2644,California,37.0146842,-121.5670681,False,False,450.0,"(143, 196, 194)"
2645,California,38.3510471,-122.5373183,False,False,450.0,"(143, 196, 194)"
2646,California,38.3501481,-122.5120208,False,False,450.0,"(143, 196, 194)"
2647,California,34.1826353,-118.2764402,False,False,450.0,"(143, 196, 194)"
2648,California,,,False,False,450.0,"(143, 196, 194)"
2649,California,34.1343,-117.835489,False,False,450.0,"(143, 196, 194)"
2650,California,34.116436,-117.825959,False,False,450.0,"(143, 196, 194)"
2651,California,34.7930337,-118.8539869,False,False,450.0,"(143, 196, 194)"
2652,California,,,False,False,450.0,"(143, 196, 194)"
2653,California,39.2193428,-121.0636282,False,False,450.0,"(143, 196, 194)"
2654,California,39.2355399,-121.0392491,False,False,450.0,"(143, 196, 194)"
2655,California,39.208077,-121.069584,False,False,450.0,"(143, 196, 194)"
2656,California,39.2193428,-121.0636282,False,False,450.0,"(143, 196, 194)"
2657,California,37.8393125,-120.2295306,False,False,450.0,"(143, 196, 194)"
2658,California,,,False,False,450.0,"(143, 196, 194)"
2659,California,37.48705630000001,-122.3958631,False,False,450.0,"(143, 196, 194)"
2660,California,36.3285652,-119.6462334,False,False,450.0,"(143, 196, 194)"
2661,California,36.3017596,-119.6423102,False,False,450.0,"(143, 196, 194)"
2662,California,36.3293276,-119.6467996,False,False,450.0,"(143, 196, 194)"
2663,California,36.3252153,-119.6497292,False,False,450.0,"(143, 196, 194)"
2664,California,36.3309899,-119.6480192,False,False,450.0,"(143, 196, 194)"
2665,California,36.370953,-119.639839,False,False,450.0,"(143, 196, 194)"
2666,California,,,False,False,450.0,"(143, 196, 194)"
2667,California,33.7910166,-118.2916465,False,False,450.0,"(143, 196, 194)"
2668,California,33.9173288,-118.3631462,False,False,450.0,"(143, 196, 194)"
2669,California,33.8655338,-118.3527076,False,False,450.0,"(143, 196, 194)"
2670,California,37.6563446,-122.0566765,False,False,450.0,"(143, 196, 194)"
2671,California,37.6734647,-122.0812889,False,False,450.0,"(143, 196, 194)"
2672,California,37.6657877,-122.0776132,False,False,450.0,"(143, 196, 194)"
2673,California,37.6765667,-122.0491494,False,False,450.0,"(143, 196, 194)"
2674,California,,,False,False,450.0,"(143, 196, 194)"
2675,California,37.6668647,-122.108824,False,False,450.0,"(143, 196, 194)"
2676,California,38.604548,-122.8865106,False,False,450.0,"(143, 196, 194)"
2677,California,32.726299,-115.5284066,False,False,450.0,"(143, 196, 194)"
2678,California,33.7291584,-116.9337931,False,False,450.0,"(143, 196, 194)"
2679,California,33.7569198,-116.9590041,False,False,450.0,"(143, 196, 194)"
2680,California,33.7604185,-116.9601223,False,False,450.0,"(143, 196, 194)"
2681,California,33.869047,-118.3905471,False,False,450.0,"(143, 196, 194)"
2682,California,34.1154172,-118.1987917,False,False,450.0,"(143, 196, 194)"
2683,California,34.1065723,-118.3673123,False,False,450.0,"(143, 196, 194)"
2684,California,34.102103,-118.340588,False,False,450.0,"(143, 196, 194)"
2685,California,34.1087007,-118.3209797,False,False,450.0,"(143, 196, 194)"
2686,California,34.0982682,-118.3684058,False,False,450.0,"(143, 196, 194)"
2687,California,34.1014093,-118.3399204,False,False,450.0,"(143, 196, 194)"
2688,California,34.0978073,-118.3522447,False,False,450.0,"(143, 196, 194)"
2689,California,34.0904405,-118.3205651,False,False,450.0,"(143, 196, 194)"
2690,California,34.099165,-118.3400514,False,False,450.0,"(143, 196, 194)"
2691,California,34.1020231,-118.3409712,False,False,450.0,"(143, 196, 194)"
2692,California,34.1184341,-118.3003935,False,False,450.0,"(143, 196, 194)"
2693,California,34.1057717,-118.3104074,False,False,450.0,"(143, 196, 194)"
2694,California,,,False,False,450.0,"(143, 196, 194)"
2695,California,34.1020231,-118.3409712,False,False,450.0,"(143, 196, 194)"
2696,California,34.1312659,-118.4904271,False,False,450.0,"(143, 196, 194)"
2697,California,34.1013717,-118.3417986,False,False,450.0,"(143, 196, 194)"
2698,California,34.095169,-118.3740423,False,False,450.0,"(143, 196, 194)"
2699,California,,,False,False,450.0,"(143, 196, 194)"
2700,California,34.13811680000001,-118.3533783,False,False,450.0,"(143, 196, 194)"
2701,California,34.13811680000001,-118.3533783,False,False,450.0,"(143, 196, 194)"
2702,California,37.7883349,-122.4467064,False,False,450.0,"(143, 196, 194)"
2703,California,34.1043106,-118.3546641,False,False,450.0,"(143, 196, 194)"
2704,California,34.10173109999999,-118.3381527,False,False,450.0,"(143, 196, 194)"
2705,California,40.8020712,-124.1636729,False,False,450.0,"(143, 196, 194)"
2706,California,33.6956195,-118.0464005,False,False,450.0,"(143, 196, 194)"
2707,California,33.6520964,-117.9700495,False,False,450.0,"(143, 196, 194)"
2708,California,33.6697033,-118.0045647,False,False,450.0,"(143, 196, 194)"
2709,California,33.6764158,-118.0025715,False,False,450.0,"(143, 196, 194)"
2710,California,33.9732709,-118.212676,False,False,450.0,"(143, 196, 194)"
2711,California,33.733713,-116.7468108,False,False,450.0,"(143, 196, 194)"
2712,California,32.7054457,-117.1154829,False,False,450.0,"(143, 196, 194)"
2713,California,32.8589665,-115.565888,False,False,450.0,"(143, 196, 194)"
2714,California,32.763176,-115.530885,False,False,450.0,"(143, 196, 194)"
2715,California,33.7133553,-116.2391738,False,False,450.0,"(143, 196, 194)"
2716,California,33.9712752,-118.3387981,False,False,450.0,"(143, 196, 194)"
2717,California,38.3706819,-120.9533785,False,False,450.0,"(143, 196, 194)"
2718,California,33.7881185,-117.6607464,False,False,450.0,"(143, 196, 194)"
2719,California,33.7030042,-117.7820474,False,False,450.0,"(143, 196, 194)"
2720,California,33.6602327,-117.7764109,False,False,450.0,"(143, 196, 194)"
2721,California,33.6404952,-117.8442962,False,False,450.0,"(143, 196, 194)"
2722,California,33.678949,-117.806977,False,False,450.0,"(143, 196, 194)"
2723,California,37.954216,-120.422472,False,False,450.0,"(143, 196, 194)"
2724,California,40.0140915,-120.9643845,False,False,450.0,"(143, 196, 194)"
2725,California,42.948954,-72.291882,False,False,450.0,"(143, 196, 194)"
2726,California,35.0121516,-115.6532007,True,False,450.0,"(143, 196, 194)"
2727,California,36.7237575,-119.919426,False,False,450.0,"(143, 196, 194)"
2728,California,36.7255669,-119.9185994,False,False,450.0,"(143, 196, 194)"
2729,California,35.2017986,-118.833105,False,False,450.0,"(143, 196, 194)"
2730,California,35.3210888,-119.114502,False,False,450.0,"(143, 196, 194)"
2731,California,35.4996207,-119.1169571,False,False,450.0,"(143, 196, 194)"
2732,California,,,False,False,450.0,"(143, 196, 194)"
2733,California,36.4668575,-119.5576557,False,False,450.0,"(143, 196, 194)"
2734,California,33.9437066,-117.9201402,False,False,450.0,"(143, 196, 194)"
2735,California,33.92777,-117.959809,False,False,450.0,"(143, 196, 194)"
2736,California,33.9293256,-117.9465241,False,False,450.0,"(143, 196, 194)"
2737,California,33.9386196,-117.9269597,False,False,450.0,"(143, 196, 194)"
2738,California,33.9596782,-117.9467874,False,False,450.0,"(143, 196, 194)"
2739,California,32.8323834,-117.2688734,False,False,450.0,"(143, 196, 194)"
2740,California,33.9187917,-117.9998677,False,False,450.0,"(143, 196, 194)"
2741,California,33.9153245,-118.0089274,False,False,450.0,"(143, 196, 194)"
2742,California,33.8951757,-118.0086776,False,False,450.0,"(143, 196, 194)"
2743,California,34.0129349,-117.9281568,False,False,450.0,"(143, 196, 194)"
2744,California,34.0091161,-117.8866546,False,False,450.0,"(143, 196, 194)"
2745,California,34.0095564,-117.8891517,False,False,450.0,"(143, 196, 194)"
2746,California,33.9925902,-117.9315794,False,False,450.0,"(143, 196, 194)"
2747,California,33.7036013,-116.2810781,False,False,450.0,"(143, 196, 194)"
2748,California,36.9572192,-121.800665,False,False,450.0,"(143, 196, 194)"
2749,California,34.1042871,-117.7874815,False,False,450.0,"(143, 196, 194)"
2750,California,37.8963507,-122.1011153,False,False,450.0,"(143, 196, 194)"
2751,California,33.5575886,-117.7608744,False,False,450.0,"(143, 196, 194)"
2752,California,33.624022,-117.719212,False,False,450.0,"(143, 196, 194)"
2753,California,34.1889407,-118.5048967,False,False,450.0,"(143, 196, 194)"
2754,California,33.6739688,-117.2606995,False,False,450.0,"(143, 196, 194)"
2755,California,,,False,False,450.0,"(143, 196, 194)"
2756,California,,,False,False,450.0,"(143, 196, 194)"
2757,California,33.6965198,-117.3361331,False,False,450.0,"(143, 196, 194)"
2758,California,33.6729259,-117.3254654,False,False,450.0,"(143, 196, 194)"
2759,California,33.625787,-117.7156933,False,False,450.0,"(143, 196, 194)"
2760,California,,,False,False,450.0,"(143, 196, 194)"
2761,California,33.8384327,-118.1220973,False,False,450.0,"(143, 196, 194)"
2762,California,33.8617582,-118.1183485,False,False,450.0,"(143, 196, 194)"
2763,California,34.6866328,-118.1590238,False,False,450.0,"(143, 196, 194)"
2764,California,34.6973763,-118.1286015,False,False,450.0,"(143, 196, 194)"
2765,California,,,False,False,450.0,"(143, 196, 194)"
2766,California,34.6939529,-118.1894258,False,False,450.0,"(143, 196, 194)"
2767,California,34.6852268,-118.1352675,False,False,450.0,"(143, 196, 194)"
2768,California,34.6972335,-118.1437191,False,False,450.0,"(143, 196, 194)"
2769,California,34.7076951,-118.138852,False,False,450.0,"(143, 196, 194)"
2770,California,37.7795697,-121.3136836,False,False,450.0,"(143, 196, 194)"
2771,California,32.7427958,-117.046774,False,False,450.0,"(143, 196, 194)"
2772,California,36.299159,-119.805338,False,False,450.0,"(143, 196, 194)"
2773,California,36.2975958,-119.7799695,False,False,450.0,"(143, 196, 194)"
2774,California,36.2975958,-119.7799695,False,False,450.0,"(143, 196, 194)"
2775,California,36.800747,-119.722054,False,False,450.0,"(143, 196, 194)"
2776,California,33.9372548,-118.36479,False,False,450.0,"(143, 196, 194)"
2777,California,33.9173288,-118.3631462,False,False,450.0,"(143, 196, 194)"
2778,California,38.9037726,-121.3301885,False,False,450.0,"(143, 196, 194)"
2779,California,37.6899307,-121.6660364,False,False,450.0,"(143, 196, 194)"
2780,California,,,False,False,450.0,"(143, 196, 194)"
2781,California,34.0514382,-117.2774587,False,False,450.0,"(143, 196, 194)"
2782,California,33.7923726,-118.3138226,False,False,450.0,"(143, 196, 194)"
2783,California,34.6569424,-120.45798,False,False,450.0,"(143, 196, 194)"
2784,California,34.6697472,-120.4206238,False,False,450.0,"(143, 196, 194)"
2785,California,,,False,False,450.0,"(143, 196, 194)"
2786,California,,,False,False,450.0,"(143, 196, 194)"
2787,California,33.7898243,-118.1431022,False,False,450.0,"(143, 196, 194)"
2788,California,33.8542373,-118.1670035,False,False,450.0,"(143, 196, 194)"
2789,California,33.8678992,-118.1917985,False,False,450.0,"(143, 196, 194)"
2790,California,33.8678992,-118.1917985,False,False,450.0,"(143, 196, 194)"
2791,California,33.792449,-118.2158259,False,False,450.0,"(143, 196, 194)"
2792,California,33.8397104,-118.1954809,False,False,450.0,"(143, 196, 194)"
2793,California,33.811516,-118.138074,False,False,450.0,"(143, 196, 194)"
2794,California,33.7526356,-118.1903235,False,False,450.0,"(143, 196, 194)"
2795,California,33.7526356,-118.1903235,False,False,450.0,"(143, 196, 194)"
2796,California,34.059646,-118.297101,False,False,450.0,"(143, 196, 194)"
2797,California,34.0462613,-118.237693,False,False,450.0,"(143, 196, 194)"
2798,California,34.0878273,-118.3370631,False,False,450.0,"(143, 196, 194)"
2799,California,33.9652918,-118.1514588,False,False,450.0,"(143, 196, 194)"
2800,California,34.0614573,-118.2629339,False,False,450.0,"(143, 196, 194)"
2801,California,34.1889407,-118.5048967,False,False,450.0,"(143, 196, 194)"
2802,California,34.0297895,-118.2117257,False,False,450.0,"(143, 196, 194)"
2803,California,34.0297895,-118.2117257,False,False,450.0,"(143, 196, 194)"
2804,California,34.0261465,-118.2885195,False,False,450.0,"(143, 196, 194)"
2805,California,33.8316745,-118.281693,False,False,450.0,"(143, 196, 194)"
2806,California,34.0698258,-118.2345963,False,False,450.0,"(143, 196, 194)"
2807,California,34.0623339,-118.2383309,False,False,450.0,"(143, 196, 194)"
2808,California,34.0197335,-117.9586754,False,False,450.0,"(143, 196, 194)"
2809,California,34.0140526,-118.2878754,False,False,450.0,"(143, 196, 194)"
2810,California,34.0944557,-118.2274469,False,False,450.0,"(143, 196, 194)"
2811,California,34.040713,-118.2467693,False,False,450.0,"(143, 196, 194)"
2812,California,34.0838043,-118.2365812,False,False,450.0,"(143, 196, 194)"
2813,California,34.0821574,-118.3597627,False,False,450.0,"(143, 196, 194)"
2814,California,34.0454836,-118.2639248,False,False,450.0,"(143, 196, 194)"
2815,California,34.1154172,-118.1987917,False,False,450.0,"(143, 196, 194)"
2816,California,33.9698447,-118.2691485,False,False,450.0,"(143, 196, 194)"
2817,California,34.13655440000001,-118.2942,False,False,450.0,"(143, 196, 194)"
2818,California,34.1157564,-118.1854042,False,False,450.0,"(143, 196, 194)"
2819,California,34.1143369,-118.3734598,False,False,450.0,"(143, 196, 194)"
2820,California,34.0613992,-118.2884225,False,False,450.0,"(143, 196, 194)"
2821,California,42.316274,-71.0342146,False,False,450.0,"(143, 196, 194)"
2822,California,34.1079309,-118.2774744,False,False,450.0,"(143, 196, 194)"
2823,California,33.8443038,-118.0002265,False,False,450.0,"(143, 196, 194)"
2824,California,34.0522342,-118.2436849,False,False,450.0,"(143, 196, 194)"
2825,California,34.0639323,-118.3592293,False,False,450.0,"(143, 196, 194)"
2826,California,34.027772,-118.414233,False,False,450.0,"(143, 196, 194)"
2827,California,34.0739389,-118.2115093,False,False,450.0,"(143, 196, 194)"
2828,California,33.9465953,-118.3848086,False,False,450.0,"(143, 196, 194)"
2829,California,34.0537136,-118.2426533,False,False,450.0,"(143, 196, 194)"
2830,California,34.1573667,-118.6522057,False,False,450.0,"(143, 196, 194)"
2831,California,34.0554228,-118.3329959,False,False,450.0,"(143, 196, 194)"
2832,California,34.044917,-118.296672,False,False,450.0,"(143, 196, 194)"
2833,California,33.9698183,-118.4184969,False,False,450.0,"(143, 196, 194)"
2834,California,33.9698183,-118.4184969,False,False,450.0,"(143, 196, 194)"
2835,California,34.0082618,-118.2921733,False,False,450.0,"(143, 196, 194)"
2836,California,33.9022367,-118.081733,False,False,450.0,"(143, 196, 194)"
2837,California,33.948858,-118.383123,False,False,450.0,"(143, 196, 194)"
2838,California,34.1273615,-118.2105035,False,False,450.0,"(143, 196, 194)"
2839,California,34.1273615,-118.2105035,False,False,450.0,"(143, 196, 194)"
2840,California,34.0669529,-118.264006,False,False,450.0,"(143, 196, 194)"
2841,California,33.932262,-118.40317,False,False,450.0,"(143, 196, 194)"
2842,California,33.9484998,-118.3858006,False,False,450.0,"(143, 196, 194)"
2843,California,34.038338,-118.2110747,False,False,450.0,"(143, 196, 194)"
2844,California,34.073851,-118.2399583,False,False,450.0,"(143, 196, 194)"
2845,California,,,False,False,450.0,"(143, 196, 194)"
2846,California,34.1263884,-118.4725275,False,False,450.0,"(143, 196, 194)"
2847,California,34.074097,-118.2912733,False,False,450.0,"(143, 196, 194)"
2848,California,34.0202894,-117.8653386,False,False,450.0,"(143, 196, 194)"
2849,California,33.9582876,-118.4287235,False,False,450.0,"(143, 196, 194)"
2850,California,34.0635016,-118.4455164,False,False,450.0,"(143, 196, 194)"
2851,California,34.0699853,-118.1862623,False,False,450.0,"(143, 196, 194)"
2852,California,34.0457263,-118.252351,False,False,450.0,"(143, 196, 194)"
2853,California,34.068921,-118.4451811,False,False,450.0,"(143, 196, 194)"
2854,California,33.9850469,-118.4694832,False,False,450.0,"(143, 196, 194)"
2855,California,33.9850469,-118.4694832,False,False,450.0,"(143, 196, 194)"
2856,California,34.0383532,-118.2174583,False,False,450.0,"(143, 196, 194)"
2857,California,37.2281098,-121.9810084,False,False,450.0,"(143, 196, 194)"
2858,California,37.2366887,-121.9745418,False,False,450.0,"(143, 196, 194)"
2859,California,37.3685027,-121.8931609,False,False,450.0,"(143, 196, 194)"
2860,California,37.2036154,-121.893024,False,False,450.0,"(143, 196, 194)"
2861,California,37.2223894,-121.9830349,False,False,450.0,"(143, 196, 194)"
2862,California,37.130591,-121.9793564,False,False,450.0,"(143, 196, 194)"
2863,California,33.9277072,-118.2033179,False,False,450.0,"(143, 196, 194)"
2864,Arizona,32.6156093,-112.9846094,False,False,182.0,"(205, 100, 138)"
2865,Arizona,33.8675098,-112.1482843,False,False,182.0,"(205, 100, 138)"
2866,Arizona,32.7560523,-111.697001,True,False,182.0,"(205, 100, 138)"
2867,Arizona,31.4502219,-109.9318312,False,False,182.0,"(205, 100, 138)"
2868,Arizona,31.44263209999999,-109.9211697,False,False,182.0,"(205, 100, 138)"
2869,Arizona,31.44239319999999,-109.9144646,False,False,182.0,"(205, 100, 138)"
2870,Arizona,31.442547,-109.916607,False,False,182.0,"(205, 100, 138)"
2871,Arizona,35.1014322,-114.6032171,False,False,182.0,"(205, 100, 138)"
2872,Arizona,,,False,False,182.0,"(205, 100, 138)"
2873,Arizona,32.885575,-111.756853,False,False,182.0,"(205, 100, 138)"
2874,Arizona,32.8807401,-111.7097455,False,False,182.0,"(205, 100, 138)"
2875,Arizona,32.7972323,-111.684584,True,False,182.0,"(205, 100, 138)"
2876,Arizona,32.8809174,-111.7345833,False,False,182.0,"(205, 100, 138)"
2877,Arizona,,,False,False,182.0,"(205, 100, 138)"
2878,Arizona,33.308875,-111.842131,False,False,182.0,"(205, 100, 138)"
2879,Arizona,33.3040947,-111.8427294,False,False,182.0,"(205, 100, 138)"
2880,Arizona,36.1336111,-109.4694444,False,False,182.0,"(205, 100, 138)"
2881,Arizona,31.9223886,-109.9673212,False,False,182.0,"(205, 100, 138)"
2882,Arizona,,,False,False,182.0,"(205, 100, 138)"
2883,Arizona,31.3451633,-109.5547655,False,False,182.0,"(205, 100, 138)"
2884,Arizona,31.6853571,-109.5948503,False,False,182.0,"(205, 100, 138)"
2885,Arizona,35.2173199,-111.5951003,False,False,182.0,"(205, 100, 138)"
2886,Arizona,35.1982233,-111.6474131,False,False,182.0,"(205, 100, 138)"
2887,Arizona,35.2141418,-111.5996109,False,False,182.0,"(205, 100, 138)"
2888,Arizona,35.195554,-111.6490815,False,False,182.0,"(205, 100, 138)"
2889,Arizona,35.1851895,-111.6547075,False,False,182.0,"(205, 100, 138)"
2890,Arizona,35.1986117,-111.6494475,False,False,182.0,"(205, 100, 138)"
2891,Arizona,35.1874031,-111.6594979,False,False,182.0,"(205, 100, 138)"
2892,Arizona,35.2149611,-111.6341424,False,False,182.0,"(205, 100, 138)"
2893,Arizona,,,False,False,182.0,"(205, 100, 138)"
2894,Arizona,33.4467878,-112.0997258,False,False,182.0,"(205, 100, 138)"
2895,Arizona,33.6189325,-111.7354173,False,False,182.0,"(205, 100, 138)"
2896,Arizona,33.594748,-111.7136525,False,False,182.0,"(205, 100, 138)"
2897,Arizona,33.36358790000001,-111.6841027,False,False,182.0,"(205, 100, 138)"
2898,Arizona,33.6075228,-112.1598496,True,False,182.0,"(205, 100, 138)"
2899,Arizona,33.523049,-112.155692,True,False,182.0,"(205, 100, 138)"
2900,Arizona,33.6529974,-112.1696443,True,False,182.0,"(205, 100, 138)"
2901,Arizona,33.524134,-112.202012,True,False,182.0,"(205, 100, 138)"
2902,Arizona,33.5758792,-112.1902173,True,False,182.0,"(205, 100, 138)"
2903,Arizona,33.3935608,-110.7812063,False,False,182.0,"(205, 100, 138)"
2904,Arizona,33.3862402,-110.7599896,False,False,182.0,"(205, 100, 138)"
2905,Arizona,33.404756,-110.787725,False,False,182.0,"(205, 100, 138)"
2906,Arizona,33.3942223,-110.7864984,False,False,182.0,"(205, 100, 138)"
2907,Arizona,33.443122,-112.4068937,False,False,182.0,"(205, 100, 138)"
2908,Arizona,36.0574162,-112.1375779,False,False,182.0,"(205, 100, 138)"
2909,Arizona,36.0699828,-112.1462809,False,False,182.0,"(205, 100, 138)"
2910,Arizona,34.5176922,-93.0511618,True,False,182.0,"(205, 100, 138)"
2911,Arizona,31.5547087,-110.3461518,False,False,182.0,"(205, 100, 138)"
2912,Arizona,31.588448,-110.344383,False,False,182.0,"(205, 100, 138)"
2913,Arizona,34.913842,-92.070043,False,False,182.0,"(205, 100, 138)"
2914,Arizona,34.7512261,-112.1162698,False,False,182.0,"(205, 100, 138)"
2915,Arizona,34.7477558,-112.1148375,False,False,182.0,"(205, 100, 138)"
2916,Arizona,34.7477558,-112.1148375,False,False,182.0,"(205, 100, 138)"
2917,Arizona,34.7489484,-112.1145004,False,False,182.0,"(205, 100, 138)"
2918,Arizona,35.1808322,-114.0318949,False,False,182.0,"(205, 100, 138)"
2919,Arizona,35.18892230000001,-114.0539149,False,False,182.0,"(205, 100, 138)"
2920,Arizona,34.168161,-109.9741959,False,False,182.0,"(205, 100, 138)"
2921,Arizona,33.267595,-93.239607,False,False,182.0,"(205, 100, 138)"
2922,Arizona,33.4153255,-111.6579135,False,False,182.0,"(205, 100, 138)"
2923,Arizona,33.40048,-111.848511,False,False,182.0,"(205, 100, 138)"
2924,Arizona,33.4409779,-111.7070492,False,False,182.0,"(205, 100, 138)"
2925,Arizona,33.307338,-111.8742619,False,False,182.0,"(205, 100, 138)"
2926,Arizona,33.3698111,-111.6179794,False,False,182.0,"(205, 100, 138)"
2927,Arizona,33.4095115,-111.6792923,False,False,182.0,"(205, 100, 138)"
2928,Arizona,33.414213,-111.848545,False,False,182.0,"(205, 100, 138)"
2929,Arizona,33.3998744,-111.8495458,False,False,182.0,"(205, 100, 138)"
2930,Arizona,33.3107603,-111.681736,False,False,182.0,"(205, 100, 138)"
2931,Arizona,,,False,False,182.0,"(205, 100, 138)"
2932,Arizona,31.38903939999999,-110.9546735,False,False,182.0,"(205, 100, 138)"
2933,Arizona,35.0263985,-114.3834508,False,False,182.0,"(205, 100, 138)"
2934,Arizona,32.6094549,-110.765003,False,False,182.0,"(205, 100, 138)"
2935,Arizona,31.5414368,-110.7530638,False,False,182.0,"(205, 100, 138)"
2936,Arizona,33.8886967,-112.280129,True,False,182.0,"(205, 100, 138)"
2937,Arizona,,,False,False,182.0,"(205, 100, 138)"
2938,Arizona,33.5873645,-112.239422,True,False,182.0,"(205, 100, 138)"
2939,Arizona,33.5129204,-112.0802534,False,False,182.0,"(205, 100, 138)"
2940,Arizona,33.5530949,-112.0997769,True,False,182.0,"(205, 100, 138)"
2941,Arizona,33.3703644,-111.945216,False,False,182.0,"(205, 100, 138)"
2942,Arizona,33.4948819,-112.1689492,False,False,182.0,"(205, 100, 138)"
2943,Arizona,33.5530893,-112.1775086,True,False,182.0,"(205, 100, 138)"
2944,Arizona,33.4525898,-112.0258737,False,False,182.0,"(205, 100, 138)"
2945,Arizona,,,False,False,182.0,"(205, 100, 138)"
2946,Arizona,33.6529974,-112.1696443,True,False,182.0,"(205, 100, 138)"
2947,Arizona,,,False,False,182.0,"(205, 100, 138)"
2948,Arizona,33.698716,-112.1416639,True,False,182.0,"(205, 100, 138)"
2949,Arizona,33.4483771,-112.0740373,False,False,182.0,"(205, 100, 138)"
2950,Arizona,33.8231982,-112.1489621,False,False,182.0,"(205, 100, 138)"
2951,Arizona,33.4506,-112.074,False,False,182.0,"(205, 100, 138)"
2952,Arizona,33.6358879,-111.9988256,True,False,182.0,"(205, 100, 138)"
2953,Arizona,33.509517,-112.059738,False,False,182.0,"(205, 100, 138)"
2954,Arizona,33.594613,-112.063949,False,False,182.0,"(205, 100, 138)"
2955,Arizona,32.9208126,-110.7331063,False,False,182.0,"(205, 100, 138)"
2956,Arizona,,,False,False,182.0,"(205, 100, 138)"
2957,Arizona,34.541727,-112.4678225,False,False,182.0,"(205, 100, 138)"
2958,Arizona,34.5527787,-112.4552462,False,False,182.0,"(205, 100, 138)"
2959,Arizona,34.5420178,-112.4676356,False,False,182.0,"(205, 100, 138)"
2960,Arizona,34.5420178,-112.4676356,False,False,182.0,"(205, 100, 138)"
2961,Arizona,34.538801,-112.469006,False,False,182.0,"(205, 100, 138)"
2962,Arizona,34.531556,-112.3816371,False,False,182.0,"(205, 100, 138)"
2963,Arizona,34.5417283,-112.4703287,False,False,182.0,"(205, 100, 138)"
2964,Arizona,33.6865184,-111.1235382,True,False,182.0,"(205, 100, 138)"
2965,Arizona,32.5966312,-110.6382251,False,False,182.0,"(205, 100, 138)"
2966,Arizona,33.52667,-111.905583,False,False,182.0,"(205, 100, 138)"
2967,Arizona,31.556709,-110.30689,False,False,182.0,"(205, 100, 138)"
2968,Arizona,31.5557585,-110.2646286,False,False,182.0,"(205, 100, 138)"
2969,Arizona,33.475515,-111.1936733,False,False,182.0,"(205, 100, 138)"
2970,Arizona,31.9054198,-110.2207883,False,False,182.0,"(205, 100, 138)"
2971,Arizona,33.4242399,-111.9280527,False,False,182.0,"(205, 100, 138)"
2972,Arizona,33.42067,-111.942669,False,False,182.0,"(205, 100, 138)"
2973,Arizona,33.3658448,-111.9218572,False,False,182.0,"(205, 100, 138)"
2974,Arizona,33.4282413,-111.9363069,False,False,182.0,"(205, 100, 138)"
2975,Arizona,31.7123203,-110.066648,False,False,182.0,"(205, 100, 138)"
2976,Arizona,31.711799,-110.06534,False,False,182.0,"(205, 100, 138)"
2977,Arizona,31.7154103,-110.0688267,False,False,182.0,"(205, 100, 138)"
2978,Arizona,33.6257944,-111.9328039,True,False,182.0,"(205, 100, 138)"
2979,Arizona,31.713021,-110.0675922,False,False,182.0,"(205, 100, 138)"
2980,Arizona,31.719916,-110.0705999,False,False,182.0,"(205, 100, 138)"
2981,Arizona,32.2424829,-110.8145099,False,False,182.0,"(205, 100, 138)"
2982,Arizona,32.2442917,-110.9148886,False,False,182.0,"(205, 100, 138)"
2983,Arizona,32.2312392,-110.9553994,False,False,182.0,"(205, 100, 138)"
2984,Arizona,32.2765105,-110.7990855,False,False,182.0,"(205, 100, 138)"
2985,Arizona,32.0620549,-110.633517,False,False,182.0,"(205, 100, 138)"
2986,Arizona,32.2288928,-110.9792169,False,False,182.0,"(205, 100, 138)"
2987,Arizona,32.135965,-110.9042465,False,False,182.0,"(205, 100, 138)"
2988,Arizona,32.2856263,-110.8126448,False,False,182.0,"(205, 100, 138)"
2989,Arizona,,,False,False,182.0,"(205, 100, 138)"
2990,Arizona,32.2639072,-110.981414,False,False,182.0,"(205, 100, 138)"
2991,Arizona,32.2220224,-110.9716152,False,False,182.0,"(205, 100, 138)"
2992,Arizona,32.209736,-110.943344,False,False,182.0,"(205, 100, 138)"
2993,Arizona,32.209736,-110.943344,False,False,182.0,"(205, 100, 138)"
2994,Arizona,32.209736,-110.943344,False,False,182.0,"(205, 100, 138)"
2995,Arizona,32.2707841,-110.9477078,False,False,182.0,"(205, 100, 138)"
2996,Arizona,,,False,False,182.0,"(205, 100, 138)"
2997,Arizona,32.222248,-110.966648,False,False,182.0,"(205, 100, 138)"
2998,Arizona,32.223425,-110.9710612,False,False,182.0,"(205, 100, 138)"
2999,Arizona,32.214103,-110.831274,False,False,182.0,"(205, 100, 138)"
3000,Arizona,32.23600940000001,-110.8531724,False,False,182.0,"(205, 100, 138)"
3001,Arizona,32.3100666,-110.8222067,False,False,182.0,"(205, 100, 138)"
3002,Arizona,32.218155,-110.966482,False,False,182.0,"(205, 100, 138)"
3003,Arizona,32.190041,-110.91891,False,False,182.0,"(205, 100, 138)"
3004,Arizona,32.3730644,-111.0266871,False,False,182.0,"(205, 100, 138)"
3005,Arizona,32.1070971,-111.0078764,False,False,182.0,"(205, 100, 138)"
3006,Arizona,32.2280654,-111.0003538,False,False,182.0,"(205, 100, 138)"
3007,Arizona,32.2271084,-110.9619775,False,False,182.0,"(205, 100, 138)"
3008,Arizona,32.253063,-110.8804999,False,False,182.0,"(205, 100, 138)"
3009,Arizona,32.2318851,-110.9501094,False,False,182.0,"(205, 100, 138)"
3010,Arizona,32.0967099,-110.8274017,False,False,182.0,"(205, 100, 138)"
3011,Arizona,,,False,False,182.0,"(205, 100, 138)"
3012,Arizona,33.8186627,-109.3000812,False,False,182.0,"(205, 100, 138)"
3013,Arizona,33.9694569,-112.7329352,True,False,182.0,"(205, 100, 138)"
3014,Arizona,33.8192639,-112.8334477,True,False,182.0,"(205, 100, 138)"
3015,Arizona,35.244025,-112.210671,False,False,182.0,"(205, 100, 138)"
3016,Arizona,32.9906994,-110.7713387,False,False,182.0,"(205, 100, 138)"
3017,Arizona,32.7172291,-114.6252466,False,False,182.0,"(205, 100, 138)"
3018,Arizona,32.6926512,-114.6276916,False,False,182.0,"(205, 100, 138)"
3019,Arizona,32.727049,-114.614955,False,False,182.0,"(205, 100, 138)"
3020,Maryland,39.50026700000001,-76.208439,False,False,677.0,"(192, 179, 179)"
3021,Maryland,39.0326971,-76.9500829,False,False,677.0,"(192, 179, 179)"
3022,Maryland,39.1322328,-76.5490289,False,False,677.0,"(192, 179, 179)"
3023,Maryland,51.6685352,-1.3374236,False,False,677.0,"(192, 179, 179)"
3024,Maryland,38.9722578,-76.5057326,False,False,677.0,"(192, 179, 179)"
3025,Maryland,38.9722578,-76.5057326,False,False,677.0,"(192, 179, 179)"
3026,Maryland,38.9482381,-76.658761,False,False,677.0,"(192, 179, 179)"
3027,Maryland,38.978177,-76.486914,False,False,677.0,"(192, 179, 179)"
3028,Maryland,38.963263,-76.50518679999999,False,False,677.0,"(192, 179, 179)"
3029,Maryland,39.4598731,-77.742294,False,False,677.0,"(192, 179, 179)"
3030,Maryland,39.0403885,-76.53190699999999,False,False,677.0,"(192, 179, 179)"
3031,Maryland,39.2795837,-76.55574039999999,False,False,677.0,"(192, 179, 179)"
3032,Maryland,39.00970239999999,-76.4376249,False,False,677.0,"(192, 179, 179)"
3033,Maryland,39.2728433,-76.6701926,False,False,677.0,"(192, 179, 179)"
3034,Maryland,52.46516880000001,1.1394977,False,False,677.0,"(192, 179, 179)"
3035,Maryland,39.2506633,-76.5205184,False,False,677.0,"(192, 179, 179)"
3036,Maryland,39.2842097,-76.593611,False,False,677.0,"(192, 179, 179)"
3037,Maryland,39.2637757,-76.58008,False,False,677.0,"(192, 179, 179)"
3038,Maryland,39.3551135,-76.5078947,False,False,677.0,"(192, 179, 179)"
3039,Maryland,39.288158,-76.641285,False,False,677.0,"(192, 179, 179)"
3040,Maryland,39.3070162,-76.6084632,False,False,677.0,"(192, 179, 179)"
3041,Maryland,38.897,-77.03119099999999,False,False,677.0,"(192, 179, 179)"
3042,Maryland,39.245385,-76.64024549999999,False,False,677.0,"(192, 179, 179)"
3043,Maryland,39.2857251,-76.7200591,False,False,677.0,"(192, 179, 179)"
3044,Maryland,,,False,False,677.0,"(192, 179, 179)"
3045,Maryland,39.4337784,-76.51093689999999,False,False,677.0,"(192, 179, 179)"
3046,Maryland,39.2920912,-76.61975679999999,False,False,677.0,"(192, 179, 179)"
3047,Maryland,39.396787,-76.476272,False,False,677.0,"(192, 179, 179)"
3048,Maryland,39.2912968,-76.6330957,False,False,677.0,"(192, 179, 179)"
3049,Maryland,39.2892131,-76.6249759,False,False,677.0,"(192, 179, 179)"
3050,Maryland,39.2892131,-76.6249759,False,False,677.0,"(192, 179, 179)"
3051,Maryland,39.2892131,-76.6249759,False,False,677.0,"(192, 179, 179)"
3052,Maryland,39.2856061,-76.61100789999999,False,False,677.0,"(192, 179, 179)"
3053,Maryland,39.2902428,-76.62316040000002,False,False,677.0,"(192, 179, 179)"
3054,Maryland,39.379422,-76.6057168,False,False,677.0,"(192, 179, 179)"
3055,Maryland,39.4900013,-76.65850739999999,False,False,677.0,"(192, 179, 179)"
3056,Maryland,39.3095823,-76.6164649,False,False,677.0,"(192, 179, 179)"
3057,Maryland,39.30927430000001,-76.47496199999999,False,False,677.0,"(192, 179, 179)"
3058,Maryland,39.4695489,-76.82942129999999,False,False,677.0,"(192, 179, 179)"
3059,Maryland,,,False,False,677.0,"(192, 179, 179)"
3060,Maryland,39.5225645,-76.3521212,False,False,677.0,"(192, 179, 179)"
3061,Maryland,39.5906624,-76.2835685,False,False,677.0,"(192, 179, 179)"
3062,Maryland,,,False,False,677.0,"(192, 179, 179)"
3063,Maryland,39.56399589999999,-76.3244033,False,False,677.0,"(192, 179, 179)"
3064,Maryland,39.0537631,-76.8998203,False,False,677.0,"(192, 179, 179)"
3065,Maryland,39.0069662,-77.1119614,False,False,677.0,"(192, 179, 179)"
3066,Maryland,39.4846197,-77.6205415,False,False,677.0,"(192, 179, 179)"
3067,Maryland,,,False,False,677.0,"(192, 179, 179)"
3068,Maryland,38.9783887,-76.80054299999999,False,False,677.0,"(192, 179, 179)"
3069,Maryland,38.9905114,-76.7867766,False,False,677.0,"(192, 179, 179)"
3070,Maryland,38.9774337,-76.7365947,False,False,677.0,"(192, 179, 179)"
3071,Maryland,38.422057,-76.54572879999999,False,False,677.0,"(192, 179, 179)"
3072,Maryland,,,False,False,677.0,"(192, 179, 179)"
3073,Maryland,,,False,False,677.0,"(192, 179, 179)"
3074,Maryland,39.2639109,-76.72711749999999,False,False,677.0,"(192, 179, 179)"
3075,Maryland,39.2857251,-76.7200591,False,False,677.0,"(192, 179, 179)"
3076,Maryland,38.4783731,-76.7807138,False,False,677.0,"(192, 179, 179)"
3077,Maryland,,,False,False,677.0,"(192, 179, 179)"
3078,Maryland,,,False,False,677.0,"(192, 179, 179)"
3079,Maryland,38.9869183,-76.9425543,False,False,677.0,"(192, 179, 179)"
3080,Maryland,,,False,False,677.0,"(192, 179, 179)"
3081,Maryland,,,False,False,677.0,"(192, 179, 179)"
3082,Maryland,39.6251984,-78.76552310000001,False,False,677.0,"(192, 179, 179)"
3083,Maryland,39.6564261,-78.7752356,False,False,677.0,"(192, 179, 179)"
3084,Maryland,39.6548239,-78.76441899999999,False,False,677.0,"(192, 179, 179)"
3085,Maryland,39.6518308,-78.77445039999999,False,False,677.0,"(192, 179, 179)"
3086,Maryland,,,False,False,677.0,"(192, 179, 179)"
3087,Maryland,38.1601604,-76.4825591,False,False,677.0,"(192, 179, 179)"
3088,Maryland,39.2684441,-76.5025342,False,False,677.0,"(192, 179, 179)"
3089,Maryland,39.260065,-76.50185139999999,False,False,677.0,"(192, 179, 179)"
3090,Maryland,38.8561649,-76.1441198,False,False,677.0,"(192, 179, 179)"
3091,Maryland,39.3512158,-76.9133105,False,False,677.0,"(192, 179, 179)"
3092,Maryland,39.6186506,-75.8373728,False,False,677.0,"(192, 179, 179)"
3093,Maryland,39.2259538,-76.7452029,False,False,677.0,"(192, 179, 179)"
3094,Maryland,,,False,False,677.0,"(192, 179, 179)"
3095,Maryland,,,False,False,677.0,"(192, 179, 179)"
3096,Maryland,39.2689889,-76.8021265,False,False,677.0,"(192, 179, 179)"
3097,Maryland,39.2689889,-76.8021265,False,False,677.0,"(192, 179, 179)"
3098,Maryland,39.2708634,-76.797033,False,False,677.0,"(192, 179, 179)"
3099,Maryland,39.2431756,-76.8324141,False,False,677.0,"(192, 179, 179)"
3100,Maryland,,,False,False,677.0,"(192, 179, 179)"
3101,Maryland,39.6807058,-77.3490013,False,False,677.0,"(192, 179, 179)"
3102,Maryland,41.709134,-71.136628,False,False,677.0,"(192, 179, 179)"
3103,Maryland,39.097893,-76.72917799999999,False,False,677.0,"(192, 179, 179)"
3104,Maryland,39.097893,-76.72917799999999,False,False,677.0,"(192, 179, 179)"
3105,Maryland,,,False,False,677.0,"(192, 179, 179)"
3106,Maryland,39.453351,-77.36657,False,False,677.0,"(192, 179, 179)"
3107,Maryland,39.4543011,-77.4002193,False,False,677.0,"(192, 179, 179)"
3108,Maryland,39.4213829,-77.4202024,False,False,677.0,"(192, 179, 179)"
3109,Maryland,39.327324,-77.34753979999999,False,False,677.0,"(192, 179, 179)"
3110,Maryland,39.4543011,-77.4002193,False,False,677.0,"(192, 179, 179)"
3111,Maryland,39.3287614,-77.3519906,False,False,677.0,"(192, 179, 179)"
3112,Maryland,,,False,False,677.0,"(192, 179, 179)"
3113,Maryland,39.6526599,-78.92760419999999,False,False,677.0,"(192, 179, 179)"
3114,Maryland,39.6576719,-78.920478,False,False,677.0,"(192, 179, 179)"
3115,Maryland,39.13547800000001,-77.19469400000001,False,False,677.0,"(192, 179, 179)"
3116,Maryland,39.13547800000001,-77.19469400000001,False,False,677.0,"(192, 179, 179)"
3117,Maryland,39.3551135,-76.5078947,False,False,677.0,"(192, 179, 179)"
3118,Maryland,39.206528,-77.25823,False,False,677.0,"(192, 179, 179)"
3119,Maryland,38.9628609,-76.809905,False,False,677.0,"(192, 179, 179)"
3120,Maryland,38.9904775,-76.8338085,False,False,677.0,"(192, 179, 179)"
3121,Maryland,39.0045544,-76.87552819999999,False,False,677.0,"(192, 179, 179)"
3122,Maryland,39.0045544,-76.87552819999999,False,False,677.0,"(192, 179, 179)"
3123,Maryland,39.0045544,-76.87552819999999,False,False,677.0,"(192, 179, 179)"
3124,Maryland,39.0045544,-76.87552819999999,False,False,677.0,"(192, 179, 179)"
3125,Maryland,39.0045544,-76.87552819999999,False,False,677.0,"(192, 179, 179)"
3126,Maryland,39.0045544,-76.87552819999999,False,False,677.0,"(192, 179, 179)"
3127,Maryland,39.0045544,-76.87552819999999,False,False,677.0,"(192, 179, 179)"
3128,Maryland,39.0045544,-76.87552819999999,False,False,677.0,"(192, 179, 179)"
3129,Maryland,39.0045544,-76.87552819999999,False,False,677.0,"(192, 179, 179)"
3130,Maryland,39.0045544,-76.87552819999999,False,False,677.0,"(192, 179, 179)"
3131,Maryland,39.0045544,-76.87552819999999,False,False,677.0,"(192, 179, 179)"
3132,Maryland,39.0045544,-76.87552819999999,False,False,677.0,"(192, 179, 179)"
3133,Maryland,39.0045544,-76.87552819999999,False,False,677.0,"(192, 179, 179)"
3134,Maryland,39.0045544,-76.87552819999999,False,False,677.0,"(192, 179, 179)"
3135,Maryland,39.0045544,-76.87552819999999,False,False,677.0,"(192, 179, 179)"
3136,Maryland,39.0045544,-76.87552819999999,False,False,677.0,"(192, 179, 179)"
3137,Maryland,39.0045544,-76.87552819999999,False,False,677.0,"(192, 179, 179)"
3138,Maryland,39.0045544,-76.87552819999999,False,False,677.0,"(192, 179, 179)"
3139,Maryland,39.0045544,-76.87552819999999,False,False,677.0,"(192, 179, 179)"
3140,Maryland,39.0045544,-76.87552819999999,False,False,677.0,"(192, 179, 179)"
3141,Maryland,39.6398143,-77.7302402,False,False,677.0,"(192, 179, 179)"
3142,Maryland,39.7138898,-77.6362534,False,False,677.0,"(192, 179, 179)"
3143,Maryland,39.631854,-77.722701,False,False,677.0,"(192, 179, 179)"
3144,Maryland,,,False,False,677.0,"(192, 179, 179)"
3145,Maryland,39.5057628,-76.4285561,False,False,677.0,"(192, 179, 179)"
3146,Maryland,39.4254523,-76.3682498,False,False,677.0,"(192, 179, 179)"
3147,Maryland,,,False,False,677.0,"(192, 179, 179)"
3148,Maryland,,,False,False,677.0,"(192, 179, 179)"
3149,Maryland,38.6038406,-77.169223,False,False,677.0,"(192, 179, 179)"
3150,Maryland,39.4597018,-76.38743079999999,False,False,677.0,"(192, 179, 179)"
3151,Maryland,39.4597018,-76.38743079999999,False,False,677.0,"(192, 179, 179)"
3152,Maryland,,,False,False,677.0,"(192, 179, 179)"
3153,Maryland,,,False,False,677.0,"(192, 179, 179)"
3154,Maryland,39.0398314,-77.05525550000002,False,False,677.0,"(192, 179, 179)"
3155,Maryland,,,False,False,677.0,"(192, 179, 179)"
3156,Maryland,39.69477190000001,-78.88252609999999,False,False,677.0,"(192, 179, 179)"
3157,Maryland,39.4190952,-77.3209555,False,False,677.0,"(192, 179, 179)"
3158,Maryland,39.0422321,-76.7240739,False,False,677.0,"(192, 179, 179)"
3159,Maryland,,,False,False,677.0,"(192, 179, 179)"
3160,Maryland,39.1566505,-76.5170949,False,False,677.0,"(192, 179, 179)"
3161,Maryland,,,False,False,677.0,"(192, 179, 179)"
3162,Maryland,38.1923486,-75.4985521,False,False,677.0,"(192, 179, 179)"
3163,Maryland,38.0387818,-76.32207389999999,False,False,677.0,"(192, 179, 179)"
3164,Maryland,38.0609713,-76.3374474,False,False,677.0,"(192, 179, 179)"
3165,Maryland,39.1435859,-77.4191518,False,False,677.0,"(192, 179, 179)"
3166,Maryland,39.642247,-76.149051,False,False,677.0,"(192, 179, 179)"
3167,Maryland,38.5292877,-76.97525139999999,False,False,677.0,"(192, 179, 179)"
3168,Maryland,,,False,False,677.0,"(192, 179, 179)"
3169,Maryland,,,False,False,677.0,"(192, 179, 179)"
3170,Maryland,38.92253780000001,-76.8875654,False,False,677.0,"(192, 179, 179)"
3171,Maryland,39.3354503,-76.8690043,False,False,677.0,"(192, 179, 179)"
3172,Maryland,39.3354503,-76.8690043,False,False,677.0,"(192, 179, 179)"
3173,Maryland,,,False,False,677.0,"(192, 179, 179)"
3174,Maryland,,,False,False,677.0,"(192, 179, 179)"
3175,Maryland,,,False,False,677.0,"(192, 179, 179)"
3176,Maryland,39.1123439,-77.10667099999999,False,False,677.0,"(192, 179, 179)"
3177,Maryland,38.0609713,-76.3374474,False,False,677.0,"(192, 179, 179)"
3178,Maryland,38.1779043,-75.39197920000001,False,False,677.0,"(192, 179, 179)"
3179,Maryland,38.3583554,-76.5719414,False,False,677.0,"(192, 179, 179)"
3180,Maryland,39.6886056,-77.404384,False,False,677.0,"(192, 179, 179)"
3181,Maryland,,,False,False,677.0,"(192, 179, 179)"
3182,Maryland,38.823685,-76.931207,False,False,677.0,"(192, 179, 179)"
3183,Maryland,39.416721,-76.588555,False,False,677.0,"(192, 179, 179)"
3184,Maryland,,,False,False,677.0,"(192, 179, 179)"
3185,Maryland,39.668835,-76.93249600000001,False,False,677.0,"(192, 179, 179)"
3186,Maryland,39.2876199,-76.59002629999999,False,False,677.0,"(192, 179, 179)"
3187,Maryland,,,False,False,677.0,"(192, 179, 179)"
3188,Maryland,,,False,False,677.0,"(192, 179, 179)"
3189,Maryland,39.5308379,-77.28774469999999,False,False,677.0,"(192, 179, 179)"
3190,Oklahoma,34.791718,-96.660735,False,False,426.0,"(150, 199, 198)"
3191,Oklahoma,34.5059068,-97.1766945,True,False,426.0,"(150, 199, 198)"
3192,Oklahoma,36.7987528,-98.6799126,False,False,426.0,"(150, 199, 198)"
3193,Oklahoma,34.7628652,-96.6537897,False,False,426.0,"(150, 199, 198)"
3194,Oklahoma,,,False,False,426.0,"(150, 199, 198)"
3195,Oklahoma,,,False,False,426.0,"(150, 199, 198)"
3196,Oklahoma,34.0754658,-97.1050214,False,False,426.0,"(150, 199, 198)"
3197,Oklahoma,34.1486238,-97.1345276,False,False,426.0,"(150, 199, 198)"
3198,Oklahoma,,,False,False,426.0,"(150, 199, 198)"
3199,Oklahoma,,,False,False,426.0,"(150, 199, 198)"
3200,Oklahoma,36.71408540000001,-95.9987096,False,False,426.0,"(150, 199, 198)"
3201,Oklahoma,36.8984903,-96.0203559,False,False,426.0,"(150, 199, 198)"
3202,Oklahoma,34.6330755,-98.4225225,True,False,426.0,"(150, 199, 198)"
3203,Oklahoma,35.3057808,-98.3435523,False,False,426.0,"(150, 199, 198)"
3204,Oklahoma,,,False,False,426.0,"(150, 199, 198)"
3205,Oklahoma,35.1595456,-97.6510812,False,False,426.0,"(150, 199, 198)"
3206,Oklahoma,,,False,False,426.0,"(150, 199, 198)"
3207,Oklahoma,,,False,False,426.0,"(150, 199, 198)"
3208,Oklahoma,36.0690845,-95.8339668,False,False,426.0,"(150, 199, 198)"
3209,Oklahoma,,,False,False,426.0,"(150, 199, 198)"
3210,Oklahoma,36.0537654,-95.7807934,False,False,426.0,"(150, 199, 198)"
3211,Oklahoma,34.0163077,-94.7386407,True,False,426.0,"(150, 199, 198)"
3212,Oklahoma,,,False,False,426.0,"(150, 199, 198)"
3213,Oklahoma,34.7320067,-95.2457462,True,False,426.0,"(150, 199, 198)"
3214,Oklahoma,34.8615999,-96.6654503,False,False,426.0,"(150, 199, 198)"
3215,Oklahoma,34.8615999,-96.6654503,False,False,426.0,"(150, 199, 198)"
3216,Oklahoma,34.8615999,-96.6654503,False,False,426.0,"(150, 199, 198)"
3217,Oklahoma,,,False,False,426.0,"(150, 199, 198)"
3218,Oklahoma,36.1821335,-95.7488071,False,False,426.0,"(150, 199, 198)"
3219,Oklahoma,36.173169,-95.6570514,False,False,426.0,"(150, 199, 198)"
3220,Oklahoma,35.50035039999999,-97.271302,True,False,426.0,"(150, 199, 198)"
3221,Oklahoma,35.4949388,-97.2698985,True,False,426.0,"(150, 199, 198)"
3222,Oklahoma,36.3182518,-95.6406352,False,False,426.0,"(150, 199, 198)"
3223,Oklahoma,36.3182518,-95.6406352,False,False,426.0,"(150, 199, 198)"
3224,Oklahoma,34.609806,-95.343783,True,False,426.0,"(150, 199, 198)"
3225,Oklahoma,,,False,False,426.0,"(150, 199, 198)"
3226,Oklahoma,33.936125,-96.429989,False,False,426.0,"(150, 199, 198)"
3227,Oklahoma,34.5355417,-96.2164962,False,False,426.0,"(150, 199, 198)"
3228,Oklahoma,35.4469387,-97.2489763,True,False,426.0,"(150, 199, 198)"
3229,Oklahoma,35.7109657,-94.9206501,True,False,426.0,"(150, 199, 198)"
3230,Oklahoma,35.9500418,-95.6353158,False,False,426.0,"(150, 199, 198)"
3231,Oklahoma,35.930856,-95.6443113,False,False,426.0,"(150, 199, 198)"
3232,Oklahoma,34.4137153,-97.9158801,True,False,426.0,"(150, 199, 198)"
3233,Oklahoma,,,False,False,426.0,"(150, 199, 198)"
3234,Oklahoma,35.6141627,-97.3909647,False,False,426.0,"(150, 199, 198)"
3235,Oklahoma,35.9813575,-96.76952,False,False,426.0,"(150, 199, 198)"
3236,Oklahoma,,,False,False,426.0,"(150, 199, 198)"
3237,Oklahoma,,,False,False,426.0,"(150, 199, 198)"
3238,Oklahoma,,,False,False,426.0,"(150, 199, 198)"
3239,Oklahoma,34.8990015,-98.2036013,False,False,426.0,"(150, 199, 198)"
3240,Oklahoma,35.9835222,-96.6124462,False,False,426.0,"(150, 199, 198)"
3241,Oklahoma,34.5116796,-97.9723635,True,False,426.0,"(150, 199, 198)"
3242,Oklahoma,34.1024837,-96.5470147,True,False,426.0,"(150, 199, 198)"
3243,Oklahoma,34.0058724,-96.3792838,False,False,426.0,"(150, 199, 198)"
3244,Oklahoma,34.0058724,-96.3792838,False,False,426.0,"(150, 199, 198)"
3245,Oklahoma,35.6449524,-97.4727989,False,False,426.0,"(150, 199, 198)"
3246,Oklahoma,,,False,False,426.0,"(150, 199, 198)"
3247,Oklahoma,,,False,False,426.0,"(150, 199, 198)"
3248,Oklahoma,35.3866122,-99.399318,False,False,426.0,"(150, 199, 198)"
3249,Oklahoma,36.3961097,-97.8431699,False,False,426.0,"(150, 199, 198)"
3250,Oklahoma,36.3942117,-97.8476198,False,False,426.0,"(150, 199, 198)"
3251,Oklahoma,,,False,False,426.0,"(150, 199, 198)"
3252,Oklahoma,36.3973998,-97.8644225,False,False,426.0,"(150, 199, 198)"
3253,Oklahoma,36.3295307,-98.0160093,False,False,426.0,"(150, 199, 198)"
3254,Oklahoma,34.6563653,-98.3946088,True,False,426.0,"(150, 199, 198)"
3255,Oklahoma,,,False,False,426.0,"(150, 199, 198)"
3256,Oklahoma,34.1024837,-96.5470147,True,False,426.0,"(150, 199, 198)"
3257,Oklahoma,,,False,False,426.0,"(150, 199, 198)"
3258,Oklahoma,35.7543095,-97.3495718,False,False,426.0,"(150, 199, 198)"
3259,Oklahoma,35.8762842,-97.4223271,False,False,426.0,"(150, 199, 198)"
3260,Oklahoma,35.881068,-97.4491157,False,False,426.0,"(150, 199, 198)"
3261,Oklahoma,35.8858756,-97.4190849,False,False,426.0,"(150, 199, 198)"
3262,Oklahoma,35.87832,-97.4209694,False,False,426.0,"(150, 199, 198)"
3263,Oklahoma,35.6328261,-99.3817653,False,False,426.0,"(150, 199, 198)"
3264,Oklahoma,35.5820229,-99.4309836,False,False,426.0,"(150, 199, 198)"
3265,Oklahoma,35.438344,-97.1594299,True,False,426.0,"(150, 199, 198)"
3266,Oklahoma,35.4867369,-97.1707008,True,False,426.0,"(150, 199, 198)"
3267,Oklahoma,36.3906946,-98.174517,False,False,426.0,"(150, 199, 198)"
3268,Oklahoma,35.0258275,-99.0931253,False,False,426.0,"(150, 199, 198)"
3269,Oklahoma,,,False,False,426.0,"(150, 199, 198)"
3270,Oklahoma,33.8801961,-94.7938961,True,False,426.0,"(150, 199, 198)"
3271,Oklahoma,33.8411081,-94.7538738,True,False,426.0,"(150, 199, 198)"
3272,Oklahoma,33.8941149,-94.7908954,True,False,426.0,"(150, 199, 198)"
3273,Oklahoma,36.152159,-95.509764,False,False,426.0,"(150, 199, 198)"
3274,Oklahoma,35.3978061,-97.5380944,False,False,426.0,"(150, 199, 198)"
3275,Oklahoma,35.49231049999999,-97.3527789,False,False,426.0,"(150, 199, 198)"
3276,Oklahoma,36.764551,-96.8581323,False,False,426.0,"(150, 199, 198)"
3277,Oklahoma,,,False,False,426.0,"(150, 199, 198)"
3278,Oklahoma,35.7562003,-96.7649042,True,False,426.0,"(150, 199, 198)"
3279,Oklahoma,35.7972017,-94.9630145,False,False,426.0,"(150, 199, 198)"
3280,Oklahoma,40.3373823,-76.004648,False,False,426.0,"(150, 199, 198)"
3281,Oklahoma,,,False,False,426.0,"(150, 199, 198)"
3282,Oklahoma,,,False,False,426.0,"(150, 199, 198)"
3283,Oklahoma,34.9701858,-96.7756665,True,False,426.0,"(150, 199, 198)"
3284,Oklahoma,34.5972093,-98.4306214,True,False,426.0,"(150, 199, 198)"
3285,Oklahoma,34.5938359,-98.4184224,True,False,426.0,"(150, 199, 198)"
3286,Oklahoma,34.7296776,-98.6006078,True,False,426.0,"(150, 199, 198)"
3287,Oklahoma,34.7503814,-98.579313,False,False,426.0,"(150, 199, 198)"
3288,Oklahoma,34.6104185,-98.4139248,True,False,426.0,"(150, 199, 198)"
3289,Oklahoma,,,False,False,426.0,"(150, 199, 198)"
3290,Oklahoma,,,False,False,426.0,"(150, 199, 198)"
3291,Oklahoma,32.707612,-117.159969,False,False,426.0,"(150, 199, 198)"
3292,Oklahoma,34.4137153,-97.9158801,True,False,426.0,"(150, 199, 198)"
3293,Oklahoma,35.4528177,-97.3995966,True,False,426.0,"(150, 199, 198)"
3294,Oklahoma,35.4440908,-97.4136685,True,False,426.0,"(150, 199, 198)"
3295,Oklahoma,33.992847,-94.987742,True,False,426.0,"(150, 199, 198)"
3296,Oklahoma,,,False,False,426.0,"(150, 199, 198)"
3297,Oklahoma,35.3398417,-97.4870397,True,False,426.0,"(150, 199, 198)"
3298,Oklahoma,35.7767117,-95.3350876,False,False,426.0,"(150, 199, 198)"
3299,Oklahoma,35.7719059,-95.3864789,False,False,426.0,"(150, 199, 198)"
3300,Oklahoma,35.751719,-95.3557479,False,False,426.0,"(150, 199, 198)"
3301,Oklahoma,35.7536321,-95.3863665,False,False,426.0,"(150, 199, 198)"
3302,Oklahoma,35.1433819,-97.3939659,True,False,426.0,"(150, 199, 198)"
3303,Oklahoma,,,False,False,426.0,"(150, 199, 198)"
3304,Oklahoma,,,False,False,426.0,"(150, 199, 198)"
3305,Oklahoma,35.5249292,-97.5360441,False,False,426.0,"(150, 199, 198)"
3306,Oklahoma,35.5337546,-97.5805487,True,False,426.0,"(150, 199, 198)"
3307,Oklahoma,38.9111945,-94.7689803,False,False,426.0,"(150, 199, 198)"
3308,Oklahoma,35.4689882,-97.5137924,False,False,426.0,"(150, 199, 198)"
3309,Oklahoma,35.3507023,-97.4208984,True,False,426.0,"(150, 199, 198)"
3310,Oklahoma,35.4948915,-97.6053873,False,False,426.0,"(150, 199, 198)"
3311,Oklahoma,35.4525753,-97.5540744,False,False,426.0,"(150, 199, 198)"
3312,Oklahoma,35.3395079,-97.4867028,True,False,426.0,"(150, 199, 198)"
3313,Oklahoma,35.4373595,-97.526624,False,False,426.0,"(150, 199, 198)"
3314,Oklahoma,35.472778,-97.516944,False,False,426.0,"(150, 199, 198)"
3315,Oklahoma,,,False,False,426.0,"(150, 199, 198)"
3316,Oklahoma,35.5235472,-97.4724894,False,False,426.0,"(150, 199, 198)"
3317,Oklahoma,36.0906045,-96.0090839,False,False,426.0,"(150, 199, 198)"
3318,Oklahoma,36.0277289,-96.4802824,False,False,426.0,"(150, 199, 198)"
3319,Oklahoma,36.2799789,-95.8558665,False,False,426.0,"(150, 199, 198)"
3320,Oklahoma,36.6633583,-96.3406867,False,False,426.0,"(150, 199, 198)"
3321,Oklahoma,36.6967452,-96.3680928,False,False,426.0,"(150, 199, 198)"
3322,Oklahoma,36.0319361,-95.7949733,False,False,426.0,"(150, 199, 198)"
3323,Oklahoma,36.6635969,-96.3422633,False,False,426.0,"(150, 199, 198)"
3324,Oklahoma,36.663124,-96.334328,False,False,426.0,"(150, 199, 198)"
3325,Oklahoma,36.3330586,-96.8160751,False,False,426.0,"(150, 199, 198)"
3326,Oklahoma,36.3330586,-96.8160751,False,False,426.0,"(150, 199, 198)"
3327,Oklahoma,36.3347939,-96.7909288,False,False,426.0,"(150, 199, 198)"
3328,Oklahoma,36.70336450000001,-97.0834616,False,False,426.0,"(150, 199, 198)"
3329,Oklahoma,36.7100869,-97.0736265,False,False,426.0,"(150, 199, 198)"
3330,Oklahoma,35.0393506,-94.6341417,False,False,426.0,"(150, 199, 198)"
3331,Oklahoma,36.1032995,-96.2094858,False,False,426.0,"(150, 199, 198)"
3332,Oklahoma,,,False,False,426.0,"(150, 199, 198)"
3333,Oklahoma,37.0642041,-88.5989159,False,False,426.0,"(150, 199, 198)"
3334,Oklahoma,36.2977123,-95.3073644,False,False,426.0,"(150, 199, 198)"
3335,Oklahoma,36.943884,-94.645578,False,False,426.0,"(150, 199, 198)"
3336,Oklahoma,36.0342256,-96.8933624,False,False,426.0,"(150, 199, 198)"
3337,Oklahoma,36.3016074,-95.1479515,False,False,426.0,"(150, 199, 198)"
3338,Oklahoma,36.1634621,-96.1043697,False,False,426.0,"(150, 199, 198)"
3339,Oklahoma,36.1114129,-96.1502131,False,False,426.0,"(150, 199, 198)"
3340,Oklahoma,,,False,False,426.0,"(150, 199, 198)"
3341,Oklahoma,35.23010319999999,-96.6874435,False,False,426.0,"(150, 199, 198)"
3342,Oklahoma,35.3463315,-96.6698545,False,False,426.0,"(150, 199, 198)"
3343,Oklahoma,35.2243041,-97.3054743,True,False,426.0,"(150, 199, 198)"
3344,Oklahoma,35.343138,-97.054803,True,False,426.0,"(150, 199, 198)"
3345,Oklahoma,35.3676045,-96.9542552,True,False,426.0,"(150, 199, 198)"
3346,Oklahoma,35.3271516,-96.9166369,True,False,426.0,"(150, 199, 198)"
3347,Oklahoma,36.4230352,-95.9850753,False,False,426.0,"(150, 199, 198)"
3348,Oklahoma,36.3686928,-95.9208049,False,False,426.0,"(150, 199, 198)"
3349,Oklahoma,,,False,False,426.0,"(150, 199, 198)"
3350,Oklahoma,35.5518825,-97.3391658,False,False,426.0,"(150, 199, 198)"
3351,Oklahoma,36.2981988,-95.9966022,False,False,426.0,"(150, 199, 198)"
3352,Oklahoma,,,False,False,426.0,"(150, 199, 198)"
3353,Oklahoma,36.119027,-97.069595,False,False,426.0,"(150, 199, 198)"
3354,Oklahoma,36.135089,-97.062079,False,False,426.0,"(150, 199, 198)"
3355,Oklahoma,36.1205026,-97.0688282,False,False,426.0,"(150, 199, 198)"
3356,Oklahoma,,,False,False,426.0,"(150, 199, 198)"
3357,Oklahoma,34.4894639,-96.9825717,False,False,426.0,"(150, 199, 198)"
3358,Oklahoma,34.763114,-84.821983,False,False,426.0,"(150, 199, 198)"
3359,Oklahoma,34.9212288,-95.3235465,False,False,426.0,"(150, 199, 198)"
3360,Oklahoma,35.9593815,-94.8154511,False,False,426.0,"(150, 199, 198)"
3361,Oklahoma,35.9135622,-94.9734524,False,False,426.0,"(150, 199, 198)"
3362,Oklahoma,35.8521613,-94.9909687,False,False,426.0,"(150, 199, 198)"
3363,Oklahoma,35.853429,-94.9883907,False,False,426.0,"(150, 199, 198)"
3364,Oklahoma,35.9101331,-94.998096,False,False,426.0,"(150, 199, 198)"
3365,Oklahoma,35.9214597,-94.9674541,False,False,426.0,"(150, 199, 198)"
3366,Oklahoma,35.24965,-96.944378,False,False,426.0,"(150, 199, 198)"
3367,Oklahoma,,,False,False,426.0,"(150, 199, 198)"
3368,Oklahoma,33.727861,-97.110971,False,False,426.0,"(150, 199, 198)"
3369,Oklahoma,36.1580954,-95.9953915,False,False,426.0,"(150, 199, 198)"
3370,Oklahoma,36.1476347,-95.9520741,False,False,426.0,"(150, 199, 198)"
3371,Oklahoma,36.162906,-96.0271166,False,False,426.0,"(150, 199, 198)"
3372,Oklahoma,36.1634272,-95.8967434,False,False,426.0,"(150, 199, 198)"
3373,Oklahoma,36.1739715,-96.0206134,False,False,426.0,"(150, 199, 198)"
3374,Oklahoma,36.0886776,-95.8853044,False,False,426.0,"(150, 199, 198)"
3375,Oklahoma,36.2211445,-95.8933926,False,False,426.0,"(150, 199, 198)"
3376,Oklahoma,36.214925,-95.917307,False,False,426.0,"(150, 199, 198)"
3377,Oklahoma,36.12416230000001,-95.9699573,False,False,426.0,"(150, 199, 198)"
3378,Oklahoma,36.1418691,-95.998644,False,False,426.0,"(150, 199, 198)"
3379,Oklahoma,36.13911,-96.085215,False,False,426.0,"(150, 199, 198)"
3380,Oklahoma,,,False,False,426.0,"(150, 199, 198)"
3381,Oklahoma,36.153701,-95.933252,False,False,426.0,"(150, 199, 198)"
3382,Oklahoma,35.4059847,-97.4830018,True,False,426.0,"(150, 199, 198)"
3383,Oklahoma,,,False,False,426.0,"(150, 199, 198)"
3384,Oklahoma,35.7874585,-95.2452001,False,False,426.0,"(150, 199, 198)"
3385,Oklahoma,48.01092180000001,-66.6667528,False,False,426.0,"(150, 199, 198)"
3386,Oklahoma,35.9590283,-95.3680596,False,False,426.0,"(150, 199, 198)"
3387,Oklahoma,35.4762868,-95.3287139,True,False,426.0,"(150, 199, 198)"
3388,Oklahoma,,,False,False,426.0,"(150, 199, 198)"
3389,Oklahoma,36.57865719999999,-98.884331,False,False,426.0,"(150, 199, 198)"
3390,Oklahoma,35.56778,-98.65056,False,False,426.0,"(150, 199, 198)"
3391,Oklahoma,35.3387819,-96.136614,True,False,426.0,"(150, 199, 198)"
3392,Oklahoma,,,False,False,426.0,"(150, 199, 198)"
3393,Oklahoma,,,False,False,426.0,"(150, 199, 198)"
3394,Oklahoma,36.4341082,-99.3930187,False,False,426.0,"(150, 199, 198)"
3395,Oklahoma,36.4377816,-99.4000292,False,False,426.0,"(150, 199, 198)"
3396,Oklahoma,36.414424,-99.3828572,False,False,426.0,"(150, 199, 198)"
3397,Oklahoma,,,False,False,426.0,"(150, 199, 198)"
3398,Oklahoma,,,False,False,426.0,"(150, 199, 198)"
3399,Oklahoma,34.643007,-97.1698684,False,False,426.0,"(150, 199, 198)"
3400,Oklahoma,,,False,False,426.0,"(150, 199, 198)"
3401,Maine,43.5086277,-70.8761817,False,False,135.0,"(110, 183, 182)"
3402,Maine,44.426927,-69.0176664,False,False,135.0,"(110, 183, 182)"
3403,Maine,,,False,False,135.0,"(110, 183, 182)"
3404,Maine,43.4933682,-70.4564645,False,False,135.0,"(110, 183, 182)"
3405,Maine,43.85433769999999,-69.626553,False,False,135.0,"(110, 183, 182)"
3406,Maine,44.0607341,-69.9672812,False,False,135.0,"(110, 183, 182)"
3407,Maine,43.88342340000001,-69.9874892,False,False,135.0,"(110, 183, 182)"
3408,Maine,43.9344945,-70.0155408,False,False,135.0,"(110, 183, 182)"
3409,Maine,44.6313981,-68.710336,False,False,135.0,"(110, 183, 182)"
3410,Maine,44.2561891,-69.0933708,False,False,135.0,"(110, 183, 182)"
3411,Maine,46.8631659,-68.0331586,False,False,135.0,"(110, 183, 182)"
3412,Maine,43.7984714,-70.2548777,False,False,135.0,"(110, 183, 182)"
3413,Maine,42.0536424,-71.91845660000001,False,False,135.0,"(110, 183, 182)"
3414,Maine,43.1282258,-70.7976197,False,False,135.0,"(110, 183, 182)"
3415,Maine,44.6679585,-70.1481254,False,False,135.0,"(110, 183, 182)"
3416,Maine,44.6679585,-70.1481254,False,False,135.0,"(110, 183, 182)"
3417,Maine,44.6679585,-70.1481254,False,False,135.0,"(110, 183, 182)"
3418,Maine,44.6679585,-70.1481254,False,False,135.0,"(110, 183, 182)"
3419,Maine,,,False,False,135.0,"(110, 183, 182)"
3420,Maine,43.8145969,-70.1464695,False,False,135.0,"(110, 183, 182)"
3421,Maine,43.6825395,-70.448804,False,False,135.0,"(110, 183, 182)"
3422,Maine,43.6825395,-70.448804,False,False,135.0,"(110, 183, 182)"
3423,Maine,43.7759177,-69.58504549999999,False,False,135.0,"(110, 183, 182)"
3424,Maine,,,False,False,135.0,"(110, 183, 182)"
3425,Maine,43.3827002,-70.54591359999999,False,False,135.0,"(110, 183, 182)"
3426,Maine,,,False,False,135.0,"(110, 183, 182)"
3427,Maine,,,False,False,135.0,"(110, 183, 182)"
3428,Maine,43.4120869,-70.97937379999999,False,False,135.0,"(110, 183, 182)"
3429,Maine,44.7024274,-68.59935879999999,False,False,135.0,"(110, 183, 182)"
3430,Maine,47.35531779999999,-68.32170839999999,False,False,135.0,"(110, 183, 182)"
3431,Maine,,,False,False,135.0,"(110, 183, 182)"
3432,Maine,45.4389003,-69.0317323,False,False,135.0,"(110, 183, 182)"
3433,Maine,,,False,False,135.0,"(110, 183, 182)"
3434,Maine,43.239287,-70.600465,False,False,135.0,"(110, 183, 182)"
3435,Maine,44.9012197,-68.6666508,False,False,135.0,"(110, 183, 182)"
3436,Maine,44.0608007,-70.39348269999999,False,False,135.0,"(110, 183, 182)"
3437,Maine,44.0297423,-70.36757639999999,False,False,135.0,"(110, 183, 182)"
3438,Maine,43.6571939,-70.259882,False,False,135.0,"(110, 183, 182)"
3439,Maine,,,False,False,135.0,"(110, 183, 182)"
3440,Maine,44.1892553,-69.0799574,False,False,135.0,"(110, 183, 182)"
3441,Maine,44.605728,-69.8340861,False,False,135.0,"(110, 183, 182)"
3442,Maine,43.50538299999999,-70.439059,False,False,135.0,"(110, 183, 182)"
3443,Maine,42.535836,-70.910856,False,False,135.0,"(110, 183, 182)"
3444,Maine,,,False,False,135.0,"(110, 183, 182)"
3445,Maine,44.7666644,-69.71761959999999,False,False,135.0,"(110, 183, 182)"
3446,Maine,44.7672693,-69.5916459,False,False,135.0,"(110, 183, 182)"
3447,Maine,43.6470488,-70.2282513,False,False,135.0,"(110, 183, 182)"
3448,Maine,43.8267427,-70.4828684,False,False,135.0,"(110, 183, 182)"
3449,Maine,44.2111512,-69.2518846,False,False,135.0,"(110, 183, 182)"
3450,Maine,44.4661783,-69.67282279999999,False,False,135.0,"(110, 183, 182)"
3451,Maine,44.0655401,-69.2300588,False,False,135.0,"(110, 183, 182)"
3452,Maine,44.5697854,-69.6221628,False,False,135.0,"(110, 183, 182)"
3453,Maine,43.7142038,-70.39567199999999,False,False,135.0,"(110, 183, 182)"
3454,Maine,43.7396341,-70.4163341,False,False,135.0,"(110, 183, 182)"
3455,Maine,44.0018469,-69.6645835,False,False,135.0,"(110, 183, 182)"
3456,Maine,43.632943,-70.3353336,False,False,135.0,"(110, 183, 182)"
3457,Maine,43.1443535,-70.65298059999999,False,False,135.0,"(110, 183, 182)"
3458,Alaska,61.22270450000001,-149.8116735,False,False,723.0,"(97, 186, 185)"
3459,Alaska,61.17583260000001,-149.9428701,False,False,723.0,"(97, 186, 185)"
3460,Alaska,61.14321899999999,-149.8672911,False,False,723.0,"(97, 186, 185)"
3461,Alaska,61.13017379999999,-149.8301804,False,False,723.0,"(97, 186, 185)"
3462,Alaska,61.21888790000001,-149.891671,False,False,723.0,"(97, 186, 185)"
3463,Alaska,61.157113,-149.86139,False,False,723.0,"(97, 186, 185)"
3464,Alaska,61.17362929999999,-149.8830197,False,False,723.0,"(97, 186, 185)"
3465,Alaska,61.1628197,-149.6555096,False,False,723.0,"(97, 186, 185)"
3466,Alaska,61.18871040000001,-149.8334955,False,False,723.0,"(97, 186, 185)"
3467,Alaska,61.199717,-149.9165701,False,False,723.0,"(97, 186, 185)"
3468,Alaska,65.0530222,-146.0565166,False,False,723.0,"(97, 186, 185)"
3469,Alaska,,,False,False,723.0,"(97, 186, 185)"
3470,Alaska,61.40249659999999,-149.4689631,False,False,723.0,"(97, 186, 185)"
3471,Alaska,61.39005219999999,-149.5199937,False,False,723.0,"(97, 186, 185)"
3472,Alaska,65.4833333,-144.6341667,False,False,723.0,"(97, 186, 185)"
3473,Alaska,64.859365,-147.6741994,False,False,723.0,"(97, 186, 185)"
3474,Alaska,64.8834779,-146.8550798,False,False,723.0,"(97, 186, 185)"
3475,Alaska,64.83109200000001,-147.739887,False,False,723.0,"(97, 186, 185)"
3476,Alaska,64.8834779,-146.8550798,False,False,723.0,"(97, 186, 185)"
3477,Alaska,65.0431234,-147.4167312,False,False,723.0,"(97, 186, 185)"
3478,Alaska,62.301926,-145.303799,False,False,723.0,"(97, 186, 185)"
3479,Alaska,60.48367619999999,-151.1529963,False,False,723.0,"(97, 186, 185)"
3480,Alaska,60.48367619999999,-151.1529963,False,False,723.0,"(97, 186, 185)"
3481,Alaska,55.3534308,-131.677921,False,False,723.0,"(97, 186, 185)"
3482,Alaska,55.3343198,-131.6256146,False,False,723.0,"(97, 186, 185)"
3483,Alaska,66.89258860000001,-162.6051611,False,False,723.0,"(97, 186, 185)"
3484,Alaska,60.4769318,-164.7224104,False,False,723.0,"(97, 186, 185)"
3485,Alaska,,,False,False,723.0,"(97, 186, 185)"
3486,Alaska,,,False,False,723.0,"(97, 186, 185)"
3487,Alaska,,,False,False,723.0,"(97, 186, 185)"
3488,Alaska,,,False,False,723.0,"(97, 186, 185)"
3489,Alaska,60.4969898,-151.0699785,False,False,723.0,"(97, 186, 185)"
3490,Louisiana,32.54475910000001,-93.0532771,True,False,339.0,"(187, 171, 179)"
3491,Louisiana,,,False,False,339.0,"(187, 171, 179)"
3492,Louisiana,30.486639,-92.597027,True,False,339.0,"(187, 171, 179)"
3493,Louisiana,30.4438653,-91.1809704,False,False,339.0,"(187, 171, 179)"
3494,Louisiana,30.4048057,-91.150689,False,False,339.0,"(187, 171, 179)"
3495,Louisiana,29.8925633,-90.1237248,False,False,339.0,"(187, 171, 179)"
3496,Louisiana,30.4132579,-91.1800023,False,False,339.0,"(187, 171, 179)"
3497,Louisiana,30.446596,-91.189033,False,False,339.0,"(187, 171, 179)"
3498,Louisiana,30.446596,-91.189033,False,False,339.0,"(187, 171, 179)"
3499,Louisiana,30.6303777,-91.4876635,True,False,339.0,"(187, 171, 179)"
3500,Louisiana,30.4375651,-91.1858824,False,False,339.0,"(187, 171, 179)"
3501,Louisiana,32.5235452,-93.7257459,True,False,339.0,"(187, 171, 179)"
3502,Louisiana,29.9895239,-91.834229,False,False,339.0,"(187, 171, 179)"
3503,Louisiana,29.35702929999999,-89.4553239,True,False,339.0,"(187, 171, 179)"
3504,Louisiana,,,False,False,339.0,"(187, 171, 179)"
3505,Louisiana,29.9426282,-89.99088019999999,True,False,339.0,"(187, 171, 179)"
3506,Louisiana,31.034294,-92.354555,True,False,339.0,"(187, 171, 179)"
3507,Louisiana,30.474646,-90.098726,False,False,339.0,"(187, 171, 179)"
3508,Louisiana,30.8160053,-93.2475202,True,False,339.0,"(187, 171, 179)"
3509,Louisiana,29.9454511,-90.3652601,False,False,339.0,"(187, 171, 179)"
3510,Louisiana,32.4686278,-93.4574039,True,False,339.0,"(187, 171, 179)"
3511,Louisiana,30.27008249999999,-93.5070212,False,False,339.0,"(187, 171, 179)"
3512,Louisiana,30.8655878,-92.7958432,True,False,339.0,"(187, 171, 179)"
3513,Louisiana,30.4803805,-92.4237679,True,False,339.0,"(187, 171, 179)"
3514,Louisiana,30.4954063,-92.425576,True,False,339.0,"(187, 171, 179)"
3515,Louisiana,37.2658529,-121.8071868,False,False,339.0,"(187, 171, 179)"
3516,Louisiana,,,False,False,339.0,"(187, 171, 179)"
3517,Louisiana,30.4200577,-92.0441891,False,False,339.0,"(187, 171, 179)"
3518,Louisiana,32.4999908,-93.7317244,True,False,339.0,"(187, 171, 179)"
3519,Louisiana,,,False,False,339.0,"(187, 171, 179)"
3520,Louisiana,29.649261,-90.818705,False,False,339.0,"(187, 171, 179)"
3521,Louisiana,29.633821,-90.708011,True,False,339.0,"(187, 171, 179)"
3522,Louisiana,29.633821,-90.708011,True,False,339.0,"(187, 171, 179)"
3523,Louisiana,,,False,False,339.0,"(187, 171, 179)"
3524,Louisiana,29.58822499999999,-90.74005,True,False,339.0,"(187, 171, 179)"
3525,Louisiana,29.973817,-91.972598,True,False,339.0,"(187, 171, 179)"
3526,Louisiana,32.2355709,-92.7086508,False,False,339.0,"(187, 171, 179)"
3527,Louisiana,32.2440446,-92.6134826,False,False,339.0,"(187, 171, 179)"
3528,Louisiana,32.4285844,-93.7042912,True,False,339.0,"(187, 171, 179)"
3529,Louisiana,30.1600911,-92.0221531,False,False,339.0,"(187, 171, 179)"
3530,Louisiana,30.2114404,-92.0204121,False,False,339.0,"(187, 171, 179)"
3531,Louisiana,30.1808684,-93.2100086,True,False,339.0,"(187, 171, 179)"
3532,Louisiana,,,False,False,339.0,"(187, 171, 179)"
3533,Louisiana,30.2249282,-93.2123758,True,False,339.0,"(187, 171, 179)"
3534,Louisiana,30.2381691,-93.2171307,False,False,339.0,"(187, 171, 179)"
3535,Louisiana,42.4170896,-90.4269958,False,False,339.0,"(187, 171, 179)"
3536,Louisiana,30.0033043,-90.2205796,False,False,339.0,"(187, 171, 179)"
3537,Louisiana,32.4577658,-92.1068738,True,False,339.0,"(187, 171, 179)"
3538,Louisiana,,,False,False,339.0,"(187, 171, 179)"
3539,Louisiana,31.7612055,-93.0860688,True,False,339.0,"(187, 171, 179)"
3540,Louisiana,29.9601425,-90.0630817,False,False,339.0,"(187, 171, 179)"
3541,Louisiana,29.960991,-90.060878,False,False,339.0,"(187, 171, 179)"
3542,Louisiana,29.9548494,-90.0663454,False,False,339.0,"(187, 171, 179)"
3543,Louisiana,29.9592479,-90.065091,False,False,339.0,"(187, 171, 179)"
3544,Louisiana,29.9512035,-90.0726076,False,False,339.0,"(187, 171, 179)"
3545,Louisiana,29.9454511,-90.3652601,False,False,339.0,"(187, 171, 179)"
3546,Louisiana,40.584263,-74.41523,False,False,339.0,"(187, 171, 179)"
3547,Louisiana,29.9584426,-90.0644107,False,False,339.0,"(187, 171, 179)"
3548,Louisiana,29.9618154,-90.05964689999999,False,False,339.0,"(187, 171, 179)"
3549,Louisiana,29.961154,-90.063462,False,False,339.0,"(187, 171, 179)"
3550,Louisiana,29.9618587,-90.06114099999999,False,False,339.0,"(187, 171, 179)"
3551,Louisiana,29.9632203,-90.0593296,False,False,339.0,"(187, 171, 179)"
3552,Louisiana,29.9572717,-90.0640516,False,False,339.0,"(187, 171, 179)"
3553,Louisiana,29.931134,-90.0732233,False,False,339.0,"(187, 171, 179)"
3554,Louisiana,29.9450713,-90.0661811,False,False,339.0,"(187, 171, 179)"
3555,Louisiana,29.98174269999999,-90.1108622,False,False,339.0,"(187, 171, 179)"
3556,Louisiana,29.9565185,-90.0684653,False,False,339.0,"(187, 171, 179)"
3557,Louisiana,29.9581265,-90.06417239999999,False,False,339.0,"(187, 171, 179)"
3558,Louisiana,29.93499199999999,-90.0796763,False,False,339.0,"(187, 171, 179)"
3559,Louisiana,29.951061,-90.0812442,False,False,339.0,"(187, 171, 179)"
3560,Louisiana,29.9590225,-90.06480409999999,False,False,339.0,"(187, 171, 179)"
3561,Louisiana,29.9512035,-90.0726076,False,False,339.0,"(187, 171, 179)"
3562,Louisiana,29.9584426,-90.0644107,False,False,339.0,"(187, 171, 179)"
3563,Louisiana,29.9600632,-90.0610838,False,False,339.0,"(187, 171, 179)"
3564,Louisiana,,,False,False,339.0,"(187, 171, 179)"
3565,Louisiana,29.9579735,-90.06372809999999,False,False,339.0,"(187, 171, 179)"
3566,Louisiana,,,False,False,339.0,"(187, 171, 179)"
3567,Louisiana,31.3221989,-92.4347307,True,False,339.0,"(187, 171, 179)"
3568,Louisiana,,,False,False,339.0,"(187, 171, 179)"
3569,Louisiana,30.2729402,-92.3254768,True,False,339.0,"(187, 171, 179)"
3570,Louisiana,32.5238216,-92.6497714,False,False,339.0,"(187, 171, 179)"
3571,Louisiana,32.5263753,-92.6481104,False,False,339.0,"(187, 171, 179)"
3572,Louisiana,32.541127,-92.6300543,False,False,339.0,"(187, 171, 179)"
3573,Louisiana,32.480301,-93.7453951,True,False,339.0,"(187, 171, 179)"
3574,Louisiana,32.3860639,-93.5945547,True,False,339.0,"(187, 171, 179)"
3575,Louisiana,30.2751945,-89.78117449999999,False,False,339.0,"(187, 171, 179)"
3576,Louisiana,30.249194,-89.793553,False,False,339.0,"(187, 171, 179)"
3577,Louisiana,30.280351,-89.778948,False,False,339.0,"(187, 171, 179)"
3578,Louisiana,,,False,False,339.0,"(187, 171, 179)"
3579,Louisiana,30.4315426,-90.5516365,True,False,339.0,"(187, 171, 179)"
3580,Louisiana,30.8034022,-91.3880495,False,False,339.0,"(187, 171, 179)"
3581,Louisiana,,,False,False,339.0,"(187, 171, 179)"
3582,Louisiana,29.75385709999999,-90.8077637,True,False,339.0,"(187, 171, 179)"
3583,Louisiana,29.78992,-90.7867328,True,False,339.0,"(187, 171, 179)"
3584,Louisiana,29.7907423,-90.8028602,True,False,339.0,"(187, 171, 179)"
3585,Louisiana,30.0042498,-90.7759496,False,False,339.0,"(187, 171, 179)"
3586,Louisiana,,,False,False,339.0,"(187, 171, 179)"
3587,Louisiana,,,False,False,339.0,"(187, 171, 179)"
3588,Louisiana,31.6094159,-93.6528622,True,False,339.0,"(187, 171, 179)"
3589,Alabama,33.5945201,-86.9333123,False,False,135.0,"(197, 54, 119)"
3590,Alabama,,,False,False,135.0,"(197, 54, 119)"
3591,Alabama,33.2313558,-86.8258926,True,False,135.0,"(197, 54, 119)"
3592,Alabama,34.26015900000001,-86.20615099999999,False,False,135.0,"(197, 54, 119)"
3593,Alabama,34.2640414,-86.2032138,False,False,135.0,"(197, 54, 119)"
3594,Alabama,,,False,False,135.0,"(197, 54, 119)"
3595,Alabama,34.2826266,-86.2820725,False,False,135.0,"(197, 54, 119)"
3596,Alabama,,,False,False,135.0,"(197, 54, 119)"
3597,Alabama,31.20434959999999,-85.4300615,False,False,135.0,"(197, 54, 119)"
3598,Alabama,31.3066136,-86.5439043,False,False,135.0,"(197, 54, 119)"
3599,Alabama,33.6609605,-85.8201258,False,False,135.0,"(197, 54, 119)"
3600,Alabama,33.6436714,-85.7854746,False,False,135.0,"(197, 54, 119)"
3601,Alabama,33.6607041,-85.82574439999999,False,False,135.0,"(197, 54, 119)"
3602,Alabama,33.6682403,-85.8235966,False,False,135.0,"(197, 54, 119)"
3603,Alabama,33.665503,-85.8277193,False,False,135.0,"(197, 54, 119)"
3604,Alabama,33.2757978,-85.8263932,False,False,135.0,"(197, 54, 119)"
3605,Alabama,,,False,False,135.0,"(197, 54, 119)"
3606,Alabama,33.7292582,-86.4721524,False,False,135.0,"(197, 54, 119)"
3607,Alabama,34.8054077,-86.9650947,False,False,135.0,"(197, 54, 119)"
3608,Alabama,34.8054077,-86.9650947,False,False,135.0,"(197, 54, 119)"
3609,Alabama,33.9832721,-86.1161661,False,False,135.0,"(197, 54, 119)"
3610,Alabama,32.6101984,-85.4807773,False,False,135.0,"(197, 54, 119)"
3611,Alabama,32.6044265,-85.4814237,False,False,135.0,"(197, 54, 119)"
3612,Alabama,42.7070354,-71.1631137,False,False,135.0,"(197, 54, 119)"
3613,Alabama,30.8821129,-87.776698,False,False,135.0,"(197, 54, 119)"
3614,Alabama,33.5560311,-86.9730203,False,False,135.0,"(197, 54, 119)"
3615,Alabama,33.5587173,-86.9736056,False,False,135.0,"(197, 54, 119)"
3616,Alabama,33.5587173,-86.9736056,False,False,135.0,"(197, 54, 119)"
3617,Alabama,30.39353,-88.247001,False,False,135.0,"(197, 54, 119)"
3618,Alabama,,,False,False,135.0,"(197, 54, 119)"
3619,Alabama,,,False,False,135.0,"(197, 54, 119)"
3620,Alabama,33.6523096,-86.7114545,False,False,135.0,"(197, 54, 119)"
3621,Alabama,33.5745935,-86.6725981,False,False,135.0,"(197, 54, 119)"
3622,Alabama,33.5210694,-86.807833,False,False,135.0,"(197, 54, 119)"
3623,Alabama,,,False,False,135.0,"(197, 54, 119)"
3624,Alabama,33.468268,-86.67836609999999,False,False,135.0,"(197, 54, 119)"
3625,Alabama,33.5206505,-86.7910608,False,False,135.0,"(197, 54, 119)"
3626,Alabama,37.4738789,-83.6696327,False,False,135.0,"(197, 54, 119)"
3627,Alabama,40.0144593,-105.2887452,False,False,135.0,"(197, 54, 119)"
3628,Alabama,31.1066592,-87.0711291,False,False,135.0,"(197, 54, 119)"
3629,Alabama,30.6704936,-88.12666809999999,False,False,135.0,"(197, 54, 119)"
3630,Alabama,32.6603885,-85.85484,False,False,135.0,"(197, 54, 119)"
3631,Alabama,33.6550771,-86.9319713,False,False,135.0,"(197, 54, 119)"
3632,Alabama,31.768332,35.7252775,False,False,135.0,"(197, 54, 119)"
3633,Alabama,33.2634174,-88.0954166,False,False,135.0,"(197, 54, 119)"
3634,Alabama,,,False,False,135.0,"(197, 54, 119)"
3635,Alabama,,,False,False,135.0,"(197, 54, 119)"
3636,Alabama,61.6618618,-145.1807268,False,False,135.0,"(197, 54, 119)"
3637,Alabama,33.1771482,-86.6072045,False,False,135.0,"(197, 54, 119)"
3638,Alabama,,,False,False,135.0,"(197, 54, 119)"
3639,Alabama,34.177184,-86.8179996,False,False,135.0,"(197, 54, 119)"
3640,Alabama,34.2429261,-86.8671293,False,False,135.0,"(197, 54, 119)"
3641,Alabama,34.150907,-86.846002,False,False,135.0,"(197, 54, 119)"
3642,Alabama,30.2481819,-88.0757433,True,False,135.0,"(197, 54, 119)"
3643,Alabama,30.2576735,-88.1073229,True,False,135.0,"(197, 54, 119)"
3644,Alabama,34.5939327,-86.9739962,False,False,135.0,"(197, 54, 119)"
3645,Alabama,,,False,False,135.0,"(197, 54, 119)"
3646,Alabama,34.5550861,-86.97290579999999,False,False,135.0,"(197, 54, 119)"
3647,Alabama,32.5082499,-87.8336549,False,False,135.0,"(197, 54, 119)"
3648,Alabama,33.7548538,-87.0557764,False,False,135.0,"(197, 54, 119)"
3649,Alabama,,,False,False,135.0,"(197, 54, 119)"
3650,Alabama,,,False,False,135.0,"(197, 54, 119)"
3651,Alabama,33.8162147,-86.9833325,False,False,135.0,"(197, 54, 119)"
3652,Alabama,31.313646,-85.85394699999999,False,False,135.0,"(197, 54, 119)"
3653,Alabama,,,False,False,135.0,"(197, 54, 119)"
3654,Alabama,34.8429833,-87.7337938,False,False,135.0,"(197, 54, 119)"
3655,Alabama,34.824605,-87.642716,False,False,135.0,"(197, 54, 119)"
3656,Alabama,34.8074555,-87.6811676,False,False,135.0,"(197, 54, 119)"
3657,Alabama,34.8074555,-87.6811676,False,False,135.0,"(197, 54, 119)"
3658,Alabama,34.8074555,-87.6811676,False,False,135.0,"(197, 54, 119)"
3659,Alabama,34.8074555,-87.6811676,False,False,135.0,"(197, 54, 119)"
3660,Alabama,,,False,False,135.0,"(197, 54, 119)"
3661,Alabama,33.6041499,-86.8211096,False,False,135.0,"(197, 54, 119)"
3662,Alabama,34.014264,-86.0066386,False,False,135.0,"(197, 54, 119)"
3663,Alabama,33.9856045,-85.9716104,False,False,135.0,"(197, 54, 119)"
3664,Alabama,34.0127194,-86.0092136,False,False,135.0,"(197, 54, 119)"
3665,Alabama,34.0237966,-86.0335989,False,False,135.0,"(197, 54, 119)"
3666,Alabama,34.0439571,-86.03507839999999,False,False,135.0,"(197, 54, 119)"
3667,Alabama,34.0183172,-86.0112414,False,False,135.0,"(197, 54, 119)"
3668,Alabama,34.1213349,-85.9427501,False,False,135.0,"(197, 54, 119)"
3669,Alabama,34.0723788,-86.019713,False,False,135.0,"(197, 54, 119)"
3670,Alabama,,,False,False,135.0,"(197, 54, 119)"
3671,Alabama,,,False,False,135.0,"(197, 54, 119)"
3672,Alabama,33.6230357,-86.87540949999999,False,False,135.0,"(197, 54, 119)"
3673,Alabama,33.6727984,-86.8141887,False,False,135.0,"(197, 54, 119)"
3674,Alabama,33.6102407,-86.8024664,False,False,135.0,"(197, 54, 119)"
3675,Alabama,31.0218897,-85.8581809,False,False,135.0,"(197, 54, 119)"
3676,Alabama,,,False,False,135.0,"(197, 54, 119)"
3677,Alabama,33.5145066,-86.80427399999999,False,False,135.0,"(197, 54, 119)"
3678,Alabama,34.5286985,-86.2533163,False,False,135.0,"(197, 54, 119)"
3679,Alabama,,,False,False,135.0,"(197, 54, 119)"
3680,Alabama,30.229724,-88.022483,True,False,135.0,"(197, 54, 119)"
3681,Alabama,34.3538845,-86.3001125,False,False,135.0,"(197, 54, 119)"
3682,Alabama,34.3511147,-86.302893,False,False,135.0,"(197, 54, 119)"
3683,Alabama,31.7237655,-87.4919365,False,False,135.0,"(197, 54, 119)"
3684,Alabama,31.069827,-85.7171048,False,False,135.0,"(197, 54, 119)"
3685,Alabama,,,False,False,135.0,"(197, 54, 119)"
3686,Alabama,,,False,False,135.0,"(197, 54, 119)"
3687,Alabama,33.4651655,-87.03997079999999,False,False,135.0,"(197, 54, 119)"
3688,Alabama,34.7070125,-86.5681725,False,False,135.0,"(197, 54, 119)"
3689,Alabama,33.6065088,-85.7902194,False,False,135.0,"(197, 54, 119)"
3690,Alabama,34.6754025,-86.56988229999999,False,False,135.0,"(197, 54, 119)"
3691,Alabama,34.7138634,-86.5835201,False,False,135.0,"(197, 54, 119)"
3692,Alabama,34.6582711,-86.5807626,False,False,135.0,"(197, 54, 119)"
3693,Alabama,34.7332524,-86.5748368,False,False,135.0,"(197, 54, 119)"
3694,Alabama,34.7397703,-86.5903261,False,False,135.0,"(197, 54, 119)"
3695,Alabama,34.7111411,-86.6539238,False,False,135.0,"(197, 54, 119)"
3696,Alabama,33.8977536,-85.6752303,False,False,135.0,"(197, 54, 119)"
3697,Alabama,33.8230593,-85.7681082,False,False,135.0,"(197, 54, 119)"
3698,Alabama,33.9469451,-87.1569653,False,False,135.0,"(197, 54, 119)"
3699,Alabama,33.8147845,-87.23121549999999,False,False,135.0,"(197, 54, 119)"
3700,Alabama,33.8084931,-87.143549,False,False,135.0,"(197, 54, 119)"
3701,Alabama,,,False,False,135.0,"(197, 54, 119)"
3702,Alabama,32.8990039,-85.4044865,False,False,135.0,"(197, 54, 119)"
3703,Alabama,34.8486973,-87.391133,False,False,135.0,"(197, 54, 119)"
3704,Alabama,34.79981,-87.677251,False,False,135.0,"(197, 54, 119)"
3705,Alabama,,,False,False,135.0,"(197, 54, 119)"
3706,Alabama,33.5300915,-86.1466674,False,False,135.0,"(197, 54, 119)"
3707,Alabama,33.3583702,-85.71650629999999,False,False,135.0,"(197, 54, 119)"
3708,Alabama,31.2785544,-87.7675697,False,False,135.0,"(197, 54, 119)"
3709,Alabama,32.5937604,-88.18584059999999,False,False,135.0,"(197, 54, 119)"
3710,Alabama,34.0524363,-87.5493831,False,False,135.0,"(197, 54, 119)"
3711,Alabama,34.7332524,-86.5748368,False,False,135.0,"(197, 54, 119)"
3712,Alabama,34.7024697,-86.7244207,False,False,135.0,"(197, 54, 119)"
3713,Alabama,32.7003649,-86.4738191,True,False,135.0,"(197, 54, 119)"
3714,Alabama,32.6298869,-87.3149694,True,False,135.0,"(197, 54, 119)"
3715,Alabama,32.6298869,-87.3149694,True,False,135.0,"(197, 54, 119)"
3716,Alabama,32.6298869,-87.3149694,True,False,135.0,"(197, 54, 119)"
3717,Alabama,32.6298869,-87.3149694,True,False,135.0,"(197, 54, 119)"
3718,Alabama,32.623738,-87.322018,True,False,135.0,"(197, 54, 119)"
3719,Alabama,34.411202,-86.3483174,False,False,135.0,"(197, 54, 119)"
3720,Alabama,34.5509989,-85.5913109,False,False,135.0,"(197, 54, 119)"
3721,Alabama,32.5082484,-85.072937,False,False,135.0,"(197, 54, 119)"
3722,Alabama,30.6857691,-88.0508262,False,False,135.0,"(197, 54, 119)"
3723,Alabama,30.6437135,-88.1783088,False,False,135.0,"(197, 54, 119)"
3724,Alabama,30.5555957,-88.17397509999999,True,False,135.0,"(197, 54, 119)"
3725,Alabama,30.6737238,-88.2535608,False,False,135.0,"(197, 54, 119)"
3726,Alabama,30.6959406,-88.184236,False,False,135.0,"(197, 54, 119)"
3727,Alabama,30.6818034,-88.0144261,False,False,135.0,"(197, 54, 119)"
3728,Alabama,33.0948803,-86.8668768,True,False,135.0,"(197, 54, 119)"
3729,Alabama,33.1067187,-86.86541679999999,True,False,135.0,"(197, 54, 119)"
3730,Alabama,33.1067187,-86.86541679999999,True,False,135.0,"(197, 54, 119)"
3731,Alabama,33.1067187,-86.86541679999999,True,False,135.0,"(197, 54, 119)"
3732,Alabama,32.3504918,-86.2863163,False,False,135.0,"(197, 54, 119)"
3733,Alabama,32.3791188,-86.3625598,False,False,135.0,"(197, 54, 119)"
3734,Alabama,32.4251586,-86.1391313,False,False,135.0,"(197, 54, 119)"
3735,Alabama,34.4895728,-87.2781736,False,False,135.0,"(197, 54, 119)"
3736,Alabama,33.0027163,-87.62805279999999,False,False,135.0,"(197, 54, 119)"
3737,Alabama,34.4293661,-87.5054521,False,False,135.0,"(197, 54, 119)"
3738,Alabama,,,False,False,135.0,"(197, 54, 119)"
3739,Alabama,33.5009337,-85.9573248,False,False,135.0,"(197, 54, 119)"
3740,Alabama,33.4848529,-85.8874488,False,False,135.0,"(197, 54, 119)"
3741,Alabama,33.4848529,-85.8874488,False,False,135.0,"(197, 54, 119)"
3742,Alabama,33.4109427,-85.9802455,False,False,135.0,"(197, 54, 119)"
3743,Alabama,33.5459389,-85.9449673,False,False,135.0,"(197, 54, 119)"
3744,Alabama,33.6628302,-86.5449443,False,False,135.0,"(197, 54, 119)"
3745,Alabama,33.9921118,-87.48115519999999,False,False,135.0,"(197, 54, 119)"
3746,Alabama,,,False,False,135.0,"(197, 54, 119)"
3747,Alabama,31.3440987,-85.6135958,False,False,135.0,"(197, 54, 119)"
3748,Alabama,33.39729,-87.710578,False,False,135.0,"(197, 54, 119)"
3749,Alabama,33.2283,-87.63131299999999,False,False,135.0,"(197, 54, 119)"
3750,Alabama,,,False,False,135.0,"(197, 54, 119)"
3751,Alabama,32.4545645,-85.6890208,False,False,135.0,"(197, 54, 119)"
3752,Alabama,32.4788366,-85.6095086,False,False,135.0,"(197, 54, 119)"
3753,Alabama,32.5405598,-85.6791779,False,False,135.0,"(197, 54, 119)"
3754,Alabama,32.5605073,-85.6713667,False,False,135.0,"(197, 54, 119)"
3755,Alabama,32.671796,-85.3251461,False,False,135.0,"(197, 54, 119)"
3756,Alabama,32.5871388,-85.3111551,False,False,135.0,"(197, 54, 119)"
3757,Alabama,,,False,False,135.0,"(197, 54, 119)"
3758,Alabama,33.730016,-86.6535695,False,False,135.0,"(197, 54, 119)"
3759,Alabama,33.7423162,-87.268852,False,False,135.0,"(197, 54, 119)"
3760,Alabama,32.4370537,-85.0018228,False,False,135.0,"(197, 54, 119)"
3761,Alabama,32.6592297,-85.3813721,False,False,135.0,"(197, 54, 119)"
3762,Alabama,,,False,False,135.0,"(197, 54, 119)"
3763,Alabama,33.693408,-86.67705199999999,False,False,135.0,"(197, 54, 119)"
3764,Alabama,32.4312473,-86.5746996,False,False,135.0,"(197, 54, 119)"
3765,Alabama,,,False,False,135.0,"(197, 54, 119)"
3766,Alabama,32.459699,-86.472775,True,False,135.0,"(197, 54, 119)"
3767,Alabama,32.4788184,-86.36936659999999,True,False,135.0,"(197, 54, 119)"
3768,Alabama,32.4312473,-86.5746996,False,False,135.0,"(197, 54, 119)"
3769,Alabama,,,False,False,135.0,"(197, 54, 119)"
3770,Alabama,31.5693282,-86.5499667,False,False,135.0,"(197, 54, 119)"
3771,Alabama,31.121231,-85.4578171,False,False,135.0,"(197, 54, 119)"
3772,Alabama,,,False,False,135.0,"(197, 54, 119)"
3773,Alabama,32.8875301,-86.2222814,False,False,135.0,"(197, 54, 119)"
3774,Alabama,34.8286364,-87.2895739,False,False,135.0,"(197, 54, 119)"
3775,Alabama,,,False,False,135.0,"(197, 54, 119)"
3776,Alabama,,,False,False,135.0,"(197, 54, 119)"
3777,Alabama,32.2997061,-85.1669812,False,False,135.0,"(197, 54, 119)"
3778,Alabama,,,False,False,135.0,"(197, 54, 119)"
3779,Alabama,32.4130318,-87.0288107,True,False,135.0,"(197, 54, 119)"
3780,Alabama,,,False,False,135.0,"(197, 54, 119)"
3781,Alabama,30.4895209,-87.8000445,False,False,135.0,"(197, 54, 119)"
3782,Alabama,32.6592297,-85.3813721,False,False,135.0,"(197, 54, 119)"
3783,Alabama,32.4633239,-85.4490813,False,False,135.0,"(197, 54, 119)"
3784,Alabama,33.86495440000001,-86.31810449999999,False,False,135.0,"(197, 54, 119)"
3785,Alabama,31.6339793,74.8722642,False,False,135.0,"(197, 54, 119)"
3786,Alabama,32.944012,-85.9538532,False,False,135.0,"(197, 54, 119)"
3787,Alabama,32.944012,-85.9538532,False,False,135.0,"(197, 54, 119)"
3788,Alabama,32.831238,-85.76356919999999,False,False,135.0,"(197, 54, 119)"
3789,Alabama,32.5956237,-85.7678548,False,False,135.0,"(197, 54, 119)"
3790,Alabama,31.9328964,-87.7395281,True,False,135.0,"(197, 54, 119)"
3791,Alabama,33.2546553,-86.2001995,False,False,135.0,"(197, 54, 119)"
3792,Alabama,33.8362573,-87.4139452,False,False,135.0,"(197, 54, 119)"
3793,Alabama,,,False,False,135.0,"(197, 54, 119)"
3794,Alabama,31.8018895,-85.9572283,False,False,135.0,"(197, 54, 119)"
3795,Alabama,31.8018895,-85.9572283,False,False,135.0,"(197, 54, 119)"
3796,Alabama,33.1975422,-87.5618432,False,False,135.0,"(197, 54, 119)"
3797,Alabama,33.2064364,-87.5465526,False,False,135.0,"(197, 54, 119)"
3798,Alabama,33.0828466,-87.5607653,False,False,135.0,"(197, 54, 119)"
3799,Alabama,33.2073156,-87.5151009,False,False,135.0,"(197, 54, 119)"
3800,Alabama,33.202039,-87.56466569999999,False,False,135.0,"(197, 54, 119)"
3801,Alabama,33.1982647,-87.5859218,False,False,135.0,"(197, 54, 119)"
3802,Alabama,33.2140233,-87.5391418,False,False,135.0,"(197, 54, 119)"
3803,Alabama,34.661969,-87.6670139,False,False,135.0,"(197, 54, 119)"
3804,Alabama,,,False,False,135.0,"(197, 54, 119)"
3805,Alabama,33.7556606,-87.04999920000002,False,False,135.0,"(197, 54, 119)"
3806,Alabama,33.7612299,-86.9674623,False,False,135.0,"(197, 54, 119)"
3807,Alabama,32.5330588,-86.2069933,False,False,135.0,"(197, 54, 119)"
3808,Alabama,32.5475042,-86.2220924,False,False,135.0,"(197, 54, 119)"
3809,Alabama,33.7622,-85.71549999999999,False,False,135.0,"(197, 54, 119)"
3810,Alabama,31.8946948,-87.4628458,False,False,135.0,"(197, 54, 119)"
3811,Alabama,31.8946948,-87.4628458,False,False,135.0,"(197, 54, 119)"
3812,Alabama,34.6477233,-86.2728336,False,False,135.0,"(197, 54, 119)"
3813,Ohio,38.655274,-83.7608795,False,False,326.0,"(192, 204, 198)"
3814,Ohio,38.7775738,-83.33018600000001,False,False,326.0,"(192, 204, 198)"
3815,Ohio,41.0618639,-81.4956164,False,False,326.0,"(192, 204, 198)"
3816,Ohio,41.080534,-81.5195171,False,False,326.0,"(192, 204, 198)"
3817,Ohio,41.07963,-81.5077464,False,False,326.0,"(192, 204, 198)"
3818,Ohio,41.1196499,-81.5653136,False,False,326.0,"(192, 204, 198)"
3819,Ohio,41.0644679,-81.4722732,False,False,326.0,"(192, 204, 198)"
3820,Ohio,40.9459838,-81.6761144,False,False,326.0,"(192, 204, 198)"
3821,Ohio,41.1391522,-81.62669819999999,False,False,326.0,"(192, 204, 198)"
3822,Ohio,41.0921385,-81.4972056,False,False,326.0,"(192, 204, 198)"
3823,Ohio,41.076655,-81.5113386,False,False,326.0,"(192, 204, 198)"
3824,Ohio,41.076655,-81.5113386,False,False,326.0,"(192, 204, 198)"
3825,Ohio,40.9113341,-81.1089341,False,False,326.0,"(192, 204, 198)"
3826,Ohio,40.86935099999999,-81.103937,False,False,326.0,"(192, 204, 198)"
3827,Ohio,39.6517302,-82.74044769999999,True,False,326.0,"(192, 204, 198)"
3828,Ohio,,,False,False,326.0,"(192, 204, 198)"
3829,Ohio,41.3458107,-82.332044,False,False,326.0,"(192, 204, 198)"
3830,Ohio,40.853217,-81.7050707,False,False,326.0,"(192, 204, 198)"
3831,Ohio,40.871944,-82.3295894,False,False,326.0,"(192, 204, 198)"
3832,Ohio,,,False,False,326.0,"(192, 204, 198)"
3833,Ohio,41.8551115,-80.7809908,False,False,326.0,"(192, 204, 198)"
3834,Ohio,39.324358,-82.10138889999999,False,False,326.0,"(192, 204, 198)"
3835,Ohio,39.324358,-82.10138889999999,False,False,326.0,"(192, 204, 198)"
3836,Ohio,39.324358,-82.10138889999999,False,False,326.0,"(192, 204, 198)"
3837,Ohio,39.3195746,-82.121813,False,False,326.0,"(192, 204, 198)"
3838,Ohio,39.33531139999999,-82.01630999999999,False,False,326.0,"(192, 204, 198)"
3839,Ohio,41.4826819,-82.68268169999999,False,False,326.0,"(192, 204, 198)"
3840,Ohio,41.0616881,-80.7321985,False,False,326.0,"(192, 204, 198)"
3841,Ohio,41.5082707,-82.0166221,False,False,326.0,"(192, 204, 198)"
3842,Ohio,41.399549,-81.308273,False,False,326.0,"(192, 204, 198)"
3843,Ohio,,,False,False,326.0,"(192, 204, 198)"
3844,Ohio,41.48696,-81.94339099999999,False,False,326.0,"(192, 204, 198)"
3845,Ohio,41.4885424,-81.93634,False,False,326.0,"(192, 204, 198)"
3846,Ohio,39.6721594,-84.0784705,False,False,326.0,"(192, 204, 198)"
3847,Ohio,40.3537453,-83.8093038,False,False,326.0,"(192, 204, 198)"
3848,Ohio,41.37111650000001,-81.8478088,False,False,326.0,"(192, 204, 198)"
3849,Ohio,39.9549246,-82.938559,True,False,326.0,"(192, 204, 198)"
3850,Ohio,39.9549246,-82.938559,True,False,326.0,"(192, 204, 198)"
3851,Ohio,,,False,False,326.0,"(192, 204, 198)"
3852,Ohio,41.3797788,-83.6300826,False,False,326.0,"(192, 204, 198)"
3853,Ohio,41.3406162,-83.5000475,False,False,326.0,"(192, 204, 198)"
3854,Ohio,41.3797788,-83.6300826,False,False,326.0,"(192, 204, 198)"
3855,Ohio,,,False,False,326.0,"(192, 204, 198)"
3856,Ohio,41.350301,-83.61535099999999,False,False,326.0,"(192, 204, 198)"
3857,Ohio,40.131286,-84.43133499999999,False,False,326.0,"(192, 204, 198)"
3858,Ohio,41.4305769,-81.7499083,False,False,326.0,"(192, 204, 198)"
3859,Ohio,41.4305769,-81.7499083,False,False,326.0,"(192, 204, 198)"
3860,Ohio,41.4305769,-81.7499083,False,False,326.0,"(192, 204, 198)"
3861,Ohio,,,False,False,326.0,"(192, 204, 198)"
3862,Ohio,,,False,False,326.0,"(192, 204, 198)"
3863,Ohio,41.2258871,-81.8411775,False,False,326.0,"(192, 204, 198)"
3864,Ohio,,,False,False,326.0,"(192, 204, 198)"
3865,Ohio,40.6763746,-80.6063211,False,False,326.0,"(192, 204, 198)"
3866,Ohio,40.6763746,-80.6063211,False,False,326.0,"(192, 204, 198)"
3867,Ohio,40.6763746,-80.6063211,False,False,326.0,"(192, 204, 198)"
3868,Ohio,40.0410002,-81.58541679999999,False,False,326.0,"(192, 204, 198)"
3869,Ohio,40.0336466,-81.592353,False,False,326.0,"(192, 204, 198)"
3870,Ohio,40.8776635,-81.5834882,False,False,326.0,"(192, 204, 198)"
3871,Ohio,40.890594,-81.599065,False,False,326.0,"(192, 204, 198)"
3872,Ohio,40.7909044,-81.37666399999999,False,False,326.0,"(192, 204, 198)"
3873,Ohio,40.79894729999999,-81.378447,False,False,326.0,"(192, 204, 198)"
3874,Ohio,39.570014,-84.330686,False,False,326.0,"(192, 204, 198)"
3875,Ohio,39.610014,-84.2597869,False,False,326.0,"(192, 204, 198)"
3876,Ohio,41.3964363,-82.8037635,True,False,326.0,"(192, 204, 198)"
3877,Ohio,41.482207,-82.6835206,False,False,326.0,"(192, 204, 198)"
3878,Ohio,39.6291422,-84.15934159999999,False,False,326.0,"(192, 204, 198)"
3879,Ohio,40.0578067,-83.79613599999999,False,False,326.0,"(192, 204, 198)"
3880,Ohio,41.310158,-80.85051969999999,False,False,326.0,"(192, 204, 198)"
3881,Ohio,41.5359302,-81.222709,False,False,326.0,"(192, 204, 198)"
3882,Ohio,41.5800175,-81.41927539999999,False,False,326.0,"(192, 204, 198)"
3883,Ohio,39.333535,-82.98145,False,False,326.0,"(192, 204, 198)"
3884,Ohio,,,False,False,326.0,"(192, 204, 198)"
3885,Ohio,,,False,False,326.0,"(192, 204, 198)"
3886,Ohio,39.3349771,-82.9810456,False,False,326.0,"(192, 204, 198)"
3887,Ohio,39.3072804,-82.3224523,False,False,326.0,"(192, 204, 198)"
3888,Ohio,39.0902286,-84.3436881,False,False,326.0,"(192, 204, 198)"
3889,Ohio,39.1948389,-84.71158369999999,False,False,326.0,"(192, 204, 198)"
3890,Ohio,39.1107778,-84.53233519999999,False,False,326.0,"(192, 204, 198)"
3891,Ohio,39.1138109,-84.4971906,False,False,326.0,"(192, 204, 198)"
3892,Ohio,39.144573,-84.508617,False,False,326.0,"(192, 204, 198)"
3893,Ohio,39.11907910000001,-84.5111498,False,False,326.0,"(192, 204, 198)"
3894,Ohio,39.0267837,-84.61612869999999,False,False,326.0,"(192, 204, 198)"
3895,Ohio,39.1017443,-84.5118141,False,False,326.0,"(192, 204, 198)"
3896,Ohio,39.1163363,-84.49616879999999,False,False,326.0,"(192, 204, 198)"
3897,Ohio,39.1031182,-84.5120196,False,False,326.0,"(192, 204, 198)"
3898,Ohio,39.0547343,-84.4186119,False,False,326.0,"(192, 204, 198)"
3899,Ohio,39.3050939,-84.6035151,False,False,326.0,"(192, 204, 198)"
3900,Ohio,39.22075,-84.4298767,False,False,326.0,"(192, 204, 198)"
3901,Ohio,39.1093947,-84.51923099999999,False,False,326.0,"(192, 204, 198)"
3902,Ohio,39.146776,-84.648566,False,False,326.0,"(192, 204, 198)"
3903,Ohio,39.1440636,-84.6198254,False,False,326.0,"(192, 204, 198)"
3904,Ohio,39.111322,-84.660598,False,False,326.0,"(192, 204, 198)"
3905,Ohio,,,False,False,326.0,"(192, 204, 198)"
3906,Ohio,39.17433880000001,-84.5250106,False,False,326.0,"(192, 204, 198)"
3907,Ohio,39.2087853,-84.5045214,False,False,326.0,"(192, 204, 198)"
3908,Ohio,39.1021235,-84.5026366,False,False,326.0,"(192, 204, 198)"
3909,Ohio,39.1704264,-84.75180139999999,False,False,326.0,"(192, 204, 198)"
3910,Ohio,39.124648,-84.599589,False,False,326.0,"(192, 204, 198)"
3911,Ohio,39.1489495,-84.59942099999999,False,False,326.0,"(192, 204, 198)"
3912,Ohio,39.6034671,-82.94963059999999,True,False,326.0,"(192, 204, 198)"
3913,Ohio,39.600838,-82.942831,True,False,326.0,"(192, 204, 198)"
3914,Ohio,39.9088842,-83.9101219,False,False,326.0,"(192, 204, 198)"
3915,Ohio,39.9286352,-83.8161804,False,False,326.0,"(192, 204, 198)"
3916,Ohio,39.8617778,-84.3490399,False,False,326.0,"(192, 204, 198)"
3917,Ohio,41.4989649,-81.49403509999999,False,False,326.0,"(192, 204, 198)"
3918,Ohio,41.5138354,-81.5983687,False,False,326.0,"(192, 204, 198)"
3919,Ohio,41.4857366,-81.7165798,False,False,326.0,"(192, 204, 198)"
3920,Ohio,41.4907647,-81.52706529999999,False,False,326.0,"(192, 204, 198)"
3921,Ohio,,,False,False,326.0,"(192, 204, 198)"
3922,Ohio,41.462648,-81.648665,False,False,326.0,"(192, 204, 198)"
3923,Ohio,41.5059511,-81.60844519999999,False,False,326.0,"(192, 204, 198)"
3924,Ohio,41.4510562,-81.2075302,False,False,326.0,"(192, 204, 198)"
3925,Ohio,41.4339223,-81.81291619999999,False,False,326.0,"(192, 204, 198)"
3926,Ohio,41.5006172,-81.61281579999999,False,False,326.0,"(192, 204, 198)"
3927,Ohio,41.4612882,-81.7701895,False,False,326.0,"(192, 204, 198)"
3928,Ohio,,,False,False,326.0,"(192, 204, 198)"
3929,Ohio,41.3063518,-82.9750634,False,False,326.0,"(192, 204, 198)"
3930,Ohio,38.4956365,-82.6457167,False,False,326.0,"(192, 204, 198)"
3931,Ohio,38.5075517,-82.650072,False,False,326.0,"(192, 204, 198)"
3932,Ohio,40.726653,-80.613689,False,False,326.0,"(192, 204, 198)"
3933,Ohio,38.94935540000001,-92.3375715,False,False,326.0,"(192, 204, 198)"
3934,Ohio,40.0000091,-83.00144080000001,True,False,326.0,"(192, 204, 198)"
3935,Ohio,40.5641,-84.17201,False,False,326.0,"(192, 204, 198)"
3936,Ohio,39.9280615,-83.0649522,False,False,326.0,"(192, 204, 198)"
3937,Ohio,39.9438494,-83.0759564,False,False,326.0,"(192, 204, 198)"
3938,Ohio,39.9531241,-82.9795743,True,False,326.0,"(192, 204, 198)"
3939,Ohio,39.969191,-82.98719,True,False,326.0,"(192, 204, 198)"
3940,Ohio,39.9745654,-82.9874931,True,False,326.0,"(192, 204, 198)"
3941,Ohio,39.9401044,-83.02593399999999,True,False,326.0,"(192, 204, 198)"
3942,Ohio,39.960793,-82.984302,True,False,326.0,"(192, 204, 198)"
3943,Ohio,39.9979975,-83.0142329,True,False,326.0,"(192, 204, 198)"
3944,Ohio,39.9979975,-83.0142329,True,False,326.0,"(192, 204, 198)"
3945,Ohio,39.9692127,-83.0060593,True,False,326.0,"(192, 204, 198)"
3946,Ohio,39.9765061,-82.9396877,True,False,326.0,"(192, 204, 198)"
3947,Ohio,40.0141905,-83.03091429999999,True,False,326.0,"(192, 204, 198)"
3948,Ohio,39.96233970000001,-82.7946545,True,False,326.0,"(192, 204, 198)"
3949,Ohio,40.0271965,-83.0060531,False,False,326.0,"(192, 204, 198)"
3950,Ohio,40.152875,-82.868725,False,False,326.0,"(192, 204, 198)"
3951,Ohio,40.18589,-85.4059077,False,False,326.0,"(192, 204, 198)"
3952,Ohio,,,False,False,326.0,"(192, 204, 198)"
3953,Ohio,41.3150929,-80.7350412,False,False,326.0,"(192, 204, 198)"
3954,Ohio,41.3177688,-80.7269276,False,False,326.0,"(192, 204, 198)"
3955,Ohio,41.3404523,-80.7305049,False,False,326.0,"(192, 204, 198)"
3956,Ohio,40.9622784,-82.85435009999999,False,False,326.0,"(192, 204, 198)"
3957,Ohio,,,False,False,326.0,"(192, 204, 198)"
3958,Ohio,,,False,False,326.0,"(192, 204, 198)"
3959,Ohio,40.7984937,-81.6950931,False,False,326.0,"(192, 204, 198)"
3960,Ohio,39.8137298,-84.05374479999999,False,False,326.0,"(192, 204, 198)"
3961,Ohio,39.7807961,-84.1093818,False,False,326.0,"(192, 204, 198)"
3962,Ohio,39.8165478,-84.2078315,False,False,326.0,"(192, 204, 198)"
3963,Ohio,39.7350841,-84.1599153,False,False,326.0,"(192, 204, 198)"
3964,Ohio,39.7208543,-84.17145699999999,False,False,326.0,"(192, 204, 198)"
3965,Ohio,39.7352299,-84.1808748,False,False,326.0,"(192, 204, 198)"
3966,Ohio,39.7573787,-84.1983316,False,False,326.0,"(192, 204, 198)"
3967,Ohio,39.759123,-84.175196,False,False,326.0,"(192, 204, 198)"
3968,Ohio,,,False,False,326.0,"(192, 204, 198)"
3969,Ohio,39.7393,-84.17996749999999,False,False,326.0,"(192, 204, 198)"
3970,Ohio,39.762148,-84.1921394,False,False,326.0,"(192, 204, 198)"
3971,Ohio,39.77394760000001,-84.17605089999999,False,False,326.0,"(192, 204, 198)"
3972,Ohio,39.712996,-84.18171009999999,False,False,326.0,"(192, 204, 198)"
3973,Ohio,39.7441916,-84.1727816,False,False,326.0,"(192, 204, 198)"
3974,Ohio,40.3015636,-83.0810991,False,False,326.0,"(192, 204, 198)"
3975,Ohio,40.493663,-81.48194099999999,False,False,326.0,"(192, 204, 198)"
3976,Ohio,40.1404806,-83.140923,False,False,326.0,"(192, 204, 198)"
3977,Ohio,39.1948309,-82.42914650000002,False,False,326.0,"(192, 204, 198)"
3978,Ohio,40.726653,-80.613689,False,False,326.0,"(192, 204, 198)"
3979,Ohio,39.1059213,-84.243409,False,False,326.0,"(192, 204, 198)"
3980,Ohio,41.660849,-81.4446478,False,False,326.0,"(192, 204, 198)"
3981,Ohio,,,False,False,326.0,"(192, 204, 198)"
3982,Ohio,39.7585888,-84.6208397,False,False,326.0,"(192, 204, 198)"
3983,Ohio,,,False,False,326.0,"(192, 204, 198)"
3984,Ohio,41.372619,-82.109645,False,False,326.0,"(192, 204, 198)"
3985,Ohio,41.3621728,-82.10779749999999,False,False,326.0,"(192, 204, 198)"
3986,Ohio,41.3956277,-82.14093369999999,False,False,326.0,"(192, 204, 198)"
3987,Ohio,39.3351056,-84.54326859999999,False,False,326.0,"(192, 204, 198)"
3988,Ohio,,,False,False,326.0,"(192, 204, 198)"
3989,Ohio,39.3267057,-84.47648939999999,False,False,326.0,"(192, 204, 198)"
3990,Ohio,39.7588859,-82.506078,False,False,326.0,"(192, 204, 198)"
3991,Ohio,39.3368348,-84.55334119999999,False,False,326.0,"(192, 204, 198)"
3992,Ohio,41.7569876,-81.2774311,False,False,326.0,"(192, 204, 198)"
3993,Ohio,41.0652249,-83.64256379999999,False,False,326.0,"(192, 204, 198)"
3994,Ohio,40.412803,-84.77877699999999,False,False,326.0,"(192, 204, 198)"
3995,Ohio,39.5727407,-84.35047039999999,False,False,326.0,"(192, 204, 198)"
3996,Ohio,40.0192307,-82.8793446,False,False,326.0,"(192, 204, 198)"
3997,Ohio,39.1689573,-82.8243392,False,False,326.0,"(192, 204, 198)"
3998,Ohio,38.8078489,-82.20347679999999,False,False,326.0,"(192, 204, 198)"
3999,Ohio,41.4317017,-81.60878060000002,False,False,326.0,"(192, 204, 198)"
4000,Ohio,39.3451798,-84.2691423,False,False,326.0,"(192, 204, 198)"
4001,Ohio,41.8635667,-80.9289934,False,False,326.0,"(192, 204, 198)"
4002,Ohio,,,False,False,326.0,"(192, 204, 198)"
4003,Ohio,41.3759555,-83.3220851,False,False,326.0,"(192, 204, 198)"
4004,Ohio,41.5371448,-81.6086827,False,False,326.0,"(192, 204, 198)"
4005,Ohio,40.067396,-82.51625299999999,True,False,326.0,"(192, 204, 198)"
4006,Ohio,40.0734583,-82.5223309,True,False,326.0,"(192, 204, 198)"
4007,Ohio,39.6515445,-84.5439336,False,False,326.0,"(192, 204, 198)"
4008,Ohio,39.6654193,-84.5205786,False,False,326.0,"(192, 204, 198)"
4009,Ohio,41.262229,-83.050736,False,False,326.0,"(192, 204, 198)"
4010,Ohio,39.3508473,-83.38853379999999,False,False,326.0,"(192, 204, 198)"
4011,Ohio,39.3827757,-83.4542839,False,False,326.0,"(192, 204, 198)"
4012,Ohio,40.1537436,-84.68474909999999,False,False,326.0,"(192, 204, 198)"
4013,Ohio,40.0988058,-84.63305410000001,False,False,326.0,"(192, 204, 198)"
4014,Ohio,39.4016739,-84.53927379999999,False,False,326.0,"(192, 204, 198)"
4015,Ohio,39.415506,-84.57262999999999,False,False,326.0,"(192, 204, 198)"
4016,Ohio,,,False,False,326.0,"(192, 204, 198)"
4017,Ohio,40.0318987,-83.13798799999999,False,False,326.0,"(192, 204, 198)"
4018,Ohio,40.00233619999999,-83.15179239999999,False,False,326.0,"(192, 204, 198)"
4019,Ohio,,,False,False,326.0,"(192, 204, 198)"
4020,Ohio,41.16168,-81.739319,False,False,326.0,"(192, 204, 198)"
4021,Ohio,41.27943519999999,-82.6752815,False,False,326.0,"(192, 204, 198)"
4022,Ohio,40.4990656,-83.8950042,False,False,326.0,"(192, 204, 198)"
4023,Ohio,40.4967167,-83.86465989999999,False,False,326.0,"(192, 204, 198)"
4024,Ohio,38.5158047,-82.6491633,False,False,326.0,"(192, 204, 198)"
4025,Ohio,38.6128512,-82.6318723,False,False,326.0,"(192, 204, 198)"
4026,Ohio,38.5075517,-82.650072,False,False,326.0,"(192, 204, 198)"
4027,Ohio,38.501526,-82.65226899999999,False,False,326.0,"(192, 204, 198)"
4028,Ohio,,,False,False,326.0,"(192, 204, 198)"
4029,Ohio,41.6080925,-82.69798019999999,False,False,326.0,"(192, 204, 198)"
4030,Ohio,41.1490629,-81.34146489999999,False,False,326.0,"(192, 204, 198)"
4031,Ohio,41.154248,-81.363102,False,False,326.0,"(192, 204, 198)"
4032,Ohio,41.1397964,-81.35844159999999,False,False,326.0,"(192, 204, 198)"
4033,Ohio,39.0077866,-84.6313624,False,False,326.0,"(192, 204, 198)"
4034,Ohio,,,False,False,326.0,"(192, 204, 198)"
4035,Ohio,39.715219,-84.15628199999999,False,False,326.0,"(192, 204, 198)"
4036,Ohio,39.6454625,-84.1695199,False,False,326.0,"(192, 204, 198)"
4037,Ohio,39.6864707,-84.1488749,False,False,326.0,"(192, 204, 198)"
4038,Ohio,41.6251608,-81.30142839999999,False,False,326.0,"(192, 204, 198)"
4039,Ohio,45.2433814,-117.95853,False,False,326.0,"(192, 204, 198)"
4040,Ohio,41.7128807,-81.3612097,False,False,326.0,"(192, 204, 198)"
4041,Ohio,,,False,False,326.0,"(192, 204, 198)"
4042,Ohio,39.7588859,-82.506078,False,False,326.0,"(192, 204, 198)"
4043,Ohio,41.2534171,-80.8761969,False,False,326.0,"(192, 204, 198)"
4044,Ohio,39.4337465,-84.2085547,False,False,326.0,"(192, 204, 198)"
4045,Ohio,39.4257226,-84.1967617,False,False,326.0,"(192, 204, 198)"
4046,Ohio,,,False,False,326.0,"(192, 204, 198)"
4047,Ohio,40.7533843,-84.1141148,False,False,326.0,"(192, 204, 198)"
4048,Ohio,40.72231319999999,-84.142826,False,False,326.0,"(192, 204, 198)"
4049,Ohio,41.4766786,-82.13702289999999,False,False,326.0,"(192, 204, 198)"
4050,Ohio,41.443393,-82.1852868,False,False,326.0,"(192, 204, 198)"
4051,Ohio,41.168505,-80.8611178,False,False,326.0,"(192, 204, 198)"
4052,Ohio,40.6091534,-82.264713,False,False,326.0,"(192, 204, 198)"
4053,Ohio,39.2835201,-84.2659997,False,False,326.0,"(192, 204, 198)"
4054,Ohio,41.6639383,-83.55521200000001,False,False,326.0,"(192, 204, 198)"
4055,Ohio,38.922203,-83.04294800000001,False,False,326.0,"(192, 204, 198)"
4056,Ohio,38.8768458,-82.96791209999999,False,False,326.0,"(192, 204, 198)"
4057,Ohio,39.9889239,-83.4117496,True,False,326.0,"(192, 204, 198)"
4058,Ohio,38.688257,-83.604461,False,False,326.0,"(192, 204, 198)"
4059,Ohio,40.6522452,-82.399092,True,False,326.0,"(192, 204, 198)"
4060,Ohio,40.7519163,-82.4709603,False,False,326.0,"(192, 204, 198)"
4061,Ohio,40.7519163,-82.4709603,False,False,326.0,"(192, 204, 198)"
4062,Ohio,40.784215,-82.502481,False,False,326.0,"(192, 204, 198)"
4063,Ohio,40.85079899999999,-82.5132563,False,False,326.0,"(192, 204, 198)"
4064,Ohio,40.784215,-82.502481,False,False,326.0,"(192, 204, 198)"
4065,Ohio,,,False,False,326.0,"(192, 204, 198)"
4066,Ohio,41.5006214,-82.7303106,False,False,326.0,"(192, 204, 198)"
4067,Ohio,39.4205341,-81.4549334,False,False,326.0,"(192, 204, 198)"
4068,Ohio,39.406654,-81.412345,False,False,326.0,"(192, 204, 198)"
4069,Ohio,39.4109084,-81.45041049999999,False,False,326.0,"(192, 204, 198)"
4070,Ohio,39.4145456,-81.4491067,False,False,326.0,"(192, 204, 198)"
4071,Ohio,39.4108176,-81.4353774,False,False,326.0,"(192, 204, 198)"
4072,Ohio,40.5998697,-83.074838,False,False,326.0,"(192, 204, 198)"
4073,Ohio,40.586509,-83.12162099999999,False,False,326.0,"(192, 204, 198)"
4074,Ohio,40.5783876,-83.1259267,False,False,326.0,"(192, 204, 198)"
4075,Ohio,40.5420869,-83.1557619,False,False,326.0,"(192, 204, 198)"
4076,Ohio,40.241114,-83.341205,False,False,326.0,"(192, 204, 198)"
4077,Ohio,39.3602243,-84.3091566,False,False,326.0,"(192, 204, 198)"
4078,Ohio,39.3506649,-84.2423274,False,False,326.0,"(192, 204, 198)"
4079,Ohio,39.3545593,-84.3096671,False,False,326.0,"(192, 204, 198)"
4080,Ohio,40.7681329,-81.5076649,False,False,326.0,"(192, 204, 198)"
4081,Ohio,41.5783378,-83.6187719,False,False,326.0,"(192, 204, 198)"
4082,Ohio,,,False,False,326.0,"(192, 204, 198)"
4083,Ohio,40.6738348,-84.56308279999999,False,False,326.0,"(192, 204, 198)"
4084,Ohio,41.198267,-81.841601,False,False,326.0,"(192, 204, 198)"
4085,Ohio,41.128018,-81.8905709,False,False,326.0,"(192, 204, 198)"
4086,Ohio,-34.3907293,138.8397403,False,False,326.0,"(192, 204, 198)"
4087,Ohio,,,False,False,326.0,"(192, 204, 198)"
4088,Ohio,39.6391187,-84.26529459999999,False,False,326.0,"(192, 204, 198)"
4089,Ohio,39.6392318,-84.274625,False,False,326.0,"(192, 204, 198)"
4090,Ohio,39.6050643,-84.2552893,False,False,326.0,"(192, 204, 198)"
4091,Ohio,39.392988,-84.554699,False,False,326.0,"(192, 204, 198)"
4092,Ohio,39.5160943,-84.4053656,False,False,326.0,"(192, 204, 198)"
4093,Ohio,39.51237589999999,-84.3999551,False,False,326.0,"(192, 204, 198)"
4094,Ohio,39.4981283,-84.4054477,False,False,326.0,"(192, 204, 198)"
4095,Ohio,41.2935962,-82.5972958,False,False,326.0,"(192, 204, 198)"
4096,Ohio,41.3000479,-82.6045221,False,False,326.0,"(192, 204, 198)"
4097,Ohio,,,False,False,326.0,"(192, 204, 198)"
4098,Ohio,,,False,False,326.0,"(192, 204, 198)"
4099,Ohio,39.1313473,-84.187114,False,False,326.0,"(192, 204, 198)"
4100,Ohio,39.3973086,-84.6354861,False,False,326.0,"(192, 204, 198)"
4101,Ohio,39.4219937,-84.37430499999999,False,False,326.0,"(192, 204, 198)"
4102,Ohio,39.6478321,-84.52717109999999,False,False,326.0,"(192, 204, 198)"
4103,Ohio,39.3061838,-82.3244591,False,False,326.0,"(192, 204, 198)"
4104,Ohio,39.3072804,-82.3224523,False,False,326.0,"(192, 204, 198)"
4105,Ohio,,,False,False,326.0,"(192, 204, 198)"
4106,Ohio,40.11548459999999,-81.11409119999999,False,False,326.0,"(192, 204, 198)"
4107,Ohio,41.5890208,-83.6668888,False,False,326.0,"(192, 204, 198)"
4108,Ohio,,,False,False,326.0,"(192, 204, 198)"
4109,Ohio,41.3979826,-84.13342689999999,False,False,326.0,"(192, 204, 198)"
4110,Ohio,,,False,False,326.0,"(192, 204, 198)"
4111,Ohio,,,False,False,326.0,"(192, 204, 198)"
4112,Ohio,43.154175,-79.032541,False,False,326.0,"(192, 204, 198)"
4113,Ohio,39.2904517,-82.3900747,False,False,326.0,"(192, 204, 198)"
4114,Ohio,39.9798777,-84.00839719999999,False,False,326.0,"(192, 204, 198)"
4115,Ohio,39.9616024,-84.0717308,False,False,326.0,"(192, 204, 198)"
4116,Ohio,40.9611263,-80.5576411,False,False,326.0,"(192, 204, 198)"
4117,Ohio,40.9464055,-80.548867,False,False,326.0,"(192, 204, 198)"
4118,Ohio,40.493663,-81.48194099999999,False,False,326.0,"(192, 204, 198)"
4119,Ohio,40.8563926,-80.60222089999999,False,False,326.0,"(192, 204, 198)"
4120,Ohio,40.069718,-82.389415,True,False,326.0,"(192, 204, 198)"
4121,Ohio,40.040615,-82.42862099999999,True,False,326.0,"(192, 204, 198)"
4122,Ohio,40.066563,-82.4198229,True,False,326.0,"(192, 204, 198)"
4123,Ohio,41.4510562,-81.2075302,False,False,326.0,"(192, 204, 198)"
4124,Ohio,39.7238964,-84.3464056,False,False,326.0,"(192, 204, 198)"
4125,Ohio,41.182865,-80.982153,False,False,326.0,"(192, 204, 198)"
4126,Ohio,41.41554199999999,-81.89569809999999,False,False,326.0,"(192, 204, 198)"
4127,Ohio,41.3906503,-82.0157912,False,False,326.0,"(192, 204, 198)"
4128,Ohio,41.30915299999999,-81.7331318,False,False,326.0,"(192, 204, 198)"
4129,Ohio,41.3431253,-81.52828509999999,False,False,326.0,"(192, 204, 198)"
4130,Ohio,39.9800474,-81.79312600000002,False,False,326.0,"(192, 204, 198)"
4131,Ohio,38.9071002,-82.57084449999999,False,False,326.0,"(192, 204, 198)"
4132,Ohio,,,False,False,326.0,"(192, 204, 198)"
4133,Ohio,41.2411668,-81.55261759999999,False,False,326.0,"(192, 204, 198)"
4134,Ohio,41.3767921,-81.8960341,False,False,326.0,"(192, 204, 198)"
4135,Ohio,40.297291,-83.19858909999999,False,False,326.0,"(192, 204, 198)"
4136,Ohio,40.8017803,-81.9251752,False,False,326.0,"(192, 204, 198)"
4137,Ohio,39.6030607,-84.76039039999999,False,False,326.0,"(192, 204, 198)"
4138,Ohio,39.5812437,-84.74687639999999,False,False,326.0,"(192, 204, 198)"
4139,Ohio,39.5105334,-84.73087679999999,False,False,326.0,"(192, 204, 198)"
4140,Ohio,39.5105334,-84.73087679999999,False,False,326.0,"(192, 204, 198)"
4141,Ohio,39.5105334,-84.73087679999999,False,False,326.0,"(192, 204, 198)"
4142,Ohio,39.5105334,-84.73087679999999,False,False,326.0,"(192, 204, 198)"
4143,Ohio,39.5327007,-84.7029384,False,False,326.0,"(192, 204, 198)"
4144,Ohio,39.4805565,-84.4206091,False,False,326.0,"(192, 204, 198)"
4145,Ohio,39.5289631,-84.7675318,False,False,326.0,"(192, 204, 198)"
4146,Ohio,39.5105334,-84.73087679999999,False,False,326.0,"(192, 204, 198)"
4147,Ohio,41.7163857,-81.2513355,False,False,326.0,"(192, 204, 198)"
4148,Ohio,41.7163857,-81.2513355,False,False,326.0,"(192, 204, 198)"
4149,Ohio,41.7163857,-81.2513355,False,False,326.0,"(192, 204, 198)"
4150,Ohio,41.7133054,-81.2602472,False,False,326.0,"(192, 204, 198)"
4151,Ohio,41.729231,-81.242611,False,False,326.0,"(192, 204, 198)"
4152,Ohio,41.3625399,-81.6989844,False,False,326.0,"(192, 204, 198)"
4153,Ohio,41.36872,-81.7391777,False,False,326.0,"(192, 204, 198)"
4154,Ohio,41.2597738,-84.5634671,False,False,326.0,"(192, 204, 198)"
4155,Ohio,41.1361877,-84.57543539999999,False,False,326.0,"(192, 204, 198)"
4156,Ohio,41.1361648,-84.5791483,False,False,326.0,"(192, 204, 198)"
4157,Ohio,,,False,False,326.0,"(192, 204, 198)"
4158,Ohio,41.241919,-81.554644,False,False,326.0,"(192, 204, 198)"
4159,Ohio,39.600618,-82.9460133,True,False,326.0,"(192, 204, 198)"
4160,Ohio,40.148931,-84.24012300000001,False,False,326.0,"(192, 204, 198)"
4161,Ohio,,,False,False,326.0,"(192, 204, 198)"
4162,Ohio,,,False,False,326.0,"(192, 204, 198)"
4163,Ohio,,,False,False,326.0,"(192, 204, 198)"
4164,Ohio,41.0171487,-81.36194019999999,False,False,326.0,"(192, 204, 198)"
4165,Ohio,41.1536674,-81.3578859,False,False,326.0,"(192, 204, 198)"
4166,Ohio,38.7406818,-82.9938744,False,False,326.0,"(192, 204, 198)"
4167,Ohio,38.7370849,-82.9787731,False,False,326.0,"(192, 204, 198)"
4168,Ohio,41.116052,-83.1288825,False,False,326.0,"(192, 204, 198)"
4169,Ohio,41.554229,-81.49540520000001,False,False,326.0,"(192, 204, 198)"
4170,Ohio,,,False,False,326.0,"(192, 204, 198)"
4171,Ohio,40.7753636,-80.6621302,False,False,326.0,"(192, 204, 198)"
4172,Ohio,38.7595635,-121.2955367,False,False,326.0,"(192, 204, 198)"
4173,Ohio,41.608324,-83.5668674,False,False,326.0,"(192, 204, 198)"
4174,Ohio,41.2978298,-83.7093794,False,False,326.0,"(192, 204, 198)"
4175,Ohio,,,False,False,326.0,"(192, 204, 198)"
4176,Ohio,39.293779,-83.55243800000001,False,False,326.0,"(192, 204, 198)"
4177,Ohio,41.482207,-82.6835206,False,False,326.0,"(192, 204, 198)"
4178,Ohio,41.4845944,-82.6833609,False,False,326.0,"(192, 204, 198)"
4179,Ohio,,,False,False,326.0,"(192, 204, 198)"
4180,Ohio,41.40220100000001,-82.659645,False,False,326.0,"(192, 204, 198)"
4181,Ohio,38.7317431,-82.9976742,False,False,326.0,"(192, 204, 198)"
4182,Ohio,38.7317431,-82.9976742,False,False,326.0,"(192, 204, 198)"
4183,Ohio,38.7317431,-82.9976742,False,False,326.0,"(192, 204, 198)"
4184,Ohio,38.7317431,-82.9976742,False,False,326.0,"(192, 204, 198)"
4185,Ohio,38.7317431,-82.9976742,False,False,326.0,"(192, 204, 198)"
4186,Ohio,38.6168593,-82.38241459999999,False,False,326.0,"(192, 204, 198)"
4187,Ohio,39.971253,-80.7471219,True,False,326.0,"(192, 204, 198)"
4188,Ohio,41.469049,-82.0948743,False,False,326.0,"(192, 204, 198)"
4189,Ohio,,,False,False,326.0,"(192, 204, 198)"
4190,Ohio,,,False,False,326.0,"(192, 204, 198)"
4191,Ohio,,,False,False,326.0,"(192, 204, 198)"
4192,Ohio,,,False,False,326.0,"(192, 204, 198)"
4193,Ohio,40.2875497,-84.1521652,False,False,326.0,"(192, 204, 198)"
4194,Ohio,40.3012979,-84.15537839999999,False,False,326.0,"(192, 204, 198)"
4195,Ohio,40.9608876,-81.0202533,False,False,326.0,"(192, 204, 198)"
4196,Ohio,40.121624,-82.9341199,False,False,326.0,"(192, 204, 198)"
4197,Ohio,40.7226102,-84.19555489999999,False,False,326.0,"(192, 204, 198)"
4198,Ohio,39.5375374,-84.20782489999999,False,False,326.0,"(192, 204, 198)"
4199,Ohio,41.5977575,-83.72773339999999,False,False,326.0,"(192, 204, 198)"
4200,Ohio,39.9365496,-83.8139029,False,False,326.0,"(192, 204, 198)"
4201,Ohio,39.951049,-83.7959549,False,False,326.0,"(192, 204, 198)"
4202,Ohio,40.1432928,-83.9118216,False,False,326.0,"(192, 204, 198)"
4203,Ohio,30.4320579,-95.4889399,True,False,326.0,"(192, 204, 198)"
4204,Ohio,40.166864,-83.9445123,False,False,326.0,"(192, 204, 198)"
4205,Ohio,40.9153362,-81.10593089999999,False,False,326.0,"(192, 204, 198)"
4206,Ohio,40.7967244,-81.52150929999999,False,False,326.0,"(192, 204, 198)"
4207,Ohio,40.7967244,-81.52150929999999,False,False,326.0,"(192, 204, 198)"
4208,Ohio,40.7967244,-81.52150929999999,False,False,326.0,"(192, 204, 198)"
4209,Ohio,,,False,False,326.0,"(192, 204, 198)"
4210,Ohio,40.3690842,-80.6367672,True,False,326.0,"(192, 204, 198)"
4211,Ohio,39.6378449,-82.5259207,False,False,326.0,"(192, 204, 198)"
4212,Ohio,41.0292217,-81.63817949999999,False,False,326.0,"(192, 204, 198)"
4213,Ohio,41.7225059,-83.802134,False,False,326.0,"(192, 204, 198)"
4214,Ohio,39.7441916,-84.1727816,False,False,326.0,"(192, 204, 198)"
4215,Ohio,41.1148471,-83.16748539999999,False,False,326.0,"(192, 204, 198)"
4216,Ohio,41.6688001,-83.556027,False,False,326.0,"(192, 204, 198)"
4217,Ohio,41.6503374,-83.53747539999999,False,False,326.0,"(192, 204, 198)"
4218,Ohio,41.7167795,-83.61185359999999,False,False,326.0,"(192, 204, 198)"
4219,Ohio,41.6455777,-83.5432167,False,False,326.0,"(192, 204, 198)"
4220,Ohio,41.654506,-83.54009599999999,False,False,326.0,"(192, 204, 198)"
4221,Ohio,41.6727546,-83.7029337,False,False,326.0,"(192, 204, 198)"
4222,Ohio,41.556996,-83.627157,False,False,326.0,"(192, 204, 198)"
4223,Ohio,41.556996,-83.627157,False,False,326.0,"(192, 204, 198)"
4224,Ohio,41.648738,-83.536092,False,False,326.0,"(192, 204, 198)"
4225,Ohio,41.604622,-83.599913,False,False,326.0,"(192, 204, 198)"
4226,Ohio,41.61893010000001,-83.61847759999999,False,False,326.0,"(192, 204, 198)"
4227,Ohio,41.6112139,-83.7122411,False,False,326.0,"(192, 204, 198)"
4228,Ohio,41.6893596,-83.7128575,False,False,326.0,"(192, 204, 198)"
4229,Ohio,41.6580307,-83.6140701,False,False,326.0,"(192, 204, 198)"
4230,Ohio,41.6580307,-83.6140701,False,False,326.0,"(192, 204, 198)"
4231,Ohio,41.7184798,-83.61114549999999,False,False,326.0,"(192, 204, 198)"
4232,Ohio,41.4295896,-83.7429452,False,False,326.0,"(192, 204, 198)"
4233,Ohio,39.4653947,-84.5054474,False,False,326.0,"(192, 204, 198)"
4234,Ohio,,,False,False,326.0,"(192, 204, 198)"
4235,Ohio,40.0866188,-84.22856259999999,False,False,326.0,"(192, 204, 198)"
4236,Ohio,40.0761482,-84.1747572,False,False,326.0,"(192, 204, 198)"
4237,Ohio,41.3080065,-81.4408326,False,False,326.0,"(192, 204, 198)"
4238,Ohio,40.0516093,-83.8482294,False,False,326.0,"(192, 204, 198)"
4239,Ohio,40.112767,-83.742943,False,False,326.0,"(192, 204, 198)"
4240,Ohio,40.100596,-83.761111,False,False,326.0,"(192, 204, 198)"
4241,Ohio,40.100596,-83.761111,False,False,326.0,"(192, 204, 198)"
4242,Ohio,,,False,False,326.0,"(192, 204, 198)"
4243,Ohio,41.255068,-81.9224479,False,False,326.0,"(192, 204, 198)"
4244,Ohio,39.6932514,-83.9949268,False,False,326.0,"(192, 204, 198)"
4245,Ohio,40.8508,-84.5792,False,False,326.0,"(192, 204, 198)"
4246,Ohio,41.3489364,-82.3448848,False,False,326.0,"(192, 204, 198)"
4247,Ohio,,,False,False,326.0,"(192, 204, 198)"
4248,Ohio,41.368795,-82.3287345,False,False,326.0,"(192, 204, 198)"
4249,Ohio,41.3670519,-82.379767,False,False,326.0,"(192, 204, 198)"
4250,Ohio,39.2475184,-82.7933236,False,False,326.0,"(192, 204, 198)"
4251,Ohio,38.9811539,-83.0046777,False,False,326.0,"(192, 204, 198)"
4252,Ohio,40.558404,-84.2502511,False,False,326.0,"(192, 204, 198)"
4253,Ohio,41.2346211,-80.816971,False,False,326.0,"(192, 204, 198)"
4254,Ohio,41.2798893,-80.8391628,False,False,326.0,"(192, 204, 198)"
4255,Ohio,41.2798893,-80.8391628,False,False,326.0,"(192, 204, 198)"
4256,Ohio,41.1465605,-80.66597159999999,False,False,326.0,"(192, 204, 198)"
4257,Ohio,41.2375569,-80.81841659999999,False,False,326.0,"(192, 204, 198)"
4258,Ohio,41.2346211,-80.816971,False,False,326.0,"(192, 204, 198)"
4259,Ohio,41.498658,-83.719674,False,False,326.0,"(192, 204, 198)"
4260,Ohio,41.4339825,-83.8040192,False,False,326.0,"(192, 204, 198)"
4261,Ohio,39.5294568,-84.0872799,False,False,326.0,"(192, 204, 198)"
4262,Ohio,,,False,False,326.0,"(192, 204, 198)"
4263,Ohio,39.0791369,-82.50641,False,False,326.0,"(192, 204, 198)"
4264,Ohio,,,False,False,326.0,"(192, 204, 198)"
4265,Ohio,39.37232059999999,-84.37140199999999,False,False,326.0,"(192, 204, 198)"
4266,Ohio,40.00848190000001,-84.3174858,False,False,326.0,"(192, 204, 198)"
4267,Ohio,41.435755,-81.943749,False,False,326.0,"(192, 204, 198)"
4268,Ohio,40.121624,-82.9341199,False,False,326.0,"(192, 204, 198)"
4269,Ohio,39.051928,-84.0657987,False,False,326.0,"(192, 204, 198)"
4270,Ohio,41.5800175,-81.41927539999999,False,False,326.0,"(192, 204, 198)"
4271,Ohio,39.4975121,-83.7710068,False,False,326.0,"(192, 204, 198)"
4272,Ohio,39.4435115,-83.8233755,False,False,326.0,"(192, 204, 198)"
4273,Ohio,,,False,False,326.0,"(192, 204, 198)"
4274,Ohio,38.9384727,-83.6471455,False,False,326.0,"(192, 204, 198)"
4275,Ohio,40.81086,-81.9343449,False,False,326.0,"(192, 204, 198)"
4276,Ohio,40.8110501,-81.9336187,False,False,326.0,"(192, 204, 198)"
4277,Ohio,40.7993183,-81.94308889999999,False,False,326.0,"(192, 204, 198)"
4278,Ohio,40.7994102,-81.9418312,False,False,326.0,"(192, 204, 198)"
4279,Ohio,40.8221722,-81.93377149999999,False,False,326.0,"(192, 204, 198)"
4280,Ohio,39.6702504,-83.9206001,False,False,326.0,"(192, 204, 198)"
4281,Ohio,39.6713894,-83.9689223,False,False,326.0,"(192, 204, 198)"
4282,Ohio,39.7993346,-83.8877186,False,False,326.0,"(192, 204, 198)"
4283,Ohio,39.8009891,-83.8850876,False,False,326.0,"(192, 204, 198)"
4284,Ohio,41.1069767,-80.64852549999999,False,False,326.0,"(192, 204, 198)"
4285,Ohio,39.3084376,-82.3245566,False,False,326.0,"(192, 204, 198)"
4286,Ohio,39.9151264,-82.0051831,False,False,326.0,"(192, 204, 198)"
4287,Ohio,39.9507291,-82.0133723,False,False,326.0,"(192, 204, 198)"
4288,Ohio,40.6132892,-81.4225259,False,False,326.0,"(192, 204, 198)"
4289,Ohio,39.9276731,-82.0121589,False,False,326.0,"(192, 204, 198)"
4290,New Jersey,39.425234,-74.498728,False,False,291.0,"(200, 197, 191)"
4291,New Jersey,39.7763442,-74.90726409999999,False,False,291.0,"(200, 197, 191)"
4292,New Jersey,40.916927,-74.895646,False,False,291.0,"(200, 197, 191)"
4293,New Jersey,40.912799,-74.922874,False,False,291.0,"(200, 197, 191)"
4294,New Jersey,40.9338063,-73.9332032,False,False,291.0,"(200, 197, 191)"
4295,New Jersey,39.6858762,-74.8574586,False,False,291.0,"(200, 197, 191)"
4296,New Jersey,39.36019840000001,-74.4204805,False,False,291.0,"(200, 197, 191)"
4297,New Jersey,40.0719994,-74.0429692,False,False,291.0,"(200, 197, 191)"
4298,New Jersey,40.6710066,-74.1221437,False,False,291.0,"(200, 197, 191)"
4299,New Jersey,40.0257053,-80.2543044,True,False,291.0,"(200, 197, 191)"
4300,New Jersey,40.6598189,-74.1321361,False,False,291.0,"(200, 197, 191)"
4301,New Jersey,,,False,False,291.0,"(200, 197, 191)"
4302,New Jersey,39.8645716,-75.0795121,False,False,291.0,"(200, 197, 191)"
4303,New Jersey,40.8528777,-74.0420848,False,False,291.0,"(200, 197, 191)"
4304,New Jersey,40.719443,-74.568951,False,False,291.0,"(200, 197, 191)"
4305,New Jersey,40.6738664,-74.52366529999999,False,False,291.0,"(200, 197, 191)"
4306,New Jersey,39.7856381,-75.0407477,False,False,291.0,"(200, 197, 191)"
4307,New Jersey,40.9052101,-74.4106608,False,False,291.0,"(200, 197, 191)"
4308,New Jersey,40.907676,-74.41398,False,False,291.0,"(200, 197, 191)"
4309,New Jersey,40.156508,-74.703791,False,False,291.0,"(200, 197, 191)"
4310,New Jersey,39.9583259,-74.6271798,False,False,291.0,"(200, 197, 191)"
4311,New Jersey,39.9428135,-74.5441342,False,False,291.0,"(200, 197, 191)"
4312,New Jersey,39.9968603,-74.7894047,False,False,291.0,"(200, 197, 191)"
4313,New Jersey,40.0794597,-74.8671528,False,False,291.0,"(200, 197, 191)"
4314,New Jersey,40.1162183,-74.7813146,False,False,291.0,"(200, 197, 191)"
4315,New Jersey,40.9661169,-74.717686,False,False,291.0,"(200, 197, 191)"
4316,New Jersey,39.9529334,-75.0766611,False,False,291.0,"(200, 197, 191)"
4317,New Jersey,39.0962201,-74.8124742,False,False,291.0,"(200, 197, 191)"
4318,New Jersey,38.9313914,-74.9243223,False,False,291.0,"(200, 197, 191)"
4319,New Jersey,38.9590014,-74.9648972,False,False,291.0,"(200, 197, 191)"
4320,New Jersey,38.9309518,-74.9168547,False,False,291.0,"(200, 197, 191)"
4321,New Jersey,38.9314681,-74.92238540000001,False,False,291.0,"(200, 197, 191)"
4322,New Jersey,38.9320497,-74.9200645,False,False,291.0,"(200, 197, 191)"
4323,New Jersey,38.9319528,-74.91608430000001,False,False,291.0,"(200, 197, 191)"
4324,New Jersey,,,False,False,291.0,"(200, 197, 191)"
4325,New Jersey,38.935557,-74.91868099999999,False,False,291.0,"(200, 197, 191)"
4326,New Jersey,38.931221,-74.922788,False,False,291.0,"(200, 197, 191)"
4327,New Jersey,38.9364011,-74.9188339,False,False,291.0,"(200, 197, 191)"
4328,New Jersey,38.9330131,-74.9215308,False,False,291.0,"(200, 197, 191)"
4329,New Jersey,38.9315764,-74.9556184,False,False,291.0,"(200, 197, 191)"
4330,New Jersey,39.32968049999999,-75.149039,False,False,291.0,"(200, 197, 191)"
4331,New Jersey,39.3596632,-75.22493399999999,False,False,291.0,"(200, 197, 191)"
4332,New Jersey,40.7870139,-74.68990149999999,False,False,291.0,"(200, 197, 191)"
4333,New Jersey,40.0036401,-74.9818081,False,False,291.0,"(200, 197, 191)"
4334,New Jersey,39.9702286,-75.0063483,False,False,291.0,"(200, 197, 191)"
4335,New Jersey,40.6361664,-74.9127852,False,False,291.0,"(200, 197, 191)"
4336,New Jersey,40.1289504,-74.7064433,False,False,291.0,"(200, 197, 191)"
4337,New Jersey,40.6590527,-74.32101639999999,False,False,291.0,"(200, 197, 191)"
4338,New Jersey,,,False,False,291.0,"(200, 197, 191)"
4339,New Jersey,40.0202305,-74.95267299999999,False,False,291.0,"(200, 197, 191)"
4340,New Jersey,,,False,False,291.0,"(200, 197, 191)"
4341,New Jersey,40.8951347,-74.4650991,False,False,291.0,"(200, 197, 191)"
4342,New Jersey,39.7966298,-75.22273419999999,False,False,291.0,"(200, 197, 191)"
4343,New Jersey,39.9207654,-74.8543834,False,False,291.0,"(200, 197, 191)"
4344,New Jersey,40.808331,-74.3649229,False,False,291.0,"(200, 197, 191)"
4345,New Jersey,40.8383674,-74.1025267,False,False,291.0,"(200, 197, 191)"
4346,New Jersey,40.8103282,-73.9894082,False,False,291.0,"(200, 197, 191)"
4347,New Jersey,40.5257992,-74.4171337,False,False,291.0,"(200, 197, 191)"
4348,New Jersey,40.500421,-74.396064,False,False,291.0,"(200, 197, 191)"
4349,New Jersey,40.59489680000001,-74.3797829,False,False,291.0,"(200, 197, 191)"
4350,New Jersey,40.6585683,-74.21421819999999,False,False,291.0,"(200, 197, 191)"
4351,New Jersey,40.7713195,-74.2568651,False,False,291.0,"(200, 197, 191)"
4352,New Jersey,,,False,False,291.0,"(200, 197, 191)"
4353,New Jersey,38.0475755,-122.1604795,False,False,291.0,"(200, 197, 191)"
4354,New Jersey,39.985959,-74.57824699999999,False,False,291.0,"(200, 197, 191)"
4355,New Jersey,39.985959,-74.57824699999999,False,False,291.0,"(200, 197, 191)"
4356,New Jersey,40.0546297,-74.7263847,False,False,291.0,"(200, 197, 191)"
4357,New Jersey,,,False,False,291.0,"(200, 197, 191)"
4358,New Jersey,,,False,False,291.0,"(200, 197, 191)"
4359,New Jersey,39.59499750000001,-75.08323899999999,False,False,291.0,"(200, 197, 191)"
4360,New Jersey,39.7098595,-75.1189478,False,False,291.0,"(200, 197, 191)"
4361,New Jersey,39.7098595,-75.1189478,False,False,291.0,"(200, 197, 191)"
4362,New Jersey,39.7098595,-75.1189478,False,False,291.0,"(200, 197, 191)"
4363,New Jersey,39.8375852,-75.0607191,False,False,291.0,"(200, 197, 191)"
4364,New Jersey,39.8659466,-75.1787901,False,False,291.0,"(200, 197, 191)"
4365,New Jersey,39.7645358,-74.9753782,False,False,291.0,"(200, 197, 191)"
4366,New Jersey,40.6880206,-74.2283673,False,False,291.0,"(200, 197, 191)"
4367,New Jersey,40.2174924,-74.7184135,False,False,291.0,"(200, 197, 191)"
4368,New Jersey,40.8430977,-74.8296946,False,False,291.0,"(200, 197, 191)"
4369,New Jersey,40.8442139,-74.8207381,False,False,291.0,"(200, 197, 191)"
4370,New Jersey,,,False,False,291.0,"(200, 197, 191)"
4371,New Jersey,40.7398551,-74.02997599999999,False,False,291.0,"(200, 197, 191)"
4372,New Jersey,40.912799,-74.922874,False,False,291.0,"(200, 197, 191)"
4373,New Jersey,,,False,False,291.0,"(200, 197, 191)"
4374,New Jersey,40.1602263,-74.1324377,False,False,291.0,"(200, 197, 191)"
4375,New Jersey,40.1690022,-74.2379224,False,False,291.0,"(200, 197, 191)"
4376,New Jersey,40.181287,-74.260392,False,False,291.0,"(200, 197, 191)"
4377,New Jersey,40.098956,-74.271199,False,False,291.0,"(200, 197, 191)"
4378,New Jersey,40.8486448,-74.0973698,False,False,291.0,"(200, 197, 191)"
4379,New Jersey,40.6979339,-74.0619789,False,False,291.0,"(200, 197, 191)"
4380,New Jersey,40.724476,-74.078932,False,False,291.0,"(200, 197, 191)"
4381,New Jersey,40.72705879999999,-74.0384239,False,False,291.0,"(200, 197, 191)"
4382,New Jersey,,,False,False,291.0,"(200, 197, 191)"
4383,New Jersey,40.0905064,-74.1901894,False,False,291.0,"(200, 197, 191)"
4384,New Jersey,40.3627232,-74.9435732,False,False,291.0,"(200, 197, 191)"
4385,New Jersey,40.3679336,-74.940775,False,False,291.0,"(200, 197, 191)"
4386,New Jersey,39.5267595,-74.9409171,False,False,291.0,"(200, 197, 191)"
4387,New Jersey,,,False,False,291.0,"(200, 197, 191)"
4388,New Jersey,,,False,False,291.0,"(200, 197, 191)"
4389,New Jersey,,,False,False,291.0,"(200, 197, 191)"
4390,New Jersey,40.76056699999999,-74.4269765,False,False,291.0,"(200, 197, 191)"
4391,New Jersey,40.76056699999999,-74.4269765,False,False,291.0,"(200, 197, 191)"
4392,New Jersey,40.76056699999999,-74.4269765,False,False,291.0,"(200, 197, 191)"
4393,New Jersey,40.7761931,-74.4321199,False,False,291.0,"(200, 197, 191)"
4394,New Jersey,40.7761931,-74.4321199,False,False,291.0,"(200, 197, 191)"
4395,New Jersey,39.9603799,-75.010003,False,False,291.0,"(200, 197, 191)"
4396,New Jersey,40.2971309,-74.2563557,False,False,291.0,"(200, 197, 191)"
4397,New Jersey,40.3432343,-74.2370076,False,False,291.0,"(200, 197, 191)"
4398,New Jersey,39.8997868,-74.9354525,False,False,291.0,"(200, 197, 191)"
4399,New Jersey,40.4241217,-74.2439768,False,False,291.0,"(200, 197, 191)"
4400,New Jersey,39.453672,-74.7319736,False,False,291.0,"(200, 197, 191)"
4401,New Jersey,39.4477541,-74.68724739999999,False,False,291.0,"(200, 197, 191)"
4402,New Jersey,40.3240786,-74.06176339999999,False,False,291.0,"(200, 197, 191)"
4403,New Jersey,40.5819645,-74.4576635,False,False,291.0,"(200, 197, 191)"
4404,New Jersey,,,False,False,291.0,"(200, 197, 191)"
4405,New Jersey,40.7783391,-74.4026061,False,False,291.0,"(200, 197, 191)"
4406,New Jersey,39.414925,-75.0625748,False,False,291.0,"(200, 197, 191)"
4407,New Jersey,41.0540854,-74.0492992,False,False,291.0,"(200, 197, 191)"
4408,New Jersey,40.8674879,-74.3440842,False,False,291.0,"(200, 197, 191)"
4409,New Jersey,40.7759334,-74.6007142,False,False,291.0,"(200, 197, 191)"
4410,New Jersey,40.7963853,-74.48180310000001,False,False,291.0,"(200, 197, 191)"
4411,New Jersey,40.7974921,-74.4832371,False,False,291.0,"(200, 197, 191)"
4412,New Jersey,40.7943124,-74.47669379999999,False,False,291.0,"(200, 197, 191)"
4413,New Jersey,39.9968603,-74.7894047,False,False,291.0,"(200, 197, 191)"
4414,New Jersey,40.9187215,-74.5362504,False,False,291.0,"(200, 197, 191)"
4415,New Jersey,39.9784,-74.8981265,False,False,291.0,"(200, 197, 191)"
4416,New Jersey,40.7648452,-74.5316807,False,False,291.0,"(200, 197, 191)"
4417,New Jersey,40.507095,-74.7290361,False,False,291.0,"(200, 197, 191)"
4418,New Jersey,40.7594562,-74.181168,False,False,291.0,"(200, 197, 191)"
4419,New Jersey,40.213983,-74.06343799999999,False,False,291.0,"(200, 197, 191)"
4420,New Jersey,40.8322225,-74.1582186,False,False,291.0,"(200, 197, 191)"
4421,New Jersey,40.8121193,-74.1834387,False,False,291.0,"(200, 197, 191)"
4422,New Jersey,,,False,False,291.0,"(200, 197, 191)"
4423,New Jersey,39.9006469,-75.0752966,False,False,291.0,"(200, 197, 191)"
4424,New Jersey,40.4173639,-74.30942859999999,False,False,291.0,"(200, 197, 191)"
4425,New Jersey,40.886268,-74.4268283,False,False,291.0,"(200, 197, 191)"
4426,New Jersey,40.859037,-74.4600995,False,False,291.0,"(200, 197, 191)"
4427,New Jersey,,,False,False,291.0,"(200, 197, 191)"
4428,New Jersey,40.9125928,-74.1769693,False,False,291.0,"(200, 197, 191)"
4429,New Jersey,40.9238718,-74.1482261,False,False,291.0,"(200, 197, 191)"
4430,New Jersey,39.9923773,-74.6861902,False,False,291.0,"(200, 197, 191)"
4431,New Jersey,40.3285623,-74.79087190000001,False,False,291.0,"(200, 197, 191)"
4432,New Jersey,40.5247117,-74.2773521,False,False,291.0,"(200, 197, 191)"
4433,New Jersey,40.503501,-74.269178,False,False,291.0,"(200, 197, 191)"
4434,New Jersey,40.5249039,-74.2742219,False,False,291.0,"(200, 197, 191)"
4435,New Jersey,,,False,False,291.0,"(200, 197, 191)"
4436,New Jersey,39.9395448,-74.1666357,False,False,291.0,"(200, 197, 191)"
4437,New Jersey,39.5254486,-75.16761799999999,False,False,291.0,"(200, 197, 191)"
4438,New Jersey,41.9219162,-87.6530082,False,False,291.0,"(200, 197, 191)"
4439,New Jersey,40.4392432,-74.0927597,False,False,291.0,"(200, 197, 191)"
4440,New Jersey,39.5155637,-75.3721532,False,False,291.0,"(200, 197, 191)"
4441,New Jersey,40.568867,-74.62908999999999,False,False,291.0,"(200, 197, 191)"
4442,New Jersey,39.5001213,-74.8746527,False,False,291.0,"(200, 197, 191)"
4443,New Jersey,41.1389661,-74.2553089,False,False,291.0,"(200, 197, 191)"
4444,New Jersey,41.1389661,-74.2553089,False,False,291.0,"(200, 197, 191)"
4445,New Jersey,40.9935761,-74.0108704,False,False,291.0,"(200, 197, 191)"
4446,New Jersey,,,False,False,291.0,"(200, 197, 191)"
4447,New Jersey,40.04029999999999,-74.9588,False,False,291.0,"(200, 197, 191)"
4448,New Jersey,40.3661481,-74.9443254,False,False,291.0,"(200, 197, 191)"
4449,New Jersey,40.602649,-74.395297,False,False,291.0,"(200, 197, 191)"
4450,New Jersey,40.5696565,-74.6220815,False,False,291.0,"(200, 197, 191)"
4451,New Jersey,40.5696565,-74.6220815,False,False,291.0,"(200, 197, 191)"
4452,New Jersey,39.402308,-74.3720845,False,False,291.0,"(200, 197, 191)"
4453,New Jersey,39.1917917,-74.8211906,False,False,291.0,"(200, 197, 191)"
4454,New Jersey,41.0307514,-74.6373472,False,False,291.0,"(200, 197, 191)"
4455,New Jersey,39.7434488,-75.307326,False,False,291.0,"(200, 197, 191)"
4456,New Jersey,39.837759,-74.7086321,False,False,291.0,"(200, 197, 191)"
4457,New Jersey,39.9890155,-74.18307879999999,False,False,291.0,"(200, 197, 191)"
4458,New Jersey,40.9040717,-74.2066813,False,False,291.0,"(200, 197, 191)"
4459,New Jersey,40.9040717,-74.2066813,False,False,291.0,"(200, 197, 191)"
4460,New Jersey,40.8866344,-74.2651668,False,False,291.0,"(200, 197, 191)"
4461,New Jersey,40.9047034,-74.2126955,False,False,291.0,"(200, 197, 191)"
4462,New Jersey,42.503514,-83.36692099999999,True,False,291.0,"(200, 197, 191)"
4463,New Jersey,40.69522,-74.27844,False,False,291.0,"(200, 197, 191)"
4464,New Jersey,40.678071,-74.2342865,False,False,291.0,"(200, 197, 191)"
4465,New Jersey,40.678071,-74.2342865,False,False,291.0,"(200, 197, 191)"
4466,New Jersey,40.678071,-74.2342865,False,False,291.0,"(200, 197, 191)"
4467,New Jersey,40.678071,-74.2342865,False,False,291.0,"(200, 197, 191)"
4468,New Jersey,40.8518541,-74.23406489999999,False,False,291.0,"(200, 197, 191)"
4469,New Jersey,40.7472597,-74.52256210000002,False,False,291.0,"(200, 197, 191)"
4470,New Jersey,40.8518541,-74.23406489999999,False,False,291.0,"(200, 197, 191)"
4471,New Jersey,40.618783,-74.495057,False,False,291.0,"(200, 197, 191)"
4472,New Jersey,40.7354596,-74.99463519999999,False,False,291.0,"(200, 197, 191)"
4473,New Jersey,40.9623429,-74.2441369,False,False,291.0,"(200, 197, 191)"
4474,New Jersey,40.9156697,-74.2330759,False,False,291.0,"(200, 197, 191)"
4475,New Jersey,40.2804557,-74.0058114,False,False,291.0,"(200, 197, 191)"
4476,New Jersey,41.1104037,-74.4320853,False,False,291.0,"(200, 197, 191)"
4477,New Jersey,41.1311292,-74.3673254,False,False,291.0,"(200, 197, 191)"
4478,New Jersey,40.7916783,-74.0162723,False,False,291.0,"(200, 197, 191)"
4479,New Jersey,39.8756294,-75.1299725,False,False,291.0,"(200, 197, 191)"
4480,New Jersey,40.906951,-74.572002,False,False,291.0,"(200, 197, 191)"
4481,New Jersey,39.8326162,-75.1600551,False,False,291.0,"(200, 197, 191)"
4482,New Jersey,,,False,False,291.0,"(200, 197, 191)"
4483,New Jersey,,,False,False,291.0,"(200, 197, 191)"
4484,Washington DC,38.8899389,-77.0090505,False,False,,
4485,Washington DC,38.8899389,-77.0090505,False,False,,
4486,Washington DC,38.8899389,-77.0090505,False,False,,
4487,Washington DC,38.8661266,-77.014524,False,False,,
4488,Washington DC,38.900519,-77.03694999999999,False,False,,
4489,Washington DC,38.912869,-76.986875,False,False,,
4490,Washington DC,38.912869,-76.986875,False,False,,
4491,Washington DC,38.9097057,-77.06535650000001,False,False,,
4492,Washington DC,38.8441371,-76.9916557,False,False,,
4493,Washington DC,38.9273457,-77.0056073,False,False,,
4494,Washington DC,38.8976763,-77.0365298,False,False,,
4495,Washington DC,38.8976763,-77.0365298,False,False,,
4496,Washington DC,38.8976763,-77.0365298,False,False,,
4497,Washington DC,38.8976763,-77.0365298,False,False,,
4498,Washington DC,38.8976763,-77.0365298,False,False,,
4499,Washington DC,38.8976763,-77.0365298,False,False,,
4500,North Dakota,46.4448541,-96.7194154,False,False,223.0,"(211, 161, 164)"
4501,North Dakota,,,False,False,223.0,"(211, 161, 164)"
4502,North Dakota,46.4826789,-103.3211637,False,False,223.0,"(211, 161, 164)"
4503,North Dakota,47.8908538,-100.1357734,False,False,223.0,"(211, 161, 164)"
4504,North Dakota,48.8069997,-99.7858678,False,False,223.0,"(211, 161, 164)"
4505,North Dakota,46.8073722,-100.6512074,False,False,223.0,"(211, 161, 164)"
4506,North Dakota,46.3951509,-100.5880684,False,False,223.0,"(211, 161, 164)"
4507,North Dakota,46.88924129999999,-102.8208541,False,False,223.0,"(211, 161, 164)"
4508,North Dakota,46.9009617,-102.7924956,False,False,223.0,"(211, 161, 164)"
4509,North Dakota,46.8891318,-102.8208291,False,False,223.0,"(211, 161, 164)"
4510,North Dakota,48.145016,-103.6297705,False,False,223.0,"(211, 161, 164)"
4511,North Dakota,48.8130569,-100.0609678,False,False,223.0,"(211, 161, 164)"
4512,North Dakota,43.4064077,-85.0360572,True,False,223.0,"(211, 161, 164)"
4513,North Dakota,46.8694303,-96.8512276,False,False,223.0,"(211, 161, 164)"
4514,North Dakota,46.88098120000001,-96.7851388,False,False,223.0,"(211, 161, 164)"
4515,North Dakota,46.8977528,-96.8024367,False,False,223.0,"(211, 161, 164)"
4516,North Dakota,46.8977528,-96.8024367,False,False,223.0,"(211, 161, 164)"
4517,North Dakota,46.8755599,-96.7904648,False,False,223.0,"(211, 161, 164)"
4518,North Dakota,46.8464332,-96.7857616,False,False,223.0,"(211, 161, 164)"
4519,North Dakota,46.79842550000001,-96.8174722,False,False,223.0,"(211, 161, 164)"
4520,North Dakota,46.9242672,-96.7767513,False,False,223.0,"(211, 161, 164)"
4521,North Dakota,46.9126693,-96.7965076,False,False,223.0,"(211, 161, 164)"
4522,North Dakota,,,False,False,223.0,"(211, 161, 164)"
4523,North Dakota,46.0935297,-100.6779504,False,False,223.0,"(211, 161, 164)"
4524,North Dakota,46.0940039,-100.6300842,False,False,223.0,"(211, 161, 164)"
4525,North Dakota,,,False,False,223.0,"(211, 161, 164)"
4526,North Dakota,46.0934974,-100.6791423,False,False,223.0,"(211, 161, 164)"
4527,North Dakota,48.4070419,-97.4243894,False,False,223.0,"(211, 161, 164)"
4528,North Dakota,47.9107295,-97.0691871,False,False,223.0,"(211, 161, 164)"
4529,North Dakota,47.9266452,-97.0823005,False,False,223.0,"(211, 161, 164)"
4530,North Dakota,47.924731,-97.05018400000002,False,False,223.0,"(211, 161, 164)"
4531,North Dakota,47.922891,-97.0768014,False,False,223.0,"(211, 161, 164)"
4532,North Dakota,47.922891,-97.0768014,False,False,223.0,"(211, 161, 164)"
4533,North Dakota,47.6471874,-101.3895577,False,False,223.0,"(211, 161, 164)"
4534,North Dakota,47.7681901,-99.9355056,False,False,223.0,"(211, 161, 164)"
4535,North Dakota,46.7637806,-96.9051099,False,False,223.0,"(211, 161, 164)"
4536,North Dakota,46.9105837,-98.7185226,False,False,223.0,"(211, 161, 164)"
4537,North Dakota,46.9149378,-98.6974232,False,False,223.0,"(211, 161, 164)"
4538,North Dakota,46.9130276,-98.6984362,False,False,223.0,"(211, 161, 164)"
4539,North Dakota,47.5961241,-102.7615785,False,False,223.0,"(211, 161, 164)"
4540,North Dakota,,,False,False,223.0,"(211, 161, 164)"
4541,North Dakota,46.7660582,-100.8478347,False,False,223.0,"(211, 161, 164)"
4542,North Dakota,46.7995782,-100.8295509,False,False,223.0,"(211, 161, 164)"
4543,North Dakota,,,False,False,223.0,"(211, 161, 164)"
4544,North Dakota,47.7274311,-102.6757778,False,False,223.0,"(211, 161, 164)"
4545,North Dakota,46.912462,-103.534789,False,False,223.0,"(211, 161, 164)"
4546,North Dakota,,,False,False,223.0,"(211, 161, 164)"
4547,North Dakota,46.9148621,-103.523939,False,False,223.0,"(211, 161, 164)"
4548,North Dakota,47.9801031,-102.4844434,False,False,223.0,"(211, 161, 164)"
4549,North Dakota,28.638721,77.181596,False,False,223.0,"(211, 161, 164)"
4550,North Dakota,46.3885338,-100.7922528,False,False,223.0,"(211, 161, 164)"
4551,North Dakota,46.0934974,-100.6791423,False,False,223.0,"(211, 161, 164)"
4552,North Dakota,47.2652175,-101.7804817,False,False,223.0,"(211, 161, 164)"
4553,North Dakota,46.9270331,-98.0039381,False,False,223.0,"(211, 161, 164)"
4554,North Dakota,46.867588,-96.880953,False,False,223.0,"(211, 161, 164)"
4555,North Dakota,46.867588,-96.880953,False,False,223.0,"(211, 161, 164)"
4556,North Dakota,48.147497,-103.6200242,False,False,223.0,"(211, 161, 164)"
4557,North Dakota,,,False,False,223.0,"(211, 161, 164)"
4558,Wyoming,41.3113669,-105.5911007,False,False,384.0,"(169, 203, 198)"
4559,Wyoming,41.3113669,-105.5911007,False,False,384.0,"(169, 203, 198)"
4560,Wyoming,41.3113669,-105.5911007,False,False,384.0,"(169, 203, 198)"
4561,Wyoming,41.3113669,-105.5911007,False,False,384.0,"(169, 203, 198)"
4562,Wyoming,42.9720248,-108.4792374,False,False,384.0,"(169, 203, 198)"
4563,Wyoming,41.1877344,-104.3535134,False,False,384.0,"(169, 203, 198)"
4564,Wyoming,44.8760749,-108.4644083,False,False,384.0,"(169, 203, 198)"
4565,Wyoming,41.8955212,-106.2047385,False,False,384.0,"(169, 203, 198)"
4566,Wyoming,39.936619,-85.853202,False,False,384.0,"(169, 203, 198)"
4567,Wyoming,42.841008,-106.3299554,False,False,384.0,"(169, 203, 198)"
4568,Wyoming,42.5445577,-83.2157292,True,False,384.0,"(169, 203, 198)"
4569,Wyoming,41.1323859,-104.8156857,False,False,384.0,"(169, 203, 198)"
4570,Wyoming,41.1502998,-104.8293516,False,False,384.0,"(169, 203, 198)"
4571,Wyoming,41.14346219999999,-104.8561791,False,False,384.0,"(169, 203, 198)"
4572,Wyoming,,,False,False,384.0,"(169, 203, 198)"
4573,Wyoming,41.133345,-104.814518,False,False,384.0,"(169, 203, 198)"
4574,Wyoming,41.1359745,-104.8164133,False,False,384.0,"(169, 203, 198)"
4575,Wyoming,44.5124403,-109.1261671,False,False,384.0,"(169, 203, 198)"
4576,Wyoming,44.5162615,-109.0854836,False,False,384.0,"(169, 203, 198)"
4577,Wyoming,44.5258181,-109.0643557,True,False,384.0,"(169, 203, 198)"
4578,Wyoming,,,False,False,384.0,"(169, 203, 198)"
4579,Wyoming,43.0265473,-108.7766911,False,False,384.0,"(169, 203, 198)"
4580,Wyoming,,,False,False,384.0,"(169, 203, 198)"
4581,Wyoming,43.0254328,-108.7711991,False,False,384.0,"(169, 203, 198)"
4582,Wyoming,41.254436,-110.974291,False,False,384.0,"(169, 203, 198)"
4583,Wyoming,41.2637952,-110.9481806,False,False,384.0,"(169, 203, 198)"
4584,Wyoming,41.3026869,-110.3856189,False,False,384.0,"(169, 203, 198)"
4585,Wyoming,41.318473,-110.388601,False,False,384.0,"(169, 203, 198)"
4586,Wyoming,42.2036873,-104.5560183,False,False,384.0,"(169, 203, 198)"
4587,Wyoming,43.636672,-108.2252126,False,False,384.0,"(169, 203, 198)"
4588,Wyoming,,,False,False,384.0,"(169, 203, 198)"
4589,Wyoming,41.529796,-109.464512,False,False,384.0,"(169, 203, 198)"
4590,Wyoming,41.797455,-110.54011,False,False,384.0,"(169, 203, 198)"
4591,Wyoming,41.309363,-105.587556,False,False,384.0,"(169, 203, 198)"
4592,Wyoming,41.3111566,-105.6099886,False,False,384.0,"(169, 203, 198)"
4593,Wyoming,41.3147013,-105.5798719,False,False,384.0,"(169, 203, 198)"
4594,Wyoming,41.3148754,-105.5665744,False,False,384.0,"(169, 203, 198)"
4595,Wyoming,44.8374532,-108.3895614,False,False,384.0,"(169, 203, 198)"
4596,Wyoming,44.2827394,-105.4217362,True,False,384.0,"(169, 203, 198)"
4597,Wyoming,44.8377923,-108.390103,False,False,384.0,"(169, 203, 198)"
4598,Wyoming,42.7557925,-104.4522169,False,False,384.0,"(169, 203, 198)"
4599,Wyoming,42.7587364,-104.4516098,False,False,384.0,"(169, 203, 198)"
4600,Wyoming,41.8959824,-106.200375,False,False,384.0,"(169, 203, 198)"
4601,Wyoming,40.612291,-89.453645,False,False,384.0,"(169, 203, 198)"
4602,Wyoming,44.1571766,-108.8715193,False,False,384.0,"(169, 203, 198)"
4603,Wyoming,44.7614863,-108.7623575,True,False,384.0,"(169, 203, 198)"
4604,Wyoming,44.7614863,-108.7623575,True,False,384.0,"(169, 203, 198)"
4605,Wyoming,44.6703925,-108.9413738,False,False,384.0,"(169, 203, 198)"
4606,Wyoming,41.791349,-107.243246,False,False,384.0,"(169, 203, 198)"
4607,Wyoming,41.7926146,-107.2425625,False,False,384.0,"(169, 203, 198)"
4608,Wyoming,41.8022643,-107.2328978,False,False,384.0,"(169, 203, 198)"
4609,Wyoming,41.8026955,-107.2267776,False,False,384.0,"(169, 203, 198)"
4610,Wyoming,43.025,-108.387152,False,False,384.0,"(169, 203, 198)"
4611,Wyoming,43.024852,-108.405082,False,False,384.0,"(169, 203, 198)"
4612,Wyoming,43.0344835,-108.4178533,False,False,384.0,"(169, 203, 198)"
4613,Wyoming,48.1967621,-114.3120669,False,False,384.0,"(169, 203, 198)"
4614,Wyoming,42.9838485,-108.4164941,False,False,384.0,"(169, 203, 198)"
4615,Wyoming,42.9835848,-108.4188979,False,False,384.0,"(169, 203, 198)"
4616,Wyoming,41.5917234,-109.252822,False,False,384.0,"(169, 203, 198)"
4617,Wyoming,44.8064768,-106.9539187,False,False,384.0,"(169, 203, 198)"
4618,Wyoming,44.8013764,-106.9662128,False,False,384.0,"(169, 203, 198)"
4619,Wyoming,44.78668880000001,-106.9651652,False,False,384.0,"(169, 203, 198)"
4620,Wyoming,44.8064768,-106.9539187,False,False,384.0,"(169, 203, 198)"
4621,Wyoming,42.9835848,-108.4188979,False,False,384.0,"(169, 203, 198)"
4622,Wyoming,41.529796,-109.464512,False,False,384.0,"(169, 203, 198)"
4623,Wyoming,43.6475348,-108.2083993,False,False,384.0,"(169, 203, 198)"
4624,Wyoming,43.6465675,-108.2139945,False,False,384.0,"(169, 203, 198)"
4625,Wyoming,43.6472579,-108.2072015,False,False,384.0,"(169, 203, 198)"
4626,Wyoming,43.6444987,-108.2119142,False,False,384.0,"(169, 203, 198)"
4627,Wyoming,43.64117539999999,-108.2278024,False,False,384.0,"(169, 203, 198)"
4628,Wyoming,42.0715662,-104.1930072,False,False,384.0,"(169, 203, 198)"
4629,Wyoming,44.0971193,-104.6186341,False,False,384.0,"(169, 203, 198)"
4630,Wyoming,43.2832906,-108.8340103,False,False,384.0,"(169, 203, 198)"
4631,Wyoming,42.99971370000001,-108.8554808,False,False,384.0,"(169, 203, 198)"
4632,Wyoming,42.9864834,-108.4198677,False,False,384.0,"(169, 203, 198)"
4633,Wyoming,44.4599231,-110.8312135,False,False,384.0,"(169, 203, 198)"
4634,North Carolina,35.12088,-79.41378499999999,False,False,315.0,"(198, 206, 200)"
4635,Kentucky,38.940081,-84.393204,False,False,293.0,"(206, 198, 193)"
4636,North Carolina,35.5187727,-78.74331219999999,False,False,315.0,"(198, 206, 200)"
4637,North Carolina,35.3808267,-82.4118666,False,False,315.0,"(198, 206, 200)"
4638,North Carolina,35.5405665,-82.5523204,False,False,315.0,"(198, 206, 200)"
4639,North Carolina,35.5977813,-82.55320929999999,False,False,315.0,"(198, 206, 200)"
4640,North Carolina,35.6193959,-82.6263124,False,False,315.0,"(198, 206, 200)"
4641,North Carolina,35.620178,-82.542868,False,False,315.0,"(198, 206, 200)"
4642,North Carolina,35.5954703,-82.53812789999999,False,False,315.0,"(198, 206, 200)"
4643,North Carolina,35.488059,-82.558104,False,False,315.0,"(198, 206, 200)"
4644,North Carolina,35.4668883,-82.5136381,False,False,315.0,"(198, 206, 200)"
4645,North Carolina,35.5955297,-82.55493609999999,False,False,315.0,"(198, 206, 200)"
4646,North Carolina,35.5642357,-82.5394027,False,False,315.0,"(198, 206, 200)"
4647,North Carolina,35.5489888,-82.53075919999999,False,False,315.0,"(198, 206, 200)"
4648,North Carolina,34.69714039999999,-76.67866939999999,False,False,315.0,"(198, 206, 200)"
4649,North Carolina,36.1617964,-81.87537449999999,False,False,315.0,"(198, 206, 200)"
4650,North Carolina,34.7171727,-76.6650988,False,False,315.0,"(198, 206, 200)"
4651,North Carolina,35.4662432,-81.4992565,False,False,315.0,"(198, 206, 200)"
4652,North Carolina,35.302229,-78.322304,False,False,315.0,"(198, 206, 200)"
4653,North Carolina,35.341511,-81.322966,False,False,315.0,"(198, 206, 200)"
4654,North Carolina,36.1186699,-81.6604406,True,False,315.0,"(198, 206, 200)"
4655,North Carolina,36.2134842,-81.6841448,False,False,315.0,"(198, 206, 200)"
4656,North Carolina,36.2210475,-81.6564135,False,False,315.0,"(198, 206, 200)"
4657,North Carolina,36.0843344,-80.2943919,False,False,315.0,"(198, 206, 200)"
4658,North Carolina,35.9159628,-81.74593689999999,False,False,315.0,"(198, 206, 200)"
4659,North Carolina,34.2562805,-78.0447143,False,False,315.0,"(198, 206, 200)"
4660,North Carolina,33.9186404,-78.0153844,False,False,315.0,"(198, 206, 200)"
4661,North Carolina,36.0888363,-79.4543032,False,False,315.0,"(198, 206, 200)"
4662,North Carolina,35.399308,-80.4358963,False,False,315.0,"(198, 206, 200)"
4663,North Carolina,34.6709809,-77.3578802,False,False,315.0,"(198, 206, 200)"
4664,North Carolina,35.2807592,-81.79793049999999,False,False,315.0,"(198, 206, 200)"
4665,North Carolina,,,False,False,315.0,"(198, 206, 200)"
4666,North Carolina,,,False,False,315.0,"(198, 206, 200)"
4667,North Carolina,36.24930459999999,-79.1908499,False,False,315.0,"(198, 206, 200)"
4668,North Carolina,36.2602527,-76.38195639999999,True,False,315.0,"(198, 206, 200)"
4669,Kentucky,37.2814161,-83.98505229999999,False,False,293.0,"(206, 198, 193)"
4670,Kentucky,38.4801198,-82.6428131,False,False,293.0,"(206, 198, 193)"
4671,Kentucky,38.448116,-82.7121203,False,False,293.0,"(206, 198, 193)"
4672,Kentucky,36.8700703,-83.88928140000002,False,False,293.0,"(206, 198, 193)"
4673,Kentucky,36.8700703,-83.88928140000002,False,False,293.0,"(206, 198, 193)"
4674,Kentucky,36.8551851,-83.9199174,False,False,293.0,"(206, 198, 193)"
4675,Kentucky,37.8311411,-85.42752019999999,False,False,293.0,"(206, 198, 193)"
4676,Kentucky,37.8089123,-85.4679219,False,False,293.0,"(206, 198, 193)"
4677,Kentucky,37.8086059,-85.46662429999999,False,False,293.0,"(206, 198, 193)"
4678,Kentucky,37.80902140000001,-85.46750829999999,False,False,293.0,"(206, 198, 193)"
4679,Kentucky,36.6506396,-83.62130289999999,False,False,293.0,"(206, 198, 193)"
4680,Kentucky,38.5091289,-82.6927449,False,False,293.0,"(206, 198, 193)"
4681,Kentucky,,,False,False,293.0,"(206, 198, 193)"
4682,Kentucky,37.5695232,-84.2932355,False,False,293.0,"(206, 198, 193)"
4683,Kentucky,,,False,False,293.0,"(206, 198, 193)"
4684,Kentucky,37.9162708,-85.31588350000001,False,False,293.0,"(206, 198, 193)"
4685,Kentucky,37.4764535,-83.66520969999999,False,False,293.0,"(206, 198, 193)"
4686,Kentucky,36.9483141,-86.42739420000001,False,False,293.0,"(206, 198, 193)"
4687,Kentucky,37.1355456,-86.3506465,False,False,293.0,"(206, 198, 193)"
4688,Kentucky,36.9853543,-86.456138,False,False,293.0,"(206, 198, 193)"
4689,Kentucky,36.9853543,-86.456138,False,False,293.0,"(206, 198, 193)"
4690,Kentucky,36.9853543,-86.456138,False,False,293.0,"(206, 198, 193)"
4691,Kentucky,36.9853543,-86.456138,False,False,293.0,"(206, 198, 193)"
4692,Kentucky,36.9853543,-86.456138,False,False,293.0,"(206, 198, 193)"
4693,Kentucky,36.9853543,-86.456138,False,False,293.0,"(206, 198, 193)"
4694,Kentucky,36.9853543,-86.456138,False,False,293.0,"(206, 198, 193)"
4695,Kentucky,36.9853543,-86.456138,False,False,293.0,"(206, 198, 193)"
4696,Kentucky,36.9853543,-86.456138,False,False,293.0,"(206, 198, 193)"
4697,Kentucky,37.650351,-84.9516234,False,False,293.0,"(206, 198, 193)"
4698,Kentucky,,,False,False,293.0,"(206, 198, 193)"
4699,Kentucky,,,False,False,293.0,"(206, 198, 193)"
4700,North Carolina,35.9049122,-79.0469134,False,False,315.0,"(198, 206, 200)"
4701,North Carolina,35.2268495,-80.8421901,False,False,315.0,"(198, 206, 200)"
4702,North Carolina,35.3524488,-80.9180086,False,False,315.0,"(198, 206, 200)"
4703,North Carolina,35.228964,-80.83994,False,False,315.0,"(198, 206, 200)"
4704,North Carolina,35.1505123,-80.7414651,False,False,315.0,"(198, 206, 200)"
4705,North Carolina,35.2570475,-80.8565467,False,False,315.0,"(198, 206, 200)"
4706,North Carolina,35.1885164,-80.83279,False,False,315.0,"(198, 206, 200)"
4707,North Carolina,35.1885164,-80.83279,False,False,315.0,"(198, 206, 200)"
4708,North Carolina,35.1885164,-80.83279,False,False,315.0,"(198, 206, 200)"
4709,North Carolina,,,False,False,315.0,"(198, 206, 200)"
4710,North Carolina,35.5733191,-80.60927459999999,False,False,315.0,"(198, 206, 200)"
4711,North Carolina,,,False,False,315.0,"(198, 206, 200)"
4712,North Carolina,,,False,False,315.0,"(198, 206, 200)"
4713,North Carolina,35.4210639,-80.5528964,False,False,315.0,"(198, 206, 200)"
4714,North Carolina,35.3089224,-83.18437809999999,False,False,315.0,"(198, 206, 200)"
4715,North Carolina,35.2942139,-80.571494,False,False,315.0,"(198, 206, 200)"
4716,North Carolina,35.4094257,-80.58263219999999,False,False,315.0,"(198, 206, 200)"
4717,North Carolina,35.4105508,-80.5843745,False,False,315.0,"(198, 206, 200)"
4718,North Carolina,35.4464301,-80.6179398,False,False,315.0,"(198, 206, 200)"
4719,North Carolina,35.8183377,-77.4581751,False,False,315.0,"(198, 206, 200)"
4720,North Carolina,35.7891485,-76.4036278,False,False,315.0,"(198, 206, 200)"
4721,Kentucky,37.4942356,-85.1488483,False,False,293.0,"(206, 198, 193)"
4722,Kentucky,,,False,False,293.0,"(206, 198, 193)"
4723,Kentucky,,,False,False,293.0,"(206, 198, 193)"
4724,Kentucky,37.9939031,-86.1730453,False,False,293.0,"(206, 198, 193)"
4725,Kentucky,37.9939031,-86.1730453,False,False,293.0,"(206, 198, 193)"
4726,Kentucky,37.9939031,-86.1730453,False,False,293.0,"(206, 198, 193)"
4727,Kentucky,,,False,False,293.0,"(206, 198, 193)"
4728,Kentucky,37.7491841,-83.07121269999999,False,False,293.0,"(206, 198, 193)"
4729,Kentucky,,,False,False,293.0,"(206, 198, 193)"
4730,Kentucky,36.74168239999999,-88.2955145,False,False,293.0,"(206, 198, 193)"
4731,Kentucky,37.3430956,-85.3494324,False,False,293.0,"(206, 198, 193)"
4732,Kentucky,37.3503093,-85.3750464,False,False,293.0,"(206, 198, 193)"
4733,Kentucky,,,False,False,293.0,"(206, 198, 193)"
4734,Kentucky,37.3433974,-85.3419069,False,False,293.0,"(206, 198, 193)"
4735,Kentucky,,,False,False,293.0,"(206, 198, 193)"
4736,Kentucky,37.9311434,-85.65246909999999,False,False,293.0,"(206, 198, 193)"
4737,Kentucky,37.07918000000001,-88.674995,False,False,293.0,"(206, 198, 193)"
4738,Kentucky,36.8874928,-83.0637507,False,False,293.0,"(206, 198, 193)"
4739,Kentucky,37.1027852,-85.3015101,False,False,293.0,"(206, 198, 193)"
4740,Kentucky,37.2668554,-83.2152124,False,False,293.0,"(206, 198, 193)"
4741,Kentucky,,,False,False,293.0,"(206, 198, 193)"
4742,Kentucky,,,False,False,293.0,"(206, 198, 193)"
4743,Kentucky,36.923016,-84.1203026,False,False,293.0,"(206, 198, 193)"
4744,Kentucky,36.83866,-84.33861999999999,False,False,293.0,"(206, 198, 193)"
4745,Kentucky,36.9608502,-84.0977963,False,False,293.0,"(206, 198, 193)"
4746,Kentucky,39.0827166,-84.50951380000001,False,False,293.0,"(206, 198, 193)"
4747,Kentucky,38.7985359,-84.6057785,False,False,293.0,"(206, 198, 193)"
4748,Kentucky,36.96288,-82.951123,False,False,293.0,"(206, 198, 193)"
4749,Kentucky,36.9675949,-82.929598,False,False,293.0,"(206, 198, 193)"
4750,Kentucky,36.976866,-82.997427,False,False,293.0,"(206, 198, 193)"
4751,Kentucky,36.8389703,-84.3452147,False,False,293.0,"(206, 198, 193)"
4752,North Carolina,35.30949390000001,-83.18495449999999,False,False,315.0,"(198, 206, 200)"
4753,North Carolina,35.3089224,-83.18437809999999,False,False,315.0,"(198, 206, 200)"
4754,North Carolina,36.40674,-80.1338196,False,False,315.0,"(198, 206, 200)"
4755,North Carolina,35.6679164,-80.26699719999999,False,False,315.0,"(198, 206, 200)"
4756,North Carolina,35.6928815,-79.99839589999999,False,False,315.0,"(198, 206, 200)"
4757,North Carolina,35.429769,-83.44771399999999,False,False,315.0,"(198, 206, 200)"
4758,North Carolina,35.3732414,-78.6604407,False,False,315.0,"(198, 206, 200)"
4759,North Carolina,35.1621189,-78.734095,True,False,315.0,"(198, 206, 200)"
4760,North Carolina,36.0413728,-78.99061309999999,False,False,315.0,"(198, 206, 200)"
4761,North Carolina,,,False,False,315.0,"(198, 206, 200)"
4762,North Carolina,36.3918432,-79.7508072,False,False,315.0,"(198, 206, 200)"
4763,North Carolina,,,False,False,315.0,"(198, 206, 200)"
4764,North Carolina,36.1027527,-79.50235669999999,False,False,315.0,"(198, 206, 200)"
4765,North Carolina,35.251875,-77.033231,False,False,315.0,"(198, 206, 200)"
4766,North Carolina,35.0746327,-78.9271297,False,False,315.0,"(198, 206, 200)"
4767,North Carolina,35.1296003,-78.8671408,False,False,315.0,"(198, 206, 200)"
4768,North Carolina,35.0544108,-78.8833288,False,False,315.0,"(198, 206, 200)"
4769,North Carolina,35.0550748,-78.88477000000002,False,False,315.0,"(198, 206, 200)"
4770,North Carolina,,,False,False,315.0,"(198, 206, 200)"
4771,North Carolina,35.0549605,-78.8848033,False,False,315.0,"(198, 206, 200)"
4772,North Carolina,41.0775371,-83.621101,False,False,315.0,"(198, 206, 200)"
4773,North Carolina,35.1939392,-83.3632681,False,False,315.0,"(198, 206, 200)"
4774,North Carolina,35.701601,-78.64119,False,False,315.0,"(198, 206, 200)"
4775,North Carolina,35.2937124,-81.15120619999999,False,False,315.0,"(198, 206, 200)"
4776,North Carolina,35.24735769999999,-81.28219709999999,False,False,315.0,"(198, 206, 200)"
4777,North Carolina,35.3062487,-81.1106324,False,False,315.0,"(198, 206, 200)"
4778,North Carolina,35.5129693,-80.343718,False,False,315.0,"(198, 206, 200)"
4779,North Carolina,36.0917988,-79.88873989999999,False,False,315.0,"(198, 206, 200)"
4780,North Carolina,36.1292883,-79.86039889999999,False,False,315.0,"(198, 206, 200)"
4781,North Carolina,36.3991165,-78.76441229999999,False,False,315.0,"(198, 206, 200)"
4782,Kentucky,38.3915249,-84.2978605,False,False,293.0,"(206, 198, 193)"
4783,Kentucky,37.2491822,-87.6727533,False,False,293.0,"(206, 198, 193)"
4784,Kentucky,,,False,False,293.0,"(206, 198, 193)"
4785,Kentucky,37.2089877,-87.7378451,False,False,293.0,"(206, 198, 193)"
4786,Kentucky,37.3063894,-87.70523229999999,False,False,293.0,"(206, 198, 193)"
4787,Kentucky,37.397961,-87.82680599999999,False,False,293.0,"(206, 198, 193)"
4788,Kentucky,37.0405307,-87.007475,False,False,293.0,"(206, 198, 193)"
4789,Kentucky,,,False,False,293.0,"(206, 198, 193)"
4790,Kentucky,37.0487997,-88.07782379999999,False,False,293.0,"(206, 198, 193)"
4791,Kentucky,37.0938064,-88.080756,False,False,293.0,"(206, 198, 193)"
4792,Kentucky,,,False,False,293.0,"(206, 198, 193)"
4793,Kentucky,37.7014844,-85.9949086,False,False,293.0,"(206, 198, 193)"
4794,Kentucky,38.04110740000001,-85.5523956,False,False,293.0,"(206, 198, 193)"
4795,Kentucky,37.0269308,-82.7946279,False,False,293.0,"(206, 198, 193)"
4796,Kentucky,38.9853065,-84.5831728,False,False,293.0,"(206, 198, 193)"
4797,Kentucky,,,False,False,293.0,"(206, 198, 193)"
4798,Kentucky,36.857726,-83.1688781,False,False,293.0,"(206, 198, 193)"
4799,Kentucky,36.8663027,-83.19327960000001,False,False,293.0,"(206, 198, 193)"
4800,Kentucky,36.8615715,-83.28181119999999,False,False,293.0,"(206, 198, 193)"
4801,Kentucky,36.8636661,-83.1918441,False,False,293.0,"(206, 198, 193)"
4802,Kentucky,36.863537,-83.19580669999999,False,False,293.0,"(206, 198, 193)"
4803,Kentucky,37.4017416,-82.2441767,False,False,293.0,"(206, 198, 193)"
4804,North Carolina,34.9220333,-78.9046006,False,False,315.0,"(198, 206, 200)"
4805,North Carolina,34.8951949,-76.9084204,False,False,315.0,"(198, 206, 200)"
4806,North Carolina,34.72295,-77.358437,False,False,315.0,"(198, 206, 200)"
4807,North Carolina,34.8951949,-76.9084204,False,False,315.0,"(198, 206, 200)"
4808,North Carolina,34.883318,-76.9062,False,False,315.0,"(198, 206, 200)"
4809,North Carolina,,,False,False,315.0,"(198, 206, 200)"
4810,North Carolina,35.6996272,-81.30474459999999,False,False,315.0,"(198, 206, 200)"
4811,North Carolina,35.4246008,-77.5881818,True,False,315.0,"(198, 206, 200)"
4812,North Carolina,35.380527,-80.88512659999999,False,False,315.0,"(198, 206, 200)"
4813,North Carolina,35.3551368,-83.195284,False,False,315.0,"(198, 206, 200)"
4814,North Carolina,34.6883529,-77.453704,False,False,315.0,"(198, 206, 200)"
4815,North Carolina,34.7324922,-77.4533769,False,False,315.0,"(198, 206, 200)"
4816,North Carolina,34.7428568,-77.41450119999999,False,False,315.0,"(198, 206, 200)"
4817,North Carolina,34.751447,-77.42625699999999,False,False,315.0,"(198, 206, 200)"
4818,North Carolina,32.7373872,-96.6454357,False,False,315.0,"(198, 206, 200)"
4819,North Carolina,35.4727152,-80.63279349999999,False,False,315.0,"(198, 206, 200)"
4820,North Carolina,35.1347206,-81.3681792,False,False,315.0,"(198, 206, 200)"
4821,North Carolina,35.24735769999999,-81.28219709999999,False,False,315.0,"(198, 206, 200)"
4822,North Carolina,35.2759485,-81.4038071,False,False,315.0,"(198, 206, 200)"
4823,North Carolina,35.2947409,-77.5741212,False,False,315.0,"(198, 206, 200)"
4824,North Carolina,33.9716424,-77.9177488,False,False,315.0,"(198, 206, 200)"
4825,North Carolina,35.546499,-80.61489499999999,False,False,315.0,"(198, 206, 200)"
4826,North Carolina,35.546499,-80.61489499999999,False,False,315.0,"(198, 206, 200)"
4827,North Carolina,,,False,False,315.0,"(198, 206, 200)"
4828,North Carolina,34.7432249,-79.511252,False,False,315.0,"(198, 206, 200)"
4829,North Carolina,36.0074263,-81.5262573,False,False,315.0,"(198, 206, 200)"
4830,North Carolina,35.9383872,-81.5216774,False,False,315.0,"(198, 206, 200)"
4831,North Carolina,35.9095112,-81.535745,False,False,315.0,"(198, 206, 200)"
4832,North Carolina,35.8213323,-81.45240059999999,False,False,315.0,"(198, 206, 200)"
4833,Kentucky,38.1919879,-85.4881559,False,False,293.0,"(206, 198, 193)"
4834,Kentucky,38.4263363,-83.736364,False,False,293.0,"(206, 198, 193)"
4835,Kentucky,38.8834429,-84.7474044,False,False,293.0,"(206, 198, 193)"
4836,Kentucky,38.987994,-84.659072,False,False,293.0,"(206, 198, 193)"
4837,Kentucky,37.6656527,-82.7715486,False,False,293.0,"(206, 198, 193)"
4838,Kentucky,37.4450997,-82.8051601,False,False,293.0,"(206, 198, 193)"
4839,Kentucky,,,False,False,293.0,"(206, 198, 193)"
4840,Kentucky,39.0641997,-84.4400428,False,False,293.0,"(206, 198, 193)"
4841,Kentucky,39.0839642,-84.44975629999999,False,False,293.0,"(206, 198, 193)"
4842,Kentucky,38.7901862,-84.17308829999999,False,False,293.0,"(206, 198, 193)"
4843,Kentucky,38.199828,-84.88120099999999,False,False,293.0,"(206, 198, 193)"
4844,Kentucky,,,False,False,293.0,"(206, 198, 193)"
4845,Kentucky,38.186775,-84.875221,False,False,293.0,"(206, 198, 193)"
4846,Kentucky,36.8072489,-86.5575349,False,False,293.0,"(206, 198, 193)"
4847,Kentucky,38.0220263,-83.6251899,False,False,293.0,"(206, 198, 193)"
4848,Kentucky,37.8777447,-83.61904249999999,False,False,293.0,"(206, 198, 193)"
4849,Kentucky,37.0551418,-85.8516779,False,False,293.0,"(206, 198, 193)"
4850,Kentucky,,,False,False,293.0,"(206, 198, 193)"
4851,Kentucky,,,False,False,293.0,"(206, 198, 193)"
4852,Kentucky,37.5456132,-86.1535813,False,False,293.0,"(206, 198, 193)"
4853,Kentucky,,,False,False,293.0,"(206, 198, 193)"
4854,Kentucky,37.2611948,-85.50308,False,False,293.0,"(206, 198, 193)"
4855,Kentucky,37.2623,-85.5012,False,False,293.0,"(206, 198, 193)"
4856,Kentucky,37.47771960000001,-82.5152858,False,False,293.0,"(206, 198, 193)"
4857,Kentucky,37.301648,-83.1357819,False,False,293.0,"(206, 198, 193)"
4858,Kentucky,37.5906593,-82.2263293,False,False,293.0,"(206, 198, 193)"
4859,Kentucky,36.7611953,-83.3452097,False,False,293.0,"(206, 198, 193)"
4860,Kentucky,36.8086043,-83.2982825,False,False,293.0,"(206, 198, 193)"
4861,Kentucky,36.9039463,-83.0689781,False,False,293.0,"(206, 198, 193)"
4862,Kentucky,36.8097308,-83.3177652,False,False,293.0,"(206, 198, 193)"
4863,Kentucky,36.9487023,-83.1821171,False,False,293.0,"(206, 198, 193)"
4864,Kentucky,,,False,False,293.0,"(206, 198, 193)"
4865,North Carolina,,,False,False,315.0,"(198, 206, 200)"
4866,North Carolina,35.473745,-81.2545251,False,False,315.0,"(198, 206, 200)"
4867,North Carolina,35.9495715,-81.9267782,False,False,315.0,"(198, 206, 200)"
4868,North Carolina,36.1051132,-78.2977139,False,False,315.0,"(198, 206, 200)"
4869,North Carolina,36.1051132,-78.2977139,False,False,315.0,"(198, 206, 200)"
4870,North Carolina,36.1051132,-78.2977139,False,False,315.0,"(198, 206, 200)"
4871,North Carolina,36.1051132,-78.2977139,False,False,315.0,"(198, 206, 200)"
4872,North Carolina,34.6363869,-79.0044619,False,False,315.0,"(198, 206, 200)"
4873,North Carolina,35.5779039,-81.214193,False,False,315.0,"(198, 206, 200)"
4874,North Carolina,35.6934499,-82.07168329999999,False,False,315.0,"(198, 206, 200)"
4875,North Carolina,35.8546039,-77.0555114,False,False,315.0,"(198, 206, 200)"
4876,North Carolina,,,False,False,315.0,"(198, 206, 200)"
4877,North Carolina,35.3676705,-80.5575932,False,False,315.0,"(198, 206, 200)"
4878,North Carolina,,,False,False,315.0,"(198, 206, 200)"
4879,North Carolina,35.5827448,-80.8776445,False,False,315.0,"(198, 206, 200)"
4880,North Carolina,35.7307531,-81.6744542,False,False,315.0,"(198, 206, 200)"
4881,North Carolina,35.7296832,-81.69119239999999,False,False,315.0,"(198, 206, 200)"
4882,North Carolina,35.7296832,-81.69119239999999,False,False,315.0,"(198, 206, 200)"
4883,North Carolina,,,False,False,315.0,"(198, 206, 200)"
4884,North Carolina,35.7141988,-81.6780157,False,False,315.0,"(198, 206, 200)"
4885,North Carolina,36.53839,-80.6197036,False,False,315.0,"(198, 206, 200)"
4886,North Carolina,,,False,False,315.0,"(198, 206, 200)"
4887,Kentucky,36.8311984,-83.416853,False,False,293.0,"(206, 198, 193)"
4888,Kentucky,36.843131,-83.321835,False,False,293.0,"(206, 198, 193)"
4889,Kentucky,,,False,False,293.0,"(206, 198, 193)"
4890,Kentucky,37.7776597,-84.84558899999999,False,False,293.0,"(206, 198, 193)"
4891,Kentucky,37.81674599999999,-84.7406048,False,False,293.0,"(206, 198, 193)"
4892,Kentucky,37.7556422,-84.84815929999999,False,False,293.0,"(206, 198, 193)"
4893,Kentucky,37.7107008,-82.35450449999999,False,False,293.0,"(206, 198, 193)"
4894,Kentucky,39.0685159,-84.7066475,False,False,293.0,"(206, 198, 193)"
4895,Kentucky,,,False,False,293.0,"(206, 198, 193)"
4896,Kentucky,37.3890219,-82.7303821,False,False,293.0,"(206, 198, 193)"
4897,Kentucky,36.7231335,-88.828302,False,False,293.0,"(206, 198, 193)"
4898,Kentucky,39.0318034,-84.4643828,False,False,293.0,"(206, 198, 193)"
4899,Kentucky,37.6552967,-82.78379079999999,False,False,293.0,"(206, 198, 193)"
4900,Kentucky,37.5767889,-85.7415261,False,False,293.0,"(206, 198, 193)"
4901,Kentucky,,,False,False,293.0,"(206, 198, 193)"
4902,Kentucky,,,False,False,293.0,"(206, 198, 193)"
4903,Kentucky,36.8747418,-87.48002819999999,False,False,293.0,"(206, 198, 193)"
4904,Kentucky,36.83866,-84.33861999999999,False,False,293.0,"(206, 198, 193)"
4905,Kentucky,37.12704799999999,-83.364289,False,False,293.0,"(206, 198, 193)"
4906,Kentucky,,,False,False,293.0,"(206, 198, 193)"
4907,Kentucky,,,False,False,293.0,"(206, 198, 193)"
4908,Kentucky,37.5035924,-83.4559354,False,False,293.0,"(206, 198, 193)"
4909,Kentucky,37.5671147,-83.3825616,False,False,293.0,"(206, 198, 193)"
4910,Kentucky,,,False,False,293.0,"(206, 198, 193)"
4911,Kentucky,,,False,False,293.0,"(206, 198, 193)"
4912,Kentucky,,,False,False,293.0,"(206, 198, 193)"
4913,Kentucky,37.5531185,-83.379565,False,False,293.0,"(206, 198, 193)"
4914,Kentucky,37.5544252,-83.3816511,False,False,293.0,"(206, 198, 193)"
4915,North Carolina,35.8143875,-79.5789796,False,False,315.0,"(198, 206, 200)"
4916,North Carolina,32.8019521,-79.8914392,False,False,315.0,"(198, 206, 200)"
4917,North Carolina,36.4354563,-77.09697589999999,False,False,315.0,"(198, 206, 200)"
4918,North Carolina,36.4354563,-77.09697589999999,False,False,315.0,"(198, 206, 200)"
4919,North Carolina,36.4354563,-77.09697589999999,False,False,315.0,"(198, 206, 200)"
4920,North Carolina,36.4354563,-77.09697589999999,False,False,315.0,"(198, 206, 200)"
4921,North Carolina,35.1081982,-77.04228119999999,False,False,315.0,"(198, 206, 200)"
4922,North Carolina,35.6797646,-81.24329709999999,False,False,315.0,"(198, 206, 200)"
4923,North Carolina,36.1751732,-79.98663780000001,False,False,315.0,"(198, 206, 200)"
4924,North Carolina,36.1751732,-79.98663780000001,False,False,315.0,"(198, 206, 200)"
4925,North Carolina,33.8938794,-78.41078710000001,False,False,315.0,"(198, 206, 200)"
4926,North Carolina,35.0861054,-76.0333885,False,False,315.0,"(198, 206, 200)"
4927,North Carolina,35.2505373,-75.5288214,False,False,315.0,"(198, 206, 200)"
4928,North Carolina,36.2227579,-75.77162500000001,False,False,315.0,"(198, 206, 200)"
4929,North Carolina,,,False,False,315.0,"(198, 206, 200)"
4930,North Carolina,36.444585,-76.3278528,False,False,315.0,"(198, 206, 200)"
4931,North Carolina,35.5420996,-79.8938467,False,False,315.0,"(198, 206, 200)"
4932,North Carolina,,,False,False,315.0,"(198, 206, 200)"
4933,North Carolina,35.5847956,-79.48667739999999,False,False,315.0,"(198, 206, 200)"
4934,North Carolina,35.039685,-77.209002,False,False,315.0,"(198, 206, 200)"
4935,North Carolina,35.741436,-78.7481564,False,False,315.0,"(198, 206, 200)"
4936,North Carolina,35.77875,-78.642928,False,False,315.0,"(198, 206, 200)"
4937,North Carolina,35.860701,-78.58021289999999,False,False,315.0,"(198, 206, 200)"
4938,North Carolina,35.865662,-78.6033424,False,False,315.0,"(198, 206, 200)"
4939,North Carolina,35.7846633,-78.6820946,False,False,315.0,"(198, 206, 200)"
4940,North Carolina,35.7846633,-78.6820946,False,False,315.0,"(198, 206, 200)"
4941,North Carolina,36.3284259,-79.680506,False,False,315.0,"(198, 206, 200)"
4942,North Carolina,36.3856259,-79.7353431,False,False,315.0,"(198, 206, 200)"
4943,North Carolina,35.40835870000001,-83.71921619999999,False,False,315.0,"(198, 206, 200)"
4944,Kentucky,37.8806341,-84.5729961,False,False,293.0,"(206, 198, 193)"
4945,Kentucky,37.3411499,-82.866912,False,False,293.0,"(206, 198, 193)"
4946,Kentucky,36.8664765,-83.8888138,False,False,293.0,"(206, 198, 193)"
4947,Kentucky,,,False,False,293.0,"(206, 198, 193)"
4948,Kentucky,39.0042739,-84.65038779999999,False,False,293.0,"(206, 198, 193)"
4949,Kentucky,38.1795289,-82.871276,False,False,293.0,"(206, 198, 193)"
4950,Kentucky,38.2291269,-85.7635359,False,False,293.0,"(206, 198, 193)"
4951,Kentucky,37.6251278,-85.17304779999999,False,False,293.0,"(206, 198, 193)"
4952,Kentucky,37.1800256,-82.93439699999999,False,False,293.0,"(206, 198, 193)"
4953,Kentucky,37.1789823,-83.30212279999999,False,False,293.0,"(206, 198, 193)"
4954,Kentucky,37.8927414,-88.81939729999999,True,False,293.0,"(206, 198, 193)"
4955,Kentucky,38.0348791,-84.52500409999999,False,False,293.0,"(206, 198, 193)"
4956,Kentucky,,,False,False,293.0,"(206, 198, 193)"
4957,Kentucky,38.0501872,-84.4964171,False,False,293.0,"(206, 198, 193)"
4958,Kentucky,38.0740314,-84.53812390000002,False,False,293.0,"(206, 198, 193)"
4959,Kentucky,38.06074,-84.510421,False,False,293.0,"(206, 198, 193)"
4960,Kentucky,38.0553259,-84.4760331,False,False,293.0,"(206, 198, 193)"
4961,Kentucky,38.0918056,-84.4850671,False,False,293.0,"(206, 198, 193)"
4962,Kentucky,38.053147,-84.4936508,False,False,293.0,"(206, 198, 193)"
4963,Kentucky,38.053147,-84.4936508,False,False,293.0,"(206, 198, 193)"
4964,Kentucky,38.0306511,-84.5039697,False,False,293.0,"(206, 198, 193)"
4965,Kentucky,37.3645955,-84.982547,False,False,293.0,"(206, 198, 193)"
4966,Kentucky,37.1742235,-84.1282957,False,False,293.0,"(206, 198, 193)"
4967,Kentucky,37.1378615,-84.0654143,False,False,293.0,"(206, 198, 193)"
4968,Kentucky,37.1250294,-84.0884492,False,False,293.0,"(206, 198, 193)"
4969,Kentucky,38.2454009,-85.7148228,False,False,293.0,"(206, 198, 193)"
4970,Kentucky,38.2718652,-85.5577636,False,False,293.0,"(206, 198, 193)"
4971,North Carolina,37.09024,-95.712891,False,False,315.0,"(198, 206, 200)"
4972,North Carolina,36.3374039,-78.9831098,False,False,315.0,"(198, 206, 200)"
4973,North Carolina,36.2412873,-80.2919294,False,False,315.0,"(198, 206, 200)"
4974,North Carolina,35.4212267,-81.97570739999999,True,False,315.0,"(198, 206, 200)"
4975,North Carolina,35.3697013,-81.9578274,True,False,315.0,"(198, 206, 200)"
4976,North Carolina,35.361565,-81.965896,True,False,315.0,"(198, 206, 200)"
4977,North Carolina,35.1725939,-78.587642,True,False,315.0,"(198, 206, 200)"
4978,North Carolina,35.4714152,-79.3469732,False,False,315.0,"(198, 206, 200)"
4979,North Carolina,36.2649925,-80.51207649999999,False,False,315.0,"(198, 206, 200)"
4980,North Carolina,35.5847956,-79.48667739999999,False,False,315.0,"(198, 206, 200)"
4981,North Carolina,35.4477221,-77.6825783,True,False,315.0,"(198, 206, 200)"
4982,North Carolina,36.4017862,-76.2734413,False,False,315.0,"(198, 206, 200)"
4983,North Carolina,36.5064972,-81.12037,False,False,315.0,"(198, 206, 200)"
4984,North Carolina,34.8147005,-78.9768508,False,False,315.0,"(198, 206, 200)"
4985,North Carolina,,,False,False,315.0,"(198, 206, 200)"
4986,North Carolina,35.7662565,-80.91591849999999,False,False,315.0,"(198, 206, 200)"
4987,North Carolina,35.8185099,-80.82907139999999,False,False,315.0,"(198, 206, 200)"
4988,North Carolina,36.2806939,-80.3592197,False,False,315.0,"(198, 206, 200)"
4989,North Carolina,35.611133,-82.442286,False,False,315.0,"(198, 206, 200)"
4990,North Carolina,35.374876,-83.23625109999999,False,False,315.0,"(198, 206, 200)"
4991,North Carolina,,,False,False,315.0,"(198, 206, 200)"
4992,North Carolina,35.58301429999999,-80.2450923,False,False,315.0,"(198, 206, 200)"
4993,North Carolina,,,False,False,315.0,"(198, 206, 200)"
4994,North Carolina,36.0424935,-80.107699,False,False,315.0,"(198, 206, 200)"
4995,North Carolina,34.8980923,-80.1144444,False,False,315.0,"(198, 206, 200)"
4996,North Carolina,,,False,False,315.0,"(198, 206, 200)"
4997,North Carolina,35.4942765,-82.9805119,False,False,315.0,"(198, 206, 200)"
4998,North Carolina,35.7805019,-78.3396325,False,False,315.0,"(198, 206, 200)"
4999,Kentucky,38.2448023,-85.7276852,False,False,293.0,"(206, 198, 193)"
5000,Kentucky,38.2448023,-85.7276852,False,False,293.0,"(206, 198, 193)"
5001,Kentucky,38.25937,-85.606948,False,False,293.0,"(206, 198, 193)"
5002,Kentucky,38.2494973,-85.64455269999999,False,False,293.0,"(206, 198, 193)"
5003,Kentucky,38.2454009,-85.7148228,False,False,293.0,"(206, 198, 193)"
5004,Kentucky,,,False,False,293.0,"(206, 198, 193)"
5005,Kentucky,,,False,False,293.0,"(206, 198, 193)"
5006,Kentucky,38.2469009,-85.7281703,False,False,293.0,"(206, 198, 193)"
5007,Kentucky,38.2413149,-85.7472244,False,False,293.0,"(206, 198, 193)"
5008,Kentucky,38.2453487,-85.53884889999999,False,False,293.0,"(206, 198, 193)"
5009,Kentucky,38.2445513,-85.7280933,False,False,293.0,"(206, 198, 193)"
5010,Kentucky,38.2704843,-85.78432629999999,False,False,293.0,"(206, 198, 193)"
5011,Kentucky,38.21093700000001,-85.667316,True,False,293.0,"(206, 198, 193)"
5012,Kentucky,38.2385407,-85.7536466,False,False,293.0,"(206, 198, 193)"
5013,Kentucky,38.141374,-85.670495,True,False,293.0,"(206, 198, 193)"
5014,Kentucky,38.2552615,-85.7548662,False,False,293.0,"(206, 198, 193)"
5015,Kentucky,38.2176546,-85.7608973,True,False,293.0,"(206, 198, 193)"
5016,Kentucky,38.3524686,-85.54791759999999,False,False,293.0,"(206, 198, 193)"
5017,Kentucky,38.2513473,-85.71897039999999,False,False,293.0,"(206, 198, 193)"
5018,Kentucky,38.1966268,-85.5233233,False,False,293.0,"(206, 198, 193)"
5019,Kentucky,38.3524686,-85.54791759999999,False,False,293.0,"(206, 198, 193)"
5020,Kentucky,38.2509281,-85.7582595,False,False,293.0,"(206, 198, 193)"
5021,Kentucky,38.1302387,-85.8411866,True,False,293.0,"(206, 198, 193)"
5022,Kentucky,36.7330785,-84.1546919,False,False,293.0,"(206, 198, 193)"
5023,Kentucky,37.0938064,-88.080756,False,False,293.0,"(206, 198, 193)"
5024,Kentucky,37.2978619,-87.4795376,False,False,293.0,"(206, 198, 193)"
5025,Kentucky,37.3188588,-88.0311397,False,False,293.0,"(206, 198, 193)"
5026,Kentucky,37.3692571,-88.0679244,False,False,293.0,"(206, 198, 193)"
5027,Kentucky,37.559278,-82.725117,False,False,293.0,"(206, 198, 193)"
5028,Kentucky,37.550276,-82.7277165,False,False,293.0,"(206, 198, 193)"
5029,North Carolina,34.2229839,-78.718271,False,False,315.0,"(198, 206, 200)"
5030,North Carolina,34.2020629,-78.7063879,False,False,315.0,"(198, 206, 200)"
5031,North Carolina,36.1406192,-81.14876919999999,False,False,315.0,"(198, 206, 200)"
5032,North Carolina,39.39447029999999,-84.41042960000001,False,False,315.0,"(198, 206, 200)"
5033,North Carolina,,,False,False,315.0,"(198, 206, 200)"
5034,North Carolina,34.236141,-77.94299199999999,False,False,315.0,"(198, 206, 200)"
5035,North Carolina,,,False,False,315.0,"(198, 206, 200)"
5036,North Carolina,35.6588,-78.0538907,False,False,315.0,"(198, 206, 200)"
5037,North Carolina,35.759949,-77.935531,False,False,315.0,"(198, 206, 200)"
5038,North Carolina,34.9869013,-80.44449709999999,False,False,315.0,"(198, 206, 200)"
5039,North Carolina,36.09985959999999,-80.244216,False,False,315.0,"(198, 206, 200)"
5040,North Carolina,36.09985959999999,-80.244216,False,False,315.0,"(198, 206, 200)"
5041,North Carolina,36.09985959999999,-80.244216,False,False,315.0,"(198, 206, 200)"
5042,North Carolina,36.09985959999999,-80.244216,False,False,315.0,"(198, 206, 200)"
5043,North Carolina,36.09985959999999,-80.244216,False,False,315.0,"(198, 206, 200)"
5044,North Carolina,36.09985959999999,-80.244216,False,False,315.0,"(198, 206, 200)"
5045,North Carolina,36.09985959999999,-80.244216,False,False,315.0,"(198, 206, 200)"
5046,North Carolina,36.0871178,-80.2404828,False,False,315.0,"(198, 206, 200)"
5047,Kentucky,36.7512594,-88.63499,False,False,293.0,"(206, 198, 193)"
5048,Kentucky,38.6458318,-83.7664854,False,False,293.0,"(206, 198, 193)"
5049,Kentucky,38.648843,-83.7671778,False,False,293.0,"(206, 198, 193)"
5050,Kentucky,37.0833893,-88.6000478,False,False,293.0,"(206, 198, 193)"
5051,Kentucky,36.7469123,-84.47504479999999,False,False,293.0,"(206, 198, 193)"
5052,Kentucky,38.1328124,-83.5739598,False,False,293.0,"(206, 198, 193)"
5053,Kentucky,36.6111862,-83.7166984,False,False,293.0,"(206, 198, 193)"
5054,Kentucky,38.1261936,-83.4110164,False,False,293.0,"(206, 198, 193)"
5055,Kentucky,38.1790049,-83.4398317,False,False,293.0,"(206, 198, 193)"
5056,Kentucky,38.1888804,-83.4311778,False,False,293.0,"(206, 198, 193)"
5057,Kentucky,38.1888804,-83.4311778,False,False,293.0,"(206, 198, 193)"
5058,Kentucky,38.1888804,-83.4311778,False,False,293.0,"(206, 198, 193)"
5059,Kentucky,38.1888804,-83.4311778,False,False,293.0,"(206, 198, 193)"
5060,Kentucky,38.1876839,-83.4292921,False,False,293.0,"(206, 198, 193)"
5061,Kentucky,37.9996853,-83.27207589999999,False,False,293.0,"(206, 198, 193)"
5062,Kentucky,37.6897316,-87.8775907,False,False,293.0,"(206, 198, 193)"
5063,Kentucky,37.1980774,-86.6538636,False,False,293.0,"(206, 198, 193)"
5064,Kentucky,,,False,False,293.0,"(206, 198, 193)"
5065,Kentucky,38.0469758,-83.93975259999999,False,False,293.0,"(206, 198, 193)"
5066,Kentucky,38.0572195,-83.9620418,False,False,293.0,"(206, 198, 193)"
5067,Kentucky,37.0867105,-87.0894418,False,False,293.0,"(206, 198, 193)"
5068,Kentucky,37.259685,-85.88148369999999,False,False,293.0,"(206, 198, 193)"
5069,Kentucky,37.3341549,-85.962738,False,False,293.0,"(206, 198, 193)"
5070,Kentucky,36.6820863,-88.4535578,False,False,293.0,"(206, 198, 193)"
5071,Kentucky,36.6683544,-88.3311884,False,False,293.0,"(206, 198, 193)"
5072,Kentucky,36.6163842,-88.3214979,False,False,293.0,"(206, 198, 193)"
5073,Kentucky,36.6163842,-88.3214979,False,False,293.0,"(206, 198, 193)"
5074,Kentucky,36.6163842,-88.3214979,False,False,293.0,"(206, 198, 193)"
5075,Kentucky,36.6163842,-88.3214979,False,False,293.0,"(206, 198, 193)"
5076,Kentucky,,,False,False,293.0,"(206, 198, 193)"
5077,Kentucky,38.4344404,-83.9915098,False,False,293.0,"(206, 198, 193)"
5078,Kentucky,37.886622,-84.61579329999999,False,False,293.0,"(206, 198, 193)"
5079,Kentucky,,,False,False,293.0,"(206, 198, 193)"
5080,Kentucky,38.3764688,-83.1935112,False,False,293.0,"(206, 198, 193)"
5081,Kentucky,,,False,False,293.0,"(206, 198, 193)"
5082,Kentucky,38.2954346,-83.18784570000001,False,False,293.0,"(206, 198, 193)"
5083,Kentucky,37.7952399,-87.1834378,False,False,293.0,"(206, 198, 193)"
5084,Kentucky,,,False,False,293.0,"(206, 198, 193)"
5085,Kentucky,37.775823,-87.095417,False,False,293.0,"(206, 198, 193)"
5086,Kentucky,37.7559529,-87.1121167,False,False,293.0,"(206, 198, 193)"
5087,Kentucky,37.633925,-86.70906599999999,False,False,293.0,"(206, 198, 193)"
5088,Kentucky,37.7794163,-87.0636157,False,False,293.0,"(206, 198, 193)"
5089,Kentucky,37.7683669,-87.1045171,False,False,293.0,"(206, 198, 193)"
5090,Kentucky,,,False,False,293.0,"(206, 198, 193)"
5091,Kentucky,37.7460883,-87.13412199999999,False,False,293.0,"(206, 198, 193)"
5092,Kentucky,37.7576613,-87.1122657,False,False,293.0,"(206, 198, 193)"
5093,Kentucky,37.7757,-87.109477,False,False,293.0,"(206, 198, 193)"
5094,Kentucky,37.771655,-87.114639,False,False,293.0,"(206, 198, 193)"
5095,Kentucky,37.6836697,-86.8688372,False,False,293.0,"(206, 198, 193)"
5096,Kentucky,38.5468166,-84.9992479,False,False,293.0,"(206, 198, 193)"
5097,Kentucky,37.4761991,-83.6749145,False,False,293.0,"(206, 198, 193)"
5098,Kentucky,37.0623316,-88.6192095,False,False,293.0,"(206, 198, 193)"
5099,Kentucky,37.0379114,-88.6623493,False,False,293.0,"(206, 198, 193)"
5100,Kentucky,37.0862431,-88.6220215,False,False,293.0,"(206, 198, 193)"
5101,Kentucky,37.0668915,-88.6368396,False,False,293.0,"(206, 198, 193)"
5102,Kentucky,37.0171543,-88.5356245,False,False,293.0,"(206, 198, 193)"
5103,Kentucky,37.050801,-88.6528785,False,False,293.0,"(206, 198, 193)"
5104,Kentucky,37.8145384,-82.8071054,False,False,293.0,"(206, 198, 193)"
5105,Kentucky,37.8129034,-82.7807867,False,False,293.0,"(206, 198, 193)"
5106,Kentucky,37.8160845,-82.8071928,False,False,293.0,"(206, 198, 193)"
5107,Kentucky,37.8160845,-82.8071928,False,False,293.0,"(206, 198, 193)"
5108,Kentucky,37.8359834,-82.86458209999999,False,False,293.0,"(206, 198, 193)"
5109,Kentucky,37.815396,-82.8065386,False,False,293.0,"(206, 198, 193)"
5110,Kentucky,37.8144221,-82.8126825,False,False,293.0,"(206, 198, 193)"
5111,Kentucky,38.324554,-84.2031804,False,False,293.0,"(206, 198, 193)"
5112,Kentucky,38.2211289,-84.2381509,False,False,293.0,"(206, 198, 193)"
5113,Kentucky,37.1869978,-86.100528,False,False,293.0,"(206, 198, 193)"
5114,Kentucky,,,False,False,293.0,"(206, 198, 193)"
5115,Kentucky,37.13477779999999,-86.0705373,False,False,293.0,"(206, 198, 193)"
5116,Kentucky,37.0051826,-82.9004223,False,False,293.0,"(206, 198, 193)"
5117,Kentucky,36.77908,-87.3547009,False,False,293.0,"(206, 198, 193)"
5118,Kentucky,,,False,False,293.0,"(206, 198, 193)"
5119,Kentucky,37.24954,-83.1932284,False,False,293.0,"(206, 198, 193)"
5120,Kentucky,37.24954,-83.1932284,False,False,293.0,"(206, 198, 193)"
5121,Kentucky,37.24954,-83.1932284,False,False,293.0,"(206, 198, 193)"
5122,Kentucky,37.24954,-83.1932284,False,False,293.0,"(206, 198, 193)"
5123,Kentucky,37.24954,-83.1932284,False,False,293.0,"(206, 198, 193)"
5124,Kentucky,37.24954,-83.1932284,False,False,293.0,"(206, 198, 193)"
5125,Kentucky,37.24954,-83.1932284,False,False,293.0,"(206, 198, 193)"
5126,Kentucky,37.24954,-83.1932284,False,False,293.0,"(206, 198, 193)"
5127,Kentucky,37.24954,-83.1932284,False,False,293.0,"(206, 198, 193)"
5128,Kentucky,37.3137,-83.20859999999999,False,False,293.0,"(206, 198, 193)"
5129,Kentucky,37.1290041,-83.068685,False,False,293.0,"(206, 198, 193)"
5130,Kentucky,37.24954,-83.1932284,False,False,293.0,"(206, 198, 193)"
5131,Kentucky,,,False,False,293.0,"(206, 198, 193)"
5132,Kentucky,37.7239641,-84.8630084,False,False,293.0,"(206, 198, 193)"
5133,Kentucky,,,False,False,293.0,"(206, 198, 193)"
5134,Kentucky,37.566784,-82.4815545,False,False,293.0,"(206, 198, 193)"
5135,Kentucky,37.4791788,-82.5209983,False,False,293.0,"(206, 198, 193)"
5136,Kentucky,36.6492206,-84.4077741,False,False,293.0,"(206, 198, 193)"
5137,Kentucky,36.7631394,-83.6983152,False,False,293.0,"(206, 198, 193)"
5138,Kentucky,37.3359167,-82.8735944,False,False,293.0,"(206, 198, 193)"
5139,Kentucky,37.3359167,-82.8735944,False,False,293.0,"(206, 198, 193)"
5140,Kentucky,37.3359167,-82.8735944,False,False,293.0,"(206, 198, 193)"
5141,Kentucky,36.7591689,-85.4116751,False,False,293.0,"(206, 198, 193)"
5142,Kentucky,37.6692948,-82.7433856,False,False,293.0,"(206, 198, 193)"
5143,Kentucky,37.6681159,-82.7717237,False,False,293.0,"(206, 198, 193)"
5144,Kentucky,37.5999369,-82.82381360000001,False,False,293.0,"(206, 198, 193)"
5145,Kentucky,,,False,False,293.0,"(206, 198, 193)"
5146,Kentucky,37.6382581,-82.700757,False,False,293.0,"(206, 198, 193)"
5147,Kentucky,37.6769448,-82.780048,False,False,293.0,"(206, 198, 193)"
5148,Kentucky,37.6422402,-82.67437319999999,False,False,293.0,"(206, 198, 193)"
5149,Kentucky,,,False,False,293.0,"(206, 198, 193)"
5150,Kentucky,37.3994856,-87.7615936,False,False,293.0,"(206, 198, 193)"
5151,Kentucky,38.54219459999999,-82.7333325,False,False,293.0,"(206, 198, 193)"
5152,Kentucky,37.8549404,-85.9391248,False,False,293.0,"(206, 198, 193)"
5153,Kentucky,,,False,False,293.0,"(206, 198, 193)"
5154,Kentucky,37.7353214,-84.298672,False,False,293.0,"(206, 198, 193)"
5155,Kentucky,37.767026,-84.235761,False,False,293.0,"(206, 198, 193)"
5156,Kentucky,37.7351902,-84.3045954,False,False,293.0,"(206, 198, 193)"
5157,Kentucky,37.7451934,-84.2952701,False,False,293.0,"(206, 198, 193)"
5158,Kentucky,37.74869090000001,-84.47326989999999,False,False,293.0,"(206, 198, 193)"
5159,Kentucky,37.7532406,-84.3082592,False,False,293.0,"(206, 198, 193)"
5160,Kentucky,37.8332101,-84.3526553,False,False,293.0,"(206, 198, 193)"
5161,Kentucky,37.7764974,-86.01120759999999,False,False,293.0,"(206, 198, 193)"
5162,Kentucky,37.2408856,-85.8941384,False,False,293.0,"(206, 198, 193)"
5163,Kentucky,,,False,False,293.0,"(206, 198, 193)"
5164,Kentucky,,,False,False,293.0,"(206, 198, 193)"
5165,Kentucky,38.1176683,-83.6679549,False,False,293.0,"(206, 198, 193)"
5166,Kentucky,37.7397219,-83.0714808,False,False,293.0,"(206, 198, 193)"
5167,Kentucky,36.7972613,-86.1382469,False,False,293.0,"(206, 198, 193)"
5168,Kentucky,,,False,False,293.0,"(206, 198, 193)"
5169,Kentucky,38.0324707,-85.6635319,False,False,293.0,"(206, 198, 193)"
5170,Kentucky,37.9997433,-85.6978869,False,False,293.0,"(206, 198, 193)"
5171,Kentucky,37.9932589,-85.7171829,False,False,293.0,"(206, 198, 193)"
5172,Kentucky,37.98803729999999,-85.7160207,False,False,293.0,"(206, 198, 193)"
5173,Kentucky,38.2157138,-85.3762283,False,False,293.0,"(206, 198, 193)"
5174,Kentucky,37.8072459,-83.667424,False,False,293.0,"(206, 198, 193)"
5175,Kentucky,37.8591614,-87.4534877,False,False,293.0,"(206, 198, 193)"
5176,Kentucky,37.6934062,-85.2625051,False,False,293.0,"(206, 198, 193)"
5177,Kentucky,,,False,False,293.0,"(206, 198, 193)"
5178,Kentucky,36.9910889,-84.70519449999999,False,False,293.0,"(206, 198, 193)"
5179,Kentucky,,,False,False,293.0,"(206, 198, 193)"
5180,Kentucky,39.092106,-84.493129,False,False,293.0,"(206, 198, 193)"
5181,Kentucky,37.570552,-85.34413599999999,False,False,293.0,"(206, 198, 193)"
5182,Kentucky,37.7057519,-83.9777828,False,False,293.0,"(206, 198, 193)"
5183,Kentucky,,,False,False,293.0,"(206, 198, 193)"
5184,Kentucky,,,False,False,293.0,"(206, 198, 193)"
5185,Kentucky,38.49589599999999,-83.5753427,False,False,293.0,"(206, 198, 193)"
5186,Kentucky,38.933132,-84.6773577,False,False,293.0,"(206, 198, 193)"
5187,Kentucky,38.0306511,-84.5039697,False,False,293.0,"(206, 198, 193)"
5188,Kentucky,36.9879582,-86.4523332,False,False,293.0,"(206, 198, 193)"
5189,Kentucky,38.5900799,-83.3049178,False,False,293.0,"(206, 198, 193)"
5190,Kentucky,37.80914920000001,-85.98587359999999,False,False,293.0,"(206, 198, 193)"
5191,Kentucky,38.8758056,-84.61121530000001,False,False,293.0,"(206, 198, 193)"
5192,Kentucky,36.9685219,-86.4808043,False,False,293.0,"(206, 198, 193)"
5193,Kentucky,38.7833963,-84.90161510000001,False,False,293.0,"(206, 198, 193)"
5194,Kentucky,,,False,False,293.0,"(206, 198, 193)"
5195,Kentucky,38.190386,-85.744025,True,False,293.0,"(206, 198, 193)"
5196,Kentucky,37.96891,-85.96092999999999,False,False,293.0,"(206, 198, 193)"
5197,Kentucky,36.9726998,-82.9767641,False,False,293.0,"(206, 198, 193)"
5198,Kentucky,,,False,False,293.0,"(206, 198, 193)"
5199,Kentucky,36.7740727,-84.4652827,False,False,293.0,"(206, 198, 193)"
5200,Kentucky,,,False,False,293.0,"(206, 198, 193)"
5201,Kentucky,39.0733785,-84.4930557,False,False,293.0,"(206, 198, 193)"
5202,Kentucky,36.736731,-84.1635883,False,False,293.0,"(206, 198, 193)"
5203,Kentucky,36.736731,-84.1635883,False,False,293.0,"(206, 198, 193)"
5204,Kentucky,36.738021,-84.16465749999999,False,False,293.0,"(206, 198, 193)"
5205,Kentucky,36.7431636,-84.1584594,False,False,293.0,"(206, 198, 193)"
5206,Kentucky,36.7795435,-84.15565459999999,False,False,293.0,"(206, 198, 193)"
5207,Kentucky,36.736059,-84.1686764,False,False,293.0,"(206, 198, 193)"
5208,Kentucky,37.776992,-84.84391,False,False,293.0,"(206, 198, 193)"
5209,Kentucky,37.9898694,-84.1784381,False,False,293.0,"(206, 198, 193)"
5210,Kentucky,38.005748,-84.16755359999999,False,False,293.0,"(206, 198, 193)"
5211,Kentucky,,,False,False,293.0,"(206, 198, 193)"
5212,Kentucky,37.9472518,-84.2975766,False,False,293.0,"(206, 198, 193)"
5213,Kentucky,,,False,False,293.0,"(206, 198, 193)"
5214,Kentucky,37.98760300000001,-84.210955,False,False,293.0,"(206, 198, 193)"
5215,Kansas,39.016088,-96.2990179,False,False,237.0,"(213, 172, 173)"
5216,Kansas,39.0187264,-96.2892193,False,False,237.0,"(213, 172, 173)"
5217,Kansas,37.6677732,-95.4680869,False,False,237.0,"(213, 172, 173)"
5218,Kansas,39.5616302,-95.1167769,False,False,237.0,"(213, 172, 173)"
5219,Kansas,39.54392319999999,-95.1178018,False,False,237.0,"(213, 172, 173)"
5220,Kansas,,,False,False,237.0,"(213, 172, 173)"
5221,Kansas,39.7049369,-96.6674872,False,False,237.0,"(213, 172, 173)"
5222,Kansas,37.8773453,-99.6343004,False,False,237.0,"(213, 172, 173)"
5223,Kansas,,,False,False,237.0,"(213, 172, 173)"
5224,Kansas,38.3835159,-97.3862683,False,False,237.0,"(213, 172, 173)"
5225,Kansas,39.692037,-104.9416688,False,False,237.0,"(213, 172, 173)"
5226,Kansas,37.65365,-95.450917,False,False,237.0,"(213, 172, 173)"
5227,Kansas,,,False,False,237.0,"(213, 172, 173)"
5228,Kansas,37.0199234,-95.6144971,False,False,237.0,"(213, 172, 173)"
5229,Kansas,37.0232568,-95.6188542,False,False,237.0,"(213, 172, 173)"
5230,Kansas,37.1280891,-96.1868274,False,False,237.0,"(213, 172, 173)"
5231,Kansas,37.5413175,-97.2628773,False,False,237.0,"(213, 172, 173)"
5232,Kansas,,,False,False,237.0,"(213, 172, 173)"
5233,Kansas,37.7408005,-99.963396,False,False,237.0,"(213, 172, 173)"
5234,Kansas,37.7408005,-99.963396,False,False,237.0,"(213, 172, 173)"
5235,Kansas,37.78254880000001,-100.0447332,False,False,237.0,"(213, 172, 173)"
5236,Kansas,37.7753807,-100.007651,False,False,237.0,"(213, 172, 173)"
5237,Kansas,38.9288608,-99.5594342,False,False,237.0,"(213, 172, 173)"
5238,Kansas,38.9400082,-99.5616172,False,False,237.0,"(213, 172, 173)"
5239,Kansas,38.3658441,-96.1148706,False,False,237.0,"(213, 172, 173)"
5240,Kansas,39.0830205,-96.7684631,False,False,237.0,"(213, 172, 173)"
5241,Kansas,39.0682635,-96.7798502,False,False,237.0,"(213, 172, 173)"
5242,Kansas,39.110058,-96.8099772,False,False,237.0,"(213, 172, 173)"
5243,Kansas,39.0720627,-96.7806537,False,False,237.0,"(213, 172, 173)"
5244,Kansas,39.074028,-96.8032837,False,False,237.0,"(213, 172, 173)"
5245,Kansas,37.8436307,-94.704733,False,False,237.0,"(213, 172, 173)"
5246,Kansas,37.067285,-94.6916164,False,False,237.0,"(213, 172, 173)"
5247,Kansas,37.9703264,-100.8724538,False,False,237.0,"(213, 172, 173)"
5248,Kansas,,,False,False,237.0,"(213, 172, 173)"
5249,Kansas,38.3657556,-98.8122692,False,False,237.0,"(213, 172, 173)"
5250,Kansas,38.2723361,-98.9821631,False,False,237.0,"(213, 172, 173)"
5251,Kansas,,,False,False,237.0,"(213, 172, 173)"
5252,Kansas,37.0189418,-98.6506283,False,False,237.0,"(213, 172, 173)"
5253,Kansas,38.862995,-99.341484,False,False,237.0,"(213, 172, 173)"
5254,Kansas,,,False,False,237.0,"(213, 172, 173)"
5255,Kansas,,,False,False,237.0,"(213, 172, 173)"
5256,Kansas,37.9876564,-100.988126,False,False,237.0,"(213, 172, 173)"
5257,Kansas,38.0538773,-97.9366618,False,False,237.0,"(213, 172, 173)"
5258,Kansas,38.06320789999999,-97.9324631,False,False,237.0,"(213, 172, 173)"
5259,Kansas,38.0538,-97.9309,False,False,237.0,"(213, 172, 173)"
5260,Kansas,,,False,False,237.0,"(213, 172, 173)"
5261,Kansas,38.0727176,-97.9028647,False,False,237.0,"(213, 172, 173)"
5262,Kansas,37.2692337,-95.7519248,False,False,237.0,"(213, 172, 173)"
5263,Kansas,39.0686599,-94.6332489,False,False,237.0,"(213, 172, 173)"
5264,Kansas,38.1714275,-99.1508984,False,False,237.0,"(213, 172, 173)"
5265,Kansas,38.971029,-95.236257,False,False,237.0,"(213, 172, 173)"
5266,Kansas,38.9377658,-95.2333404,False,False,237.0,"(213, 172, 173)"
5267,Kansas,38.9377658,-95.2333404,False,False,237.0,"(213, 172, 173)"
5268,Kansas,38.9377658,-95.2333404,False,False,237.0,"(213, 172, 173)"
5269,Kansas,38.9377658,-95.2333404,False,False,237.0,"(213, 172, 173)"
5270,Kansas,38.9377658,-95.2333404,False,False,237.0,"(213, 172, 173)"
5271,Kansas,38.9377658,-95.2333404,False,False,237.0,"(213, 172, 173)"
5272,Kansas,38.9377658,-95.2333404,False,False,237.0,"(213, 172, 173)"
5273,Kansas,38.973086,-95.3025591,False,False,237.0,"(213, 172, 173)"
5274,Kansas,38.9715686,-95.4538653,False,False,237.0,"(213, 172, 173)"
5275,Kansas,38.9543439,-95.2557961,False,False,237.0,"(213, 172, 173)"
5276,Kansas,38.8996225,-95.3154114,False,False,237.0,"(213, 172, 173)"
5277,Kansas,38.6121276,-97.7029775,False,False,237.0,"(213, 172, 173)"
5278,Kansas,38.6197513,-94.669091,False,False,237.0,"(213, 172, 173)"
5279,Kansas,38.3331074,-98.191406,False,False,237.0,"(213, 172, 173)"
5280,Kansas,39.2702737,-96.551839,False,False,237.0,"(213, 172, 173)"
5281,Kansas,,,False,False,237.0,"(213, 172, 173)"
5282,Kansas,39.1974437,-96.5847249,False,False,237.0,"(213, 172, 173)"
5283,Kansas,39.1868562,-96.5849931,False,False,237.0,"(213, 172, 173)"
5284,Kansas,38.379907,-97.652883,False,False,237.0,"(213, 172, 173)"
5285,Kansas,,,False,False,237.0,"(213, 172, 173)"
5286,Kansas,39.008156,-94.649981,False,False,237.0,"(213, 172, 173)"
5287,Kansas,37.0373005,-95.6163665,False,False,237.0,"(213, 172, 173)"
5288,Kansas,37.4881777,-97.2450636,False,False,237.0,"(213, 172, 173)"
5289,Kansas,38.4540034,-99.9052691,False,False,237.0,"(213, 172, 173)"
5290,Kansas,38.043933,-97.3458168,False,False,237.0,"(213, 172, 173)"
5291,Kansas,38.1583957,-98.0932445,False,False,237.0,"(213, 172, 173)"
5292,Kansas,,,False,False,237.0,"(213, 172, 173)"
5293,Kansas,38.831083,-94.8914828,False,False,237.0,"(213, 172, 173)"
5294,Kansas,38.6140464,-95.2669655,False,False,237.0,"(213, 172, 173)"
5295,Kansas,38.8544521,-94.6657907,False,False,237.0,"(213, 172, 173)"
5296,Kansas,38.94268400000001,-94.7425916,False,False,237.0,"(213, 172, 173)"
5297,Kansas,38.5753853,-94.8569876,False,False,237.0,"(213, 172, 173)"
5298,Kansas,37.8993459,-100.1974705,False,False,237.0,"(213, 172, 173)"
5299,Kansas,37.2844919,-95.1842132,False,False,237.0,"(213, 172, 173)"
5300,Kansas,37.4019683,-94.7108598,False,False,237.0,"(213, 172, 173)"
5301,Kansas,37.4197003,-94.7029275,False,False,237.0,"(213, 172, 173)"
5302,Kansas,37.3902857,-94.6915709,False,False,237.0,"(213, 172, 173)"
5303,Kansas,39.7620494,-95.6349943,False,False,237.0,"(213, 172, 173)"
5304,Kansas,37.6356457,-98.7336628,False,False,237.0,"(213, 172, 173)"
5305,Kansas,39.0118185,-94.6330604,False,False,237.0,"(213, 172, 173)"
5306,Kansas,,,False,False,237.0,"(213, 172, 173)"
5307,Kansas,38.8257628,-97.6014534,False,False,237.0,"(213, 172, 173)"
5308,Kansas,39.0450589,-95.7639371,False,False,237.0,"(213, 172, 173)"
5309,Kansas,,,False,False,237.0,"(213, 172, 173)"
5310,Kansas,38.971111,-95.455833,False,False,237.0,"(213, 172, 173)"
5311,Kansas,39.0128184,-97.8796052,False,False,237.0,"(213, 172, 173)"
5312,Kansas,39.0481533,-95.6780594,False,False,237.0,"(213, 172, 173)"
5313,Kansas,39.0292975,-95.70975,False,False,237.0,"(213, 172, 173)"
5314,Kansas,39.0527609,-95.698397,False,False,237.0,"(213, 172, 173)"
5315,Kansas,39.0493435,-95.6796899,False,False,237.0,"(213, 172, 173)"
5316,Kansas,39.1021381,-95.680433,False,False,237.0,"(213, 172, 173)"
5317,Kansas,39.0454931,-95.6770093,False,False,237.0,"(213, 172, 173)"
5318,Kansas,39.5727867,-97.6600732,False,False,237.0,"(213, 172, 173)"
5319,Kansas,39.0662718,-95.6694451,False,False,237.0,"(213, 172, 173)"
5320,Kansas,39.0199599,-95.6928997,False,False,237.0,"(213, 172, 173)"
5321,Kansas,39.04947740000001,-95.6854466,False,False,237.0,"(213, 172, 173)"
5322,Kansas,39.0563813,-95.696951,False,False,237.0,"(213, 172, 173)"
5323,Kansas,37.938657,-97.0193417,False,False,237.0,"(213, 172, 173)"
5324,Kansas,37.5633562,-101.1726694,False,False,237.0,"(213, 172, 173)"
5325,Kansas,37.88310600000001,-97.374042,False,False,237.0,"(213, 172, 173)"
5326,Kansas,39.2029622,-96.3054547,False,False,237.0,"(213, 172, 173)"
5327,Kansas,39.199736,-96.305245,False,False,237.0,"(213, 172, 173)"
5328,Kansas,37.7708346,-97.2598913,False,False,237.0,"(213, 172, 173)"
5329,Kansas,37.686398,-97.342446,False,False,237.0,"(213, 172, 173)"
5330,Kansas,37.7350239,-97.2914214,False,False,237.0,"(213, 172, 173)"
5331,Kansas,,,False,False,237.0,"(213, 172, 173)"
5332,Kansas,37.88310600000001,-97.374042,False,False,237.0,"(213, 172, 173)"
5333,Kansas,37.6410754,-97.24696360000002,False,False,237.0,"(213, 172, 173)"
5334,Kansas,37.6646137,-97.4787686,False,False,237.0,"(213, 172, 173)"
5335,Kansas,37.691072,-97.2796172,False,False,237.0,"(213, 172, 173)"
5336,Kansas,37.7193933,-97.2928693,False,False,237.0,"(213, 172, 173)"
5337,Kansas,37.7193933,-97.2928693,False,False,237.0,"(213, 172, 173)"
5338,New York,43.8315505,-74.849251,False,False,396.0,"(173, 199, 195)"
5339,New York,42.6348353,-73.7634927,False,False,396.0,"(173, 199, 195)"
5340,New York,42.6538226,-73.75730399999999,False,False,396.0,"(173, 199, 195)"
5341,New York,42.6514661,-73.78257669999999,False,False,396.0,"(173, 199, 195)"
5342,New York,42.652835,-73.757339,False,False,396.0,"(173, 199, 195)"
5343,New York,42.6640994,-73.78566529999999,False,False,396.0,"(173, 199, 195)"
5344,New York,42.68494339999999,-73.82524959999999,False,False,396.0,"(173, 199, 195)"
5345,New York,42.68494339999999,-73.82524959999999,False,False,396.0,"(173, 199, 195)"
5346,New York,42.7181879,-73.8071099,False,False,396.0,"(173, 199, 195)"
5347,New York,42.5319998,-73.7985008,False,False,396.0,"(173, 199, 195)"
5348,New York,42.93873900000001,-78.554699,False,False,396.0,"(173, 199, 195)"
5349,New York,44.34434,-75.92265300000001,False,False,396.0,"(173, 199, 195)"
5350,New York,42.2552377,-77.7946533,False,False,396.0,"(173, 199, 195)"
5351,New York,42.0803426,-78.4750213,False,False,396.0,"(173, 199, 195)"
5352,New York,42.1264537,-78.5091894,False,False,396.0,"(173, 199, 195)"
5353,New York,42.1264537,-78.5091894,False,False,396.0,"(173, 199, 195)"
5354,New York,42.9648902,-78.78843839999999,False,False,396.0,"(173, 199, 195)"
5355,New York,40.8222029,-73.9558416,False,False,396.0,"(173, 199, 195)"
5356,New York,42.9380462,-74.1849134,False,False,396.0,"(173, 199, 195)"
5357,New York,42.6206545,-79.0457857,False,False,396.0,"(173, 199, 195)"
5358,New York,42.0203897,-73.91005439999999,False,False,396.0,"(173, 199, 195)"
5359,New York,40.7643574,-73.92346189999999,False,False,396.0,"(173, 199, 195)"
5360,New York,42.75448799999999,-76.7032,False,False,396.0,"(173, 199, 195)"
5361,New York,42.7451963,-76.6944152,False,False,396.0,"(173, 199, 195)"
5362,New York,42.6447709,-73.57271209999999,False,False,396.0,"(173, 199, 195)"
5363,New York,43.217751,-76.419899,False,False,396.0,"(173, 199, 195)"
5364,New York,43.116274,-76.39450599999999,False,False,396.0,"(173, 199, 195)"
5365,New York,,,False,False,396.0,"(173, 199, 195)"
5366,New York,41.4551278,-73.9890837,False,False,396.0,"(173, 199, 195)"
5367,New York,43.8149338,-75.81251979999999,False,False,396.0,"(173, 199, 195)"
5368,New York,43.10336789999999,-74.02096949999999,False,False,396.0,"(173, 199, 195)"
5369,New York,43.025,-78.39806,False,False,396.0,"(173, 199, 195)"
5370,New York,,,False,False,396.0,"(173, 199, 195)"
5371,New York,40.7606117,-72.94365789999999,False,False,396.0,"(173, 199, 195)"
5372,New York,42.157565,-79.396155,False,False,396.0,"(173, 199, 195)"
5373,New York,42.8811213,-78.1327379,False,False,396.0,"(173, 199, 195)"
5374,New York,42.094004,-75.918655,False,False,396.0,"(173, 199, 195)"
5375,New York,42.5077062,-77.1313029,False,False,396.0,"(173, 199, 195)"
5376,New York,,,False,False,396.0,"(173, 199, 195)"
5377,New York,43.05699,-74.1994402,False,False,396.0,"(173, 199, 195)"
5378,New York,41.4070252,-73.55148080000001,False,False,396.0,"(173, 199, 195)"
5379,New York,40.755866,-73.80488,False,False,396.0,"(173, 199, 195)"
5380,New York,41.535134,-73.3658027,False,False,396.0,"(173, 199, 195)"
5381,New York,43.210018,-77.9507327,False,False,396.0,"(173, 199, 195)"
5382,New York,40.8620404,-73.88569869999999,False,False,396.0,"(173, 199, 195)"
5383,New York,40.8620404,-73.88569869999999,False,False,396.0,"(173, 199, 195)"
5384,New York,40.8620404,-73.88569869999999,False,False,396.0,"(173, 199, 195)"
5385,New York,40.8620404,-73.88569869999999,False,False,396.0,"(173, 199, 195)"
5386,New York,40.8620404,-73.88569869999999,False,False,396.0,"(173, 199, 195)"
5387,New York,40.8620404,-73.88569869999999,False,False,396.0,"(173, 199, 195)"
5388,New York,40.8620404,-73.88569869999999,False,False,396.0,"(173, 199, 195)"
5389,New York,40.8620404,-73.88569869999999,False,False,396.0,"(173, 199, 195)"
5390,New York,40.8620404,-73.88569869999999,False,False,396.0,"(173, 199, 195)"
5391,New York,40.8620404,-73.88569869999999,False,False,396.0,"(173, 199, 195)"
5392,New York,40.8620404,-73.88569869999999,False,False,396.0,"(173, 199, 195)"
5393,New York,40.8464684,-73.83485759999999,False,False,396.0,"(173, 199, 195)"
5394,New York,40.8535516,-73.9120578,False,False,396.0,"(173, 199, 195)"
5395,New York,40.877332,-73.9049146,False,False,396.0,"(173, 199, 195)"
5396,New York,40.8134786,-73.8088319,False,False,396.0,"(173, 199, 195)"
5397,New York,40.83578000000001,-73.86891,False,False,396.0,"(173, 199, 195)"
5398,New York,40.9000907,-73.87222870000001,False,False,396.0,"(173, 199, 195)"
5399,New York,40.9426774,-73.8221475,False,False,396.0,"(173, 199, 195)"
5400,New York,40.9426774,-73.8221475,False,False,396.0,"(173, 199, 195)"
5401,New York,40.9426774,-73.8221475,False,False,396.0,"(173, 199, 195)"
5402,New York,40.9426774,-73.8221475,False,False,396.0,"(173, 199, 195)"
5403,New York,40.7245448,-73.9418603,False,False,396.0,"(173, 199, 195)"
5404,New York,40.6887278,-73.8862997,False,False,396.0,"(173, 199, 195)"
5405,New York,40.5802238,-73.9670243,False,False,396.0,"(173, 199, 195)"
5406,New York,40.6119911,-73.93304289999999,False,False,396.0,"(173, 199, 195)"
5407,New York,40.7068896,-73.9442753,False,False,396.0,"(173, 199, 195)"
5408,New York,40.6063415,-73.9615439,False,False,396.0,"(173, 199, 195)"
5409,New York,40.6920778,-73.9855384,False,False,396.0,"(173, 199, 195)"
5410,New York,42.8773848,-78.8796377,False,False,396.0,"(173, 199, 195)"
5411,New York,42.9291135,-78.88020209999999,False,False,396.0,"(173, 199, 195)"
5412,New York,42.9248338,-78.8514848,False,False,396.0,"(173, 199, 195)"
5413,New York,42.9248338,-78.8514848,False,False,396.0,"(173, 199, 195)"
5414,New York,42.9248338,-78.8514848,False,False,396.0,"(173, 199, 195)"
5415,New York,42.9248338,-78.8514848,False,False,396.0,"(173, 199, 195)"
5416,New York,42.9025804,-78.89082669999999,False,False,396.0,"(173, 199, 195)"
5417,New York,42.95799299999999,-78.891497,False,False,396.0,"(173, 199, 195)"
5418,New York,42.8901984,-78.8726487,False,False,396.0,"(173, 199, 195)"
5419,New York,42.95868189999999,-78.86424000000001,False,False,396.0,"(173, 199, 195)"
5420,New York,42.928608,-78.8559545,False,False,396.0,"(173, 199, 195)"
5421,New York,42.8773848,-78.8796377,False,False,396.0,"(173, 199, 195)"
5422,New York,37.810937,-89.04744319999999,True,False,396.0,"(173, 199, 195)"
5423,New York,42.8917438,-78.8732014,False,False,396.0,"(173, 199, 195)"
5424,New York,42.9307251,-78.8470834,False,False,396.0,"(173, 199, 195)"
5425,New York,43.3462305,-75.7559138,False,False,396.0,"(173, 199, 195)"
5426,New York,43.3379091,-75.7449918,False,False,396.0,"(173, 199, 195)"
5427,New York,,,False,False,396.0,"(173, 199, 195)"
5428,New York,43.0981674,-76.31479329999999,False,False,396.0,"(173, 199, 195)"
5429,New York,43.053037,-76.2791465,False,False,396.0,"(173, 199, 195)"
5430,New York,43.0504751,-76.26248420000002,False,False,396.0,"(173, 199, 195)"
5431,New York,44.5892119,-75.1608814,False,False,396.0,"(173, 199, 195)"
5432,New York,43.982376,-75.604575,False,False,396.0,"(173, 199, 195)"
5433,New York,,,False,False,396.0,"(173, 199, 195)"
5434,New York,40.89185,-73.8991565,False,False,396.0,"(173, 199, 195)"
5435,New York,42.982639,-75.882434,False,False,396.0,"(173, 199, 195)"
5436,New York,42.9320977,-75.8541481,False,False,396.0,"(173, 199, 195)"
5437,New York,42.011391,-76.616846,True,False,396.0,"(173, 199, 195)"
5438,New York,41.36074989999999,-74.2502229,False,False,396.0,"(173, 199, 195)"
5439,New York,43.0433615,-75.833817,False,False,396.0,"(173, 199, 195)"
5440,New York,43.042151,-75.922842,False,False,396.0,"(173, 199, 195)"
5441,New York,43.0580614,-78.62154319999999,False,False,396.0,"(173, 199, 195)"
5442,New York,43.05362299999999,-75.3768805,False,False,396.0,"(173, 199, 195)"
5443,New York,43.047749,-75.38427399999999,False,False,396.0,"(173, 199, 195)"
5444,New York,43.0525874,-75.4050437,False,False,396.0,"(173, 199, 195)"
5445,New York,41.867976,-73.838256,False,False,396.0,"(173, 199, 195)"
5446,New York,42.013347,-79.5905435,False,False,396.0,"(173, 199, 195)"
5447,New York,42.677533,-74.485478,False,False,396.0,"(173, 199, 195)"
5448,New York,42.775654,-73.701707,False,False,396.0,"(173, 199, 195)"
5449,New York,42.7889667,-73.7095633,False,False,396.0,"(173, 199, 195)"
5450,New York,42.7677438,-73.68650079999999,False,False,396.0,"(173, 199, 195)"
5451,New York,42.7352552,-73.8221636,False,False,396.0,"(173, 199, 195)"
5452,New York,40.765327,-73.30623899999999,False,False,396.0,"(173, 199, 195)"
5453,New York,42.6999368,-74.92321369999999,False,False,396.0,"(173, 199, 195)"
5454,New York,42.599001,-76.187797,False,False,396.0,"(173, 199, 195)"
5455,New York,42.599001,-76.187797,False,False,396.0,"(173, 199, 195)"
5456,New York,42.599001,-76.187797,False,False,396.0,"(173, 199, 195)"
5457,New York,42.599001,-76.187797,False,False,396.0,"(173, 199, 195)"
5458,New York,,,False,False,396.0,"(173, 199, 195)"
5459,New York,42.181706,-75.017517,False,False,396.0,"(173, 199, 195)"
5460,New York,42.017664,-75.459498,False,False,396.0,"(173, 199, 195)"
5461,New York,,,False,False,396.0,"(173, 199, 195)"
5462,New York,42.7485598,-74.1881361,False,False,396.0,"(173, 199, 195)"
5463,New York,42.4720019,-79.37032219999999,False,False,396.0,"(173, 199, 195)"
5464,New York,41.7850937,-73.6940175,False,False,396.0,"(173, 199, 195)"
5465,New York,42.7667827,-78.6173553,False,False,396.0,"(173, 199, 195)"
5466,New York,42.7635628,-78.6166876,False,False,396.0,"(173, 199, 195)"
5467,New York,,,False,False,396.0,"(173, 199, 195)"
5468,New York,42.6584125,-73.6384502,False,False,396.0,"(173, 199, 195)"
5469,New York,42.4326847,-78.7236892,False,False,396.0,"(173, 199, 195)"
5470,New York,43.0179714,-76.26858779999999,False,False,396.0,"(173, 199, 195)"
5471,New York,43.0340927,-76.448525,False,False,396.0,"(173, 199, 195)"
5472,New York,43.0340927,-76.448525,False,False,396.0,"(173, 199, 195)"
5473,New York,41.7259969,-74.410107,False,False,396.0,"(173, 199, 195)"
5474,New York,44.8927001,-73.8411145,False,False,396.0,"(173, 199, 195)"
5475,New York,44.8927001,-73.8411145,False,False,396.0,"(173, 199, 195)"
5476,New York,44.8927001,-73.8411145,False,False,396.0,"(173, 199, 195)"
5477,New York,,,False,False,396.0,"(173, 199, 195)"
5478,New York,42.0967817,-76.81537050000001,True,False,396.0,"(173, 199, 195)"
5479,New York,42.0967817,-76.81537050000001,True,False,396.0,"(173, 199, 195)"
5480,New York,44.0896517,-75.80997909999999,False,False,396.0,"(173, 199, 195)"
5481,New York,43.098854,-77.441279,False,False,396.0,"(173, 199, 195)"
5482,New York,43.0227378,-76.0011827,False,False,396.0,"(173, 199, 195)"
5483,New York,40.6321812,-73.21861609999999,False,False,396.0,"(173, 199, 195)"
5484,New York,,,False,False,396.0,"(173, 199, 195)"
5485,New York,44.9621426,-74.5188632,False,False,396.0,"(173, 199, 195)"
5486,New York,43.2645887,-73.583349,False,False,396.0,"(173, 199, 195)"
5487,New York,43.28067799999999,-73.58815899999999,False,False,396.0,"(173, 199, 195)"
5488,New York,43.2674368,-73.5852537,False,False,396.0,"(173, 199, 195)"
5489,New York,42.4538665,-79.34036329999999,False,False,396.0,"(173, 199, 195)"
5490,New York,42.0306591,-79.0034419,False,False,396.0,"(173, 199, 195)"
5491,New York,43.3019992,-76.4201083,False,False,396.0,"(173, 199, 195)"
5492,New York,43.2506764,-76.3821612,False,False,396.0,"(173, 199, 195)"
5493,New York,43.3228462,-76.4171585,False,False,396.0,"(173, 199, 195)"
5494,New York,42.942626,-74.362873,False,False,396.0,"(173, 199, 195)"
5495,New York,42.6292602,-78.11649969999999,False,False,396.0,"(173, 199, 195)"
5496,New York,41.41324789999999,-73.9107585,False,False,396.0,"(173, 199, 195)"
5497,New York,42.796092,-77.8237029,False,False,396.0,"(173, 199, 195)"
5498,New York,42.8392709,-76.9752306,False,False,396.0,"(173, 199, 195)"
5499,New York,42.8591531,-76.98448680000001,False,False,396.0,"(173, 199, 195)"
5500,New York,42.8591531,-76.98448680000001,False,False,396.0,"(173, 199, 195)"
5501,New York,42.8591531,-76.98448680000001,False,False,396.0,"(173, 199, 195)"
5502,New York,42.8591531,-76.98448680000001,False,False,396.0,"(173, 199, 195)"
5503,New York,42.4447641,-75.3468031,False,False,396.0,"(173, 199, 195)"
5504,New York,42.7661004,-76.2677602,False,False,396.0,"(173, 199, 195)"
5505,New York,43.306768,-73.6455339,False,False,396.0,"(173, 199, 195)"
5506,New York,42.5454127,-73.7613918,False,False,396.0,"(173, 199, 195)"
5507,New York,41.4024891,-74.3209921,False,False,396.0,"(173, 199, 195)"
5508,New York,43.046014,-74.3354848,False,False,396.0,"(173, 199, 195)"
5509,New York,43.050424,-78.99226,False,False,396.0,"(173, 199, 195)"
5510,New York,43.0259025,-78.89681949999999,False,False,396.0,"(173, 199, 195)"
5511,New York,43.406987,-73.259529,False,False,396.0,"(173, 199, 195)"
5512,New York,-45.023726,168.6972685,False,False,396.0,"(173, 199, 195)"
5513,New York,41.1087767,-72.3619647,False,False,396.0,"(173, 199, 195)"
5514,New York,42.796092,-77.8237029,False,False,396.0,"(173, 199, 195)"
5515,New York,40.80797219999999,-73.426008,False,False,396.0,"(173, 199, 195)"
5516,New York,43.3216621,-76.58368589999999,False,False,396.0,"(173, 199, 195)"
5517,New York,40.8213604,-73.20812699999999,False,False,396.0,"(173, 199, 195)"
5518,New York,40.8248443,-73.1980674,False,False,396.0,"(173, 199, 195)"
5519,New York,40.823113,-73.2011529,False,False,396.0,"(173, 199, 195)"
5520,New York,41.2143162,-74.02555530000001,False,False,396.0,"(173, 199, 195)"
5521,New York,43.0258996,-74.98854419999999,False,False,396.0,"(173, 199, 195)"
5522,New York,41.7612855,-73.989414,False,False,396.0,"(173, 199, 195)"
5523,New York,41.3736744,-73.96396709999999,False,False,396.0,"(173, 199, 195)"
5524,New York,,,False,False,396.0,"(173, 199, 195)"
5525,New York,,,False,False,396.0,"(173, 199, 195)"
5526,New York,40.8052661,-73.42909809999999,False,False,396.0,"(173, 199, 195)"
5527,New York,40.80797219999999,-73.426008,False,False,396.0,"(173, 199, 195)"
5528,New York,40.80797219999999,-73.426008,False,False,396.0,"(173, 199, 195)"
5529,New York,,,False,False,396.0,"(173, 199, 195)"
5530,New York,41.7695799,-73.9326859,False,False,396.0,"(173, 199, 195)"
5531,New York,42.974307,-75.07903,False,False,396.0,"(173, 199, 195)"
5532,New York,,,False,False,396.0,"(173, 199, 195)"
5533,New York,42.1148381,-79.23880559999999,False,False,396.0,"(173, 199, 195)"
5534,New York,42.0781049,-79.2201812,False,False,396.0,"(173, 199, 195)"
5535,New York,42.0955527,-79.2401093,False,False,396.0,"(173, 199, 195)"
5536,New York,43.0152837,-74.3824721,False,False,396.0,"(173, 199, 195)"
5537,New York,42.6151505,-77.09054139999999,False,False,396.0,"(173, 199, 195)"
5538,New York,40.8957136,-73.2361507,False,False,396.0,"(173, 199, 195)"
5539,New York,,,False,False,396.0,"(173, 199, 195)"
5540,New York,41.9188631,-73.9957017,False,False,396.0,"(173, 199, 195)"
5541,Wisconsin,45.1658267,-89.1458237,False,False,201.0,"(211, 184, 182)"
5542,New York,41.921624,-74.00526599999999,False,False,396.0,"(173, 199, 195)"
5543,New York,42.922473,-76.117126,False,False,396.0,"(173, 199, 195)"
5544,New York,42.885346,-78.8717782,False,False,396.0,"(173, 199, 195)"
5545,New York,43.420112,-73.71103,False,False,396.0,"(173, 199, 195)"
5546,New York,43.5804295,-73.5781843,False,False,396.0,"(173, 199, 195)"
5547,New York,42.901122,-78.669851,False,False,396.0,"(173, 199, 195)"
5548,New York,42.7631614,-73.6742792,False,False,396.0,"(173, 199, 195)"
5549,New York,42.781408,-73.744764,False,False,396.0,"(173, 199, 195)"
5550,New York,37.2210781,-93.8438859,False,False,396.0,"(173, 199, 195)"
5551,New York,,,False,False,396.0,"(173, 199, 195)"
5552,New York,43.285781,-75.53014399999999,False,False,396.0,"(173, 199, 195)"
5553,New York,41.2142477,-74.02837339999999,False,False,396.0,"(173, 199, 195)"
5554,New York,40.71858700000001,-74.001052,False,False,396.0,"(173, 199, 195)"
5555,New York,42.35072090000001,-79.3259044,False,False,396.0,"(173, 199, 195)"
5556,New York,42.35072090000001,-79.3259044,False,False,396.0,"(173, 199, 195)"
5557,New York,42.3523825,-79.32531809999999,False,False,396.0,"(173, 199, 195)"
5558,New York,43.00725,-74.74488699999999,False,False,396.0,"(173, 199, 195)"
5559,New York,,,False,False,396.0,"(173, 199, 195)"
5560,New York,43.127832,-76.2181725,False,False,396.0,"(173, 199, 195)"
5561,New York,43.124218,-76.222365,False,False,396.0,"(173, 199, 195)"
5562,New York,43.1838989,-78.65747390000001,False,False,396.0,"(173, 199, 195)"
5563,New York,43.1588095,-78.684567,False,False,396.0,"(173, 199, 195)"
5564,New York,43.1588095,-78.684567,False,False,396.0,"(173, 199, 195)"
5565,New York,43.193762,-78.677398,False,False,396.0,"(173, 199, 195)"
5566,New York,42.561738,-76.7888428,False,False,396.0,"(173, 199, 195)"
5567,New York,33.8788222,-118.1594449,False,False,396.0,"(173, 199, 195)"
5568,New York,40.7692649,-73.1151117,False,False,396.0,"(173, 199, 195)"
5569,New York,40.7906538,-73.20178109999999,False,False,396.0,"(173, 199, 195)"
5570,New York,40.8747948,-73.0873469,False,False,396.0,"(173, 199, 195)"
5571,New York,40.8320984,-73.1053707,False,False,396.0,"(173, 199, 195)"
5572,New York,40.9256538,-73.1409429,False,False,396.0,"(173, 199, 195)"
5573,New York,42.7025364,-73.7626855,False,False,396.0,"(173, 199, 195)"
5574,Wisconsin,44.26351529999999,-88.46161289999999,False,False,201.0,"(211, 184, 182)"
5575,Wisconsin,44.278499,-88.4162116,False,False,201.0,"(211, 184, 182)"
5576,Wisconsin,44.2828958,-88.3814738,False,False,201.0,"(211, 184, 182)"
5577,Wisconsin,44.2688168,-88.3834225,False,False,201.0,"(211, 184, 182)"
5578,Wisconsin,44.23832489999999,-88.42202809999999,False,False,201.0,"(211, 184, 182)"
5579,Wisconsin,,,False,False,201.0,"(211, 184, 182)"
5580,Wisconsin,43.2181528,-88.4590862,False,False,201.0,"(211, 184, 182)"
5581,Wisconsin,46.5802698,-90.8736669,False,False,201.0,"(211, 184, 182)"
5582,Wisconsin,46.5935149,-90.877564,False,False,201.0,"(211, 184, 182)"
5583,Wisconsin,43.0813888,-88.91177420000001,False,False,201.0,"(211, 184, 182)"
5584,Wisconsin,43.4743927,-89.77496060000001,False,False,201.0,"(211, 184, 182)"
5585,Wisconsin,46.8713372,-90.4972869,False,False,201.0,"(211, 184, 182)"
5586,Wisconsin,43.4582279,-88.836625,False,False,201.0,"(211, 184, 182)"
5587,Wisconsin,42.5083482,-89.03177649999999,False,False,201.0,"(211, 184, 182)"
5588,Wisconsin,42.5298548,-88.9820987,False,False,201.0,"(211, 184, 182)"
5589,Wisconsin,42.5190863,-89.07208899999999,False,False,201.0,"(211, 184, 182)"
5590,Wisconsin,,,False,False,201.0,"(211, 184, 182)"
5591,Wisconsin,43.5690074,-88.1003633,False,False,201.0,"(211, 184, 182)"
5592,Wisconsin,,,False,False,201.0,"(211, 184, 182)"
5593,Wisconsin,43.1345,-90.705561,False,False,201.0,"(211, 184, 182)"
5594,Wisconsin,46.1215437,-89.6388221,False,False,201.0,"(211, 184, 182)"
5595,Wisconsin,46.06468530000001,-89.6356761,False,False,201.0,"(211, 184, 182)"
5596,Wisconsin,44.8565735,-88.98234289999999,False,False,201.0,"(211, 184, 182)"
5597,Wisconsin,42.5583222,-89.3616911,False,False,201.0,"(211, 184, 182)"
5598,Wisconsin,42.620016,-89.37642400000001,False,False,201.0,"(211, 184, 182)"
5599,Wisconsin,43.0439199,-88.10740559999999,False,False,201.0,"(211, 184, 182)"
5600,Wisconsin,42.67336239999999,-88.3011487,False,False,201.0,"(211, 184, 182)"
5601,Wisconsin,42.8119455,-87.8189668,False,False,201.0,"(211, 184, 182)"
5602,New York,43.7863715,-75.4918428,False,False,396.0,"(173, 199, 195)"
5603,New York,,,False,False,396.0,"(173, 199, 195)"
5604,New York,41.4421106,-73.7489425,False,False,396.0,"(173, 199, 195)"
5605,New York,44.8415177,-74.279719,False,False,396.0,"(173, 199, 195)"
5606,New York,40.7444838,-73.9969366,False,False,396.0,"(173, 199, 195)"
5607,New York,40.72951339999999,-73.9964609,False,False,396.0,"(173, 199, 195)"
5608,New York,40.7127431,-74.0133795,False,False,396.0,"(173, 199, 195)"
5609,New York,,,False,False,396.0,"(173, 199, 195)"
5610,New York,43.1379936,-75.2606338,False,False,396.0,"(173, 199, 195)"
5611,New York,43.1674076,-75.3023958,False,False,396.0,"(173, 199, 195)"
5612,New York,42.9034173,-73.68662239999999,False,False,396.0,"(173, 199, 195)"
5613,New York,33.1987822,-96.636122,True,False,396.0,"(173, 199, 195)"
5614,New York,42.7054648,-73.7244016,False,False,396.0,"(173, 199, 195)"
5615,New York,44.93486799999999,-74.893559,False,False,396.0,"(173, 199, 195)"
5616,New York,43.0022643,-73.8668953,False,False,396.0,"(173, 199, 195)"
5617,New York,41.3207154,-73.8555157,False,False,396.0,"(173, 199, 195)"
5618,New York,41.3247671,-74.18661039999999,False,False,396.0,"(173, 199, 195)"
5619,New York,41.095154,-74.0163882,False,False,396.0,"(173, 199, 195)"
5620,New York,,,False,False,396.0,"(173, 199, 195)"
5621,New York,42.6162932,-77.4123662,False,False,396.0,"(173, 199, 195)"
5622,New York,41.517513,-74.019517,False,False,396.0,"(173, 199, 195)"
5623,New York,41.4978209,-74.0746691,False,False,396.0,"(173, 199, 195)"
5624,New York,43.3118847,-78.714361,False,False,396.0,"(173, 199, 195)"
5625,New York,43.0702133,-75.2856371,False,False,396.0,"(173, 199, 195)"
5626,New York,40.7536119,-73.660096,False,False,396.0,"(173, 199, 195)"
5627,Wisconsin,45.4085518,-91.7436505,False,False,201.0,"(211, 184, 182)"
5628,Wisconsin,,,False,False,201.0,"(211, 184, 182)"
5629,Wisconsin,,,False,False,201.0,"(211, 184, 182)"
5630,Wisconsin,44.762116,-91.4195979,False,False,201.0,"(211, 184, 182)"
5631,Wisconsin,43.3058696,-87.97829229999999,False,False,201.0,"(211, 184, 182)"
5632,Wisconsin,44.9327155,-91.3947546,False,False,201.0,"(211, 184, 182)"
5633,Wisconsin,44.0368375,-88.1740524,False,False,201.0,"(211, 184, 182)"
5634,Wisconsin,44.02368999999999,-88.139123,False,False,201.0,"(211, 184, 182)"
5635,Wisconsin,45.27480010000001,-92.2193536,False,False,201.0,"(211, 184, 182)"
5636,Wisconsin,43.7022781,-91.0184162,False,False,201.0,"(211, 184, 182)"
5637,Wisconsin,45.1679699,-91.148595,False,False,201.0,"(211, 184, 182)"
5638,Wisconsin,,,False,False,201.0,"(211, 184, 182)"
5639,Wisconsin,43.3505324,-91.1020738,False,False,201.0,"(211, 184, 182)"
5640,Wisconsin,45.2389437,-88.3541243,False,False,201.0,"(211, 184, 182)"
5641,Wisconsin,43.116995,-89.5023767,False,False,201.0,"(211, 184, 182)"
5642,Wisconsin,43.081003,-88.422389,False,False,201.0,"(211, 184, 182)"
5643,Wisconsin,42.602412,-88.663628,False,False,201.0,"(211, 184, 182)"
5644,Wisconsin,42.9756218,-90.1332598,False,False,201.0,"(211, 184, 182)"
5645,Wisconsin,42.850164,-88.415458,False,False,201.0,"(211, 184, 182)"
5646,Wisconsin,45.9327938,-89.2563336,False,False,201.0,"(211, 184, 182)"
5647,Wisconsin,42.7855123,-88.4061775,False,False,201.0,"(211, 184, 182)"
5648,Wisconsin,44.8099229,-91.4988926,False,False,201.0,"(211, 184, 182)"
5649,Wisconsin,,,False,False,201.0,"(211, 184, 182)"
5650,Wisconsin,44.8124231,-91.5005317,False,False,201.0,"(211, 184, 182)"
5651,Wisconsin,44.7967459,-91.5034191,False,False,201.0,"(211, 184, 182)"
5652,Wisconsin,44.8191167,-91.5346276,False,False,201.0,"(211, 184, 182)"
5653,Wisconsin,42.84021329999999,-89.0791333,False,False,201.0,"(211, 184, 182)"
5654,Wisconsin,,,False,False,201.0,"(211, 184, 182)"
5655,Wisconsin,43.7394728,-87.95829100000002,False,False,201.0,"(211, 184, 182)"
5656,New York,41.7248156,-74.2045917,False,False,396.0,"(173, 199, 195)"
5657,New York,43.2028937,-77.5454149,False,False,396.0,"(173, 199, 195)"
5658,New York,40.721264,-73.9838497,False,False,396.0,"(173, 199, 195)"
5659,New York,40.77652579999999,-73.97614080000001,False,False,396.0,"(173, 199, 195)"
5660,New York,40.7335719,-74.0027418,False,False,396.0,"(173, 199, 195)"
5661,New York,40.773502,-73.9789261,False,False,396.0,"(173, 199, 195)"
5662,New York,40.7561111,-73.9879339,False,False,396.0,"(173, 199, 195)"
5663,New York,40.8200471,-73.9492724,False,False,396.0,"(173, 199, 195)"
5664,New York,42.23180139999999,-76.1854106,True,False,396.0,"(173, 199, 195)"
5665,New York,41.506065,-74.0194219,False,False,396.0,"(173, 199, 195)"
5666,New York,43.1702568,-74.943887,False,False,396.0,"(173, 199, 195)"
5667,New York,43.093505,-79.0621663,False,False,396.0,"(173, 199, 195)"
5668,New York,43.1365152,-79.0353197,False,False,396.0,"(173, 199, 195)"
5669,New York,40.72534760000001,-73.323385,False,False,396.0,"(173, 199, 195)"
5670,New York,,,False,False,396.0,"(173, 199, 195)"
5671,New York,,,False,False,396.0,"(173, 199, 195)"
5672,New York,44.698484,-75.493189,False,False,396.0,"(173, 199, 195)"
5673,New York,44.63648300000001,-75.567509,False,False,396.0,"(173, 199, 195)"
5674,New York,43.749846,-74.925551,False,False,396.0,"(173, 199, 195)"
5675,New York,43.8178399,-74.876506,False,False,396.0,"(173, 199, 195)"
5676,New York,40.81141969999999,-73.605301,False,False,396.0,"(173, 199, 195)"
5677,New York,43.0808952,-75.6545506,False,False,396.0,"(173, 199, 195)"
5678,New York,43.0783142,-75.7107994,False,False,396.0,"(173, 199, 195)"
5679,New York,41.6081492,-74.2990401,False,False,396.0,"(173, 199, 195)"
5680,Wisconsin,42.7391019,-88.51556049999999,False,False,201.0,"(211, 184, 182)"
5681,Wisconsin,43.0399645,-88.0778278,False,False,201.0,"(211, 184, 182)"
5682,Wisconsin,37.977366,-87.473194,False,False,201.0,"(211, 184, 182)"
5683,Wisconsin,42.303109,-83.233109,False,False,201.0,"(211, 184, 182)"
5684,Wisconsin,45.8815531,-90.4099336,False,False,201.0,"(211, 184, 182)"
5685,Wisconsin,45.87746689999999,-90.4213211,False,False,201.0,"(211, 184, 182)"
5686,Wisconsin,45.7935976,-90.4082821,False,False,201.0,"(211, 184, 182)"
5687,Wisconsin,45.7941227,-90.4068221,False,False,201.0,"(211, 184, 182)"
5688,Wisconsin,43.7538111,-88.43612979999999,False,False,201.0,"(211, 184, 182)"
5689,Wisconsin,43.1845458,-88.7075962,False,False,201.0,"(211, 184, 182)"
5690,Wisconsin,43.7790488,-88.4462181,False,False,201.0,"(211, 184, 182)"
5691,Wisconsin,43.792697,-88.4885272,False,False,201.0,"(211, 184, 182)"
5692,Wisconsin,43.7866074,-88.3844559,False,False,201.0,"(211, 184, 182)"
5693,Wisconsin,42.926748,-88.03533639999999,False,False,201.0,"(211, 184, 182)"
5694,Wisconsin,43.57505279999999,-91.2257613,False,False,201.0,"(211, 184, 182)"
5695,Wisconsin,,,False,False,201.0,"(211, 184, 182)"
5696,Wisconsin,45.2481954,-89.37508,False,False,201.0,"(211, 184, 182)"
5697,Wisconsin,43.7911162,-88.0477703,False,False,201.0,"(211, 184, 182)"
5698,Wisconsin,43.20686509999999,-87.92395309999999,False,False,201.0,"(211, 184, 182)"
5699,Wisconsin,44.5076249,-87.94487099999999,False,False,201.0,"(211, 184, 182)"
5700,Wisconsin,44.5156752,-88.0153756,False,False,201.0,"(211, 184, 182)"
5701,Wisconsin,44.515062,-88.012586,False,False,201.0,"(211, 184, 182)"
5702,Wisconsin,44.4734793,-88.0312103,False,False,201.0,"(211, 184, 182)"
5703,Wisconsin,44.5201423,-88.0567899,False,False,201.0,"(211, 184, 182)"
5704,Wisconsin,42.6183424,-89.3762278,False,False,201.0,"(211, 184, 182)"
5705,Wisconsin,43.85220839999999,-88.9656217,False,False,201.0,"(211, 184, 182)"
5706,New York,42.76755929999999,-78.7439189,False,False,396.0,"(173, 199, 195)"
5707,New York,41.6572222,-74.0772222,False,False,396.0,"(173, 199, 195)"
5708,New York,43.177259,-75.36952099999999,False,False,396.0,"(173, 199, 195)"
5709,New York,43.4514291,-76.5443166,False,False,396.0,"(173, 199, 195)"
5710,New York,43.4622974,-76.50665,False,False,396.0,"(173, 199, 195)"
5711,New York,43.4632572,-76.5061927,False,False,396.0,"(173, 199, 195)"
5712,New York,43.4622974,-76.50665,False,False,396.0,"(173, 199, 195)"
5713,New York,43.4622974,-76.50665,False,False,396.0,"(173, 199, 195)"
5714,New York,43.4236396,-76.4772748,False,False,396.0,"(173, 199, 195)"
5715,New York,43.4653465,-76.4304934,False,False,396.0,"(173, 199, 195)"
5716,New York,41.1762251,-73.86832059999999,False,False,396.0,"(173, 199, 195)"
5717,New York,40.6782895,-73.85587360000001,False,False,396.0,"(173, 199, 195)"
5718,New York,40.8724113,-73.5316101,False,False,396.0,"(173, 199, 195)"
5719,New York,40.674232,-73.84354619999999,False,False,396.0,"(173, 199, 195)"
5720,New York,43.06489879999999,-77.22954690000002,False,False,396.0,"(173, 199, 195)"
5721,New York,43.4406256,-75.97464060000001,False,False,396.0,"(173, 199, 195)"
5722,New York,42.99189399999999,-78.4045841,False,False,396.0,"(173, 199, 195)"
5723,New York,,,False,False,396.0,"(173, 199, 195)"
5724,New York,42.72165469999999,-77.99372180000002,False,False,396.0,"(173, 199, 195)"
5725,New York,42.449301,-79.000669,False,False,396.0,"(173, 199, 195)"
5726,New York,,,False,False,396.0,"(173, 199, 195)"
5727,New York,44.738645,-73.437636,False,False,396.0,"(173, 199, 195)"
5728,New York,44.6551543,-73.4564319,False,False,396.0,"(173, 199, 195)"
5729,New York,44.6551543,-73.4564319,False,False,396.0,"(173, 199, 195)"
5730,New York,44.6551543,-73.4564319,False,False,396.0,"(173, 199, 195)"
5731,New York,44.6551543,-73.4564319,False,False,396.0,"(173, 199, 195)"
5732,New York,44.6551543,-73.4564319,False,False,396.0,"(173, 199, 195)"
5733,New York,44.6551543,-73.4564319,False,False,396.0,"(173, 199, 195)"
5734,New York,44.6868038,-73.4710502,False,False,396.0,"(173, 199, 195)"
5735,New York,44.69254300000001,-73.466962,False,False,396.0,"(173, 199, 195)"
5736,Wisconsin,43.7820705,-88.0897021,False,False,201.0,"(211, 184, 182)"
5737,Wisconsin,42.926748,-88.03533639999999,False,False,201.0,"(211, 184, 182)"
5738,Wisconsin,44.88071859999999,-91.4293129,False,False,201.0,"(211, 184, 182)"
5739,Wisconsin,43.1041944,-88.3475838,False,False,201.0,"(211, 184, 182)"
5740,Wisconsin,43.6266317,-89.7775338,False,False,201.0,"(211, 184, 182)"
5741,Wisconsin,45.9954139,-91.3823073,False,False,201.0,"(211, 184, 182)"
5742,Wisconsin,44.1175935,-88.1238118,False,False,201.0,"(211, 184, 182)"
5743,Wisconsin,,,False,False,201.0,"(211, 184, 182)"
5744,Wisconsin,43.235976,-88.287825,False,False,201.0,"(211, 184, 182)"
5745,Wisconsin,,,False,False,201.0,"(211, 184, 182)"
5746,Wisconsin,42.7024252,-89.0454074,False,False,201.0,"(211, 184, 182)"
5747,Wisconsin,42.6822267,-89.0222192,False,False,201.0,"(211, 184, 182)"
5748,Wisconsin,42.64891069999999,-89.0563767,False,False,201.0,"(211, 184, 182)"
5749,Wisconsin,42.9984772,-88.7195675,False,False,201.0,"(211, 184, 182)"
5750,Wisconsin,43.0108062,-88.78567029999999,False,False,201.0,"(211, 184, 182)"
5751,Wisconsin,43.3568129,-88.6845371,False,False,201.0,"(211, 184, 182)"
5752,Wisconsin,42.5759898,-87.81378,False,False,201.0,"(211, 184, 182)"
5753,Wisconsin,42.5954063,-87.8363641,False,False,201.0,"(211, 184, 182)"
5754,Wisconsin,42.5530753,-87.9334118,False,False,201.0,"(211, 184, 182)"
5755,Wisconsin,42.5853969,-87.8180653,False,False,201.0,"(211, 184, 182)"
5756,Wisconsin,44.8886772,-88.5979926,False,False,201.0,"(211, 184, 182)"
5757,Wisconsin,44.863129,-88.63002399999999,False,False,201.0,"(211, 184, 182)"
5758,Wisconsin,44.885196,-88.65267279999999,False,False,201.0,"(211, 184, 182)"
5759,Wisconsin,44.458095,-87.501256,False,False,201.0,"(211, 184, 182)"
5760,Wisconsin,43.739901,-87.78109599999999,False,False,201.0,"(211, 184, 182)"
5761,Wisconsin,43.8117108,-91.2519079,False,False,201.0,"(211, 184, 182)"
5762,Wisconsin,43.8146387,-91.251565,False,False,201.0,"(211, 184, 182)"
5763,New York,41.0123199,-73.6785457,False,False,396.0,"(173, 199, 195)"
5764,New York,43.0366209,-76.6261619,False,False,396.0,"(173, 199, 195)"
5765,New York,40.8316251,-73.6978579,False,False,396.0,"(173, 199, 195)"
5766,New York,44.669467,-74.978833,False,False,396.0,"(173, 199, 195)"
5767,New York,41.6983404,-73.92737939999999,False,False,396.0,"(173, 199, 195)"
5768,New York,41.7222178,-73.9067896,False,False,396.0,"(173, 199, 195)"
5769,New York,41.7224565,-73.9341204,False,False,396.0,"(173, 199, 195)"
5770,New York,41.7406388,-73.9046592,False,False,396.0,"(173, 199, 195)"
5771,New York,41.68514,-73.930972,False,False,396.0,"(173, 199, 195)"
5772,New York,,,False,False,396.0,"(173, 199, 195)"
5773,New York,42.5009038,-77.1880302,False,False,396.0,"(173, 199, 195)"
5774,New York,43.2797861,-77.18609289999999,False,False,396.0,"(173, 199, 195)"
5775,New York,41.0466485,-73.6977661,False,False,396.0,"(173, 199, 195)"
5776,New York,41.4300937,-73.6801297,False,False,396.0,"(173, 199, 195)"
5777,New York,40.7563454,-73.9239496,False,False,396.0,"(173, 199, 195)"
5778,New York,40.7585569,-73.7654367,False,False,396.0,"(173, 199, 195)"
5779,New York,40.7674987,-73.833079,False,False,396.0,"(173, 199, 195)"
5780,New York,40.702677,-73.7889689,False,False,396.0,"(173, 199, 195)"
5781,New York,40.7088522,-73.8596335,False,False,396.0,"(173, 199, 195)"
5782,New York,43.836083,-74.6567199,False,False,396.0,"(173, 199, 195)"
5783,New York,42.296322,-74.5835611,False,False,396.0,"(173, 199, 195)"
5784,Wisconsin,45.97416140000001,-89.89179949999999,False,False,201.0,"(211, 184, 182)"
5785,Wisconsin,45.4799347,-91.1105753,False,False,201.0,"(211, 184, 182)"
5786,Wisconsin,43.5900295,-89.74084510000002,False,False,201.0,"(211, 184, 182)"
5787,Wisconsin,44.490851,-80.215531,False,False,201.0,"(211, 184, 182)"
5788,Wisconsin,42.5886283,-88.359332,False,False,201.0,"(211, 184, 182)"
5789,Wisconsin,46.204167,-89.42611099999999,False,False,201.0,"(211, 184, 182)"
5790,Wisconsin,45.140245,-89.15233529999999,False,False,201.0,"(211, 184, 182)"
5791,Wisconsin,44.5798462,-87.7134557,False,False,201.0,"(211, 184, 182)"
5792,Wisconsin,43.0667281,-89.3971868,False,False,201.0,"(211, 184, 182)"
5793,Wisconsin,43.06276889999999,-89.3192031,False,False,201.0,"(211, 184, 182)"
5794,Wisconsin,43.1141884,-89.3699041,False,False,201.0,"(211, 184, 182)"
5795,Wisconsin,43.07618470000001,-89.3996951,False,False,201.0,"(211, 184, 182)"
5796,Wisconsin,43.1397085,-89.37543819999999,False,False,201.0,"(211, 184, 182)"
5797,Wisconsin,43.0758636,-89.40104559999999,False,False,201.0,"(211, 184, 182)"
5798,Wisconsin,43.0747126,-89.3843732,False,False,201.0,"(211, 184, 182)"
5799,Wisconsin,44.0939719,-87.6579974,False,False,201.0,"(211, 184, 182)"
5800,Wisconsin,44.0939719,-87.6579974,False,False,201.0,"(211, 184, 182)"
5801,Wisconsin,44.0939719,-87.6579974,False,False,201.0,"(211, 184, 182)"
5802,Wisconsin,44.0800102,-87.65726749999999,False,False,201.0,"(211, 184, 182)"
5803,Wisconsin,44.07921349999999,-87.6730836,False,False,201.0,"(211, 184, 182)"
5804,Wisconsin,44.0080486,-87.9223147,False,False,201.0,"(211, 184, 182)"
5805,Wisconsin,44.2862983,-87.7738952,False,False,201.0,"(211, 184, 182)"
5806,Wisconsin,43.2166408,-87.9223418,False,False,201.0,"(211, 184, 182)"
5807,Wisconsin,45.4771157,-88.32677799999999,False,False,201.0,"(211, 184, 182)"
5808,Wisconsin,44.6823769,-90.1665441,False,False,201.0,"(211, 184, 182)"
5809,Wisconsin,42.9749029,-89.2879241,False,False,201.0,"(211, 184, 182)"
5810,Wisconsin,44.2114468,-88.4475269,False,False,201.0,"(211, 184, 182)"
5811,Wisconsin,44.237113,-88.428968,False,False,201.0,"(211, 184, 182)"
5812,Wisconsin,44.8715765,-91.9266989,False,False,201.0,"(211, 184, 182)"
5813,Wisconsin,43.176723,-88.11121,False,False,201.0,"(211, 184, 182)"
5814,Wisconsin,43.1789684,-88.1037714,False,False,201.0,"(211, 184, 182)"
5815,New York,43.2398687,-76.7161819,False,False,396.0,"(173, 199, 195)"
5816,New York,41.9279397,-73.91318249999999,False,False,396.0,"(173, 199, 195)"
5817,New York,43.1875294,-77.6402459,False,False,396.0,"(173, 199, 195)"
5818,New York,43.229783,-77.56186420000002,False,False,396.0,"(173, 199, 195)"
5819,New York,43.1544782,-77.7061148,False,False,396.0,"(173, 199, 195)"
5820,New York,43.2133267,-77.6305552,False,False,396.0,"(173, 199, 195)"
5821,New York,43.139641,-77.679338,False,False,396.0,"(173, 199, 195)"
5822,New York,43.1305531,-77.6260033,False,False,396.0,"(173, 199, 195)"
5823,New York,43.1930922,-77.51217659999999,False,False,396.0,"(173, 199, 195)"
5824,New York,43.286121,-75.466994,False,False,396.0,"(173, 199, 195)"
5825,New York,43.210587,-75.455292,False,False,396.0,"(173, 199, 195)"
5826,New York,43.2385968,-75.4528272,False,False,396.0,"(173, 199, 195)"
5827,New York,43.3351159,-75.2334276,False,False,396.0,"(173, 199, 195)"
5828,New York,43.950664,-76.11184949999999,False,False,396.0,"(173, 199, 195)"
5829,New York,43.9496842,-76.1246395,False,False,396.0,"(173, 199, 195)"
5830,New York,43.9500646,-76.1097018,False,False,396.0,"(173, 199, 195)"
5831,New York,43.080664,-73.786248,False,False,396.0,"(173, 199, 195)"
5832,New York,43.0123082,-73.6488883,False,False,396.0,"(173, 199, 195)"
5833,New York,43.0615108,-73.7737101,False,False,396.0,"(173, 199, 195)"
5834,New York,43.005413,-75.26123799999999,False,False,396.0,"(173, 199, 195)"
5835,New York,41.13697060000001,-73.86157039999999,False,False,396.0,"(173, 199, 195)"
5836,Wisconsin,43.1583885,-88.1776302,False,False,201.0,"(211, 184, 182)"
5837,Wisconsin,43.2541994,-87.915531,False,False,201.0,"(211, 184, 182)"
5838,Wisconsin,45.179757,-89.7014685,False,False,201.0,"(211, 184, 182)"
5839,Wisconsin,45.179757,-89.7014685,False,False,201.0,"(211, 184, 182)"
5840,Wisconsin,42.7742587,-88.9555018,False,False,201.0,"(211, 184, 182)"
5841,Wisconsin,42.9790206,-87.9945833,False,False,201.0,"(211, 184, 182)"
5842,Wisconsin,43.1401276,-87.9083689,False,False,201.0,"(211, 184, 182)"
5843,Wisconsin,43.0418195,-87.90420370000001,False,False,201.0,"(211, 184, 182)"
5844,Wisconsin,43.03861209999999,-87.91449000000001,False,False,201.0,"(211, 184, 182)"
5845,Wisconsin,43.0844449,-88.0058712,False,False,201.0,"(211, 184, 182)"
5846,Wisconsin,43.0382216,-87.9297546,False,False,201.0,"(211, 184, 182)"
5847,Wisconsin,43.0382216,-87.9297546,False,False,201.0,"(211, 184, 182)"
5848,Wisconsin,43.0382216,-87.9297546,False,False,201.0,"(211, 184, 182)"
5849,Wisconsin,43.0382216,-87.9297546,False,False,201.0,"(211, 184, 182)"
5850,Wisconsin,43.0382216,-87.9297546,False,False,201.0,"(211, 184, 182)"
5851,Wisconsin,43.0382216,-87.9297546,False,False,201.0,"(211, 184, 182)"
5852,Wisconsin,43.0124056,-87.9267165,False,False,201.0,"(211, 184, 182)"
5853,Wisconsin,43.0408561,-88.0248649,False,False,201.0,"(211, 184, 182)"
5854,Wisconsin,43.03926269999999,-87.9056257,False,False,201.0,"(211, 184, 182)"
5855,Wisconsin,43.0382441,-87.94333139999999,False,False,201.0,"(211, 184, 182)"
5856,Wisconsin,43.1741758,-87.9242537,False,False,201.0,"(211, 184, 182)"
5857,Wisconsin,42.9105722,-87.8606367,False,False,201.0,"(211, 184, 182)"
5858,Wisconsin,43.006341,-87.937862,False,False,201.0,"(211, 184, 182)"
5859,Wisconsin,43.0068745,-87.95457069999999,False,False,201.0,"(211, 184, 182)"
5860,Wisconsin,43.053197,-87.8971365,False,False,201.0,"(211, 184, 182)"
5861,Wisconsin,43.078263,-87.8819686,False,False,201.0,"(211, 184, 182)"
5862,Wisconsin,43.0367864,-88.02269230000002,False,False,201.0,"(211, 184, 182)"
5863,Wisconsin,42.8573707,-90.1759478,False,False,201.0,"(211, 184, 182)"
5864,Wisconsin,45.8877118,-89.71879179999999,False,False,201.0,"(211, 184, 182)"
5865,Wisconsin,42.6127085,-89.6405185,False,False,201.0,"(211, 184, 182)"
5866,New York,42.8169797,-73.9170477,False,False,396.0,"(173, 199, 195)"
5867,New York,42.8205988,-73.9431462,False,False,396.0,"(173, 199, 195)"
5868,New York,42.817017,-73.92980530000001,False,False,396.0,"(173, 199, 195)"
5869,New York,42.8058168,-73.9325995,False,False,396.0,"(173, 199, 195)"
5870,New York,42.8296532,-73.9192649,False,False,396.0,"(173, 199, 195)"
5871,New York,42.5893626,-76.8490328,False,False,396.0,"(173, 199, 195)"
5872,New York,42.9151929,-76.794958,False,False,396.0,"(173, 199, 195)"
5873,New York,42.6820889,-76.86856159999999,False,False,396.0,"(173, 199, 195)"
5874,New York,43.0603741,-75.60484699999999,False,False,396.0,"(173, 199, 195)"
5875,New York,40.8036284,-72.8602794,False,False,396.0,"(173, 199, 195)"
5876,New York,40.8090335,-72.88620159999999,False,False,396.0,"(173, 199, 195)"
5877,New York,,,False,False,396.0,"(173, 199, 195)"
5878,New York,,,False,False,396.0,"(173, 199, 195)"
5879,New York,,,False,False,396.0,"(173, 199, 195)"
5880,New York,40.6204839,-74.15309610000001,False,False,396.0,"(173, 199, 195)"
5881,New York,40.5536095,-74.2175008,False,False,396.0,"(173, 199, 195)"
5882,New York,40.5751388,-74.1694021,False,False,396.0,"(173, 199, 195)"
5883,New York,40.5031274,-74.25325099999999,False,False,396.0,"(173, 199, 195)"
5884,New York,40.5325407,-74.238256,False,False,396.0,"(173, 199, 195)"
5885,New York,40.6018152,-74.1484904,False,False,396.0,"(173, 199, 195)"
5886,New York,40.5031274,-74.25325099999999,False,False,396.0,"(173, 199, 195)"
5887,New York,40.6012117,-74.0579185,False,False,396.0,"(173, 199, 195)"
5888,New York,40.5325407,-74.238256,False,False,396.0,"(173, 199, 195)"
5889,New York,40.5904525,-74.1323438,False,False,396.0,"(173, 199, 195)"
5890,New York,40.642631,-74.101917,False,False,396.0,"(173, 199, 195)"
5891,New York,40.5673546,-74.1342726,False,False,396.0,"(173, 199, 195)"
5892,New York,,,False,False,396.0,"(173, 199, 195)"
5893,New York,40.5083408,-74.23554039999999,False,False,396.0,"(173, 199, 195)"
5894,New York,40.5842703,-74.1215917,False,False,396.0,"(173, 199, 195)"
5895,Wisconsin,42.8780207,-88.3035091,False,False,201.0,"(211, 184, 182)"
5896,Wisconsin,42.8643069,-88.3333183,False,False,201.0,"(211, 184, 182)"
5897,Wisconsin,44.308971,-89.914829,False,False,201.0,"(211, 184, 182)"
5898,Wisconsin,45.00210999999999,-92.753987,False,False,201.0,"(211, 184, 182)"
5899,Wisconsin,42.8672352,-87.8396681,False,False,201.0,"(211, 184, 182)"
5900,Wisconsin,42.8800171,-87.85480249999999,False,False,201.0,"(211, 184, 182)"
5901,Wisconsin,42.8644299,-87.8734604,False,False,201.0,"(211, 184, 182)"
5902,Wisconsin,,,False,False,201.0,"(211, 184, 182)"
5903,Wisconsin,43.1145368,-88.4918445,False,False,201.0,"(211, 184, 182)"
5904,Wisconsin,43.1116397,-88.48685859999999,False,False,201.0,"(211, 184, 182)"
5905,Wisconsin,43.0994804,-88.4898572,False,False,201.0,"(211, 184, 182)"
5906,Wisconsin,44.497656,-88.192983,False,False,201.0,"(211, 184, 182)"
5907,Wisconsin,43.625896,-87.8024739,False,False,201.0,"(211, 184, 182)"
5908,Wisconsin,44.017506,-88.5386276,False,False,201.0,"(211, 184, 182)"
5909,Wisconsin,44.034873,-88.557369,False,False,201.0,"(211, 184, 182)"
5910,Wisconsin,44.0747489,-88.5181492,False,False,201.0,"(211, 184, 182)"
5911,Wisconsin,44.2619309,-88.41538469999999,False,False,201.0,"(211, 184, 182)"
5912,Wisconsin,45.9215571,-90.4375785,False,False,201.0,"(211, 184, 182)"
5913,Wisconsin,45.671113,-90.3899395,False,False,201.0,"(211, 184, 182)"
5914,Wisconsin,43.9143025,-88.31336519999999,False,False,201.0,"(211, 184, 182)"
5915,Wisconsin,44.214828,-89.49651999999999,False,False,201.0,"(211, 184, 182)"
5916,Wisconsin,44.4536983,-89.5441024,False,False,201.0,"(211, 184, 182)"
5917,Wisconsin,43.0442955,-87.90248980000001,False,False,201.0,"(211, 184, 182)"
5918,Wisconsin,43.5573114,-89.5687178,False,False,201.0,"(211, 184, 182)"
5919,Wisconsin,43.045186,-91.1463386,False,False,201.0,"(211, 184, 182)"
5920,Wisconsin,43.5573114,-89.5687178,False,False,201.0,"(211, 184, 182)"
5921,Wisconsin,43.5492657,-89.48200539999999,False,False,201.0,"(211, 184, 182)"
5922,Wisconsin,42.6894392,-90.7120713,False,False,201.0,"(211, 184, 182)"
5923,Wisconsin,42.70602050000001,-87.78660149999999,False,False,201.0,"(211, 184, 182)"
5924,New York,40.6270298,-74.10931409999999,False,False,396.0,"(173, 199, 195)"
5925,New York,40.5228688,-74.19393529999999,False,False,396.0,"(173, 199, 195)"
5926,New York,42.0784113,-78.48288219999999,False,False,396.0,"(173, 199, 195)"
5927,New York,42.950618,-73.636459,False,False,396.0,"(173, 199, 195)"
5928,New York,40.91265910000001,-73.1421745,False,False,396.0,"(173, 199, 195)"
5929,New York,40.91265910000001,-73.1421745,False,False,396.0,"(173, 199, 195)"
5930,New York,42.3370164,-77.31775770000002,False,False,396.0,"(173, 199, 195)"
5931,New York,43.3457184,-75.27545959999999,False,False,396.0,"(173, 199, 195)"
5932,New York,42.7141072,-78.53760179999999,False,False,396.0,"(173, 199, 195)"
5933,New York,40.68676670000001,-73.3734547,False,False,396.0,"(173, 199, 195)"
5934,New York,41.047827,-73.8687041,False,False,396.0,"(173, 199, 195)"
5935,New York,43.1996,-75.7247,False,False,396.0,"(173, 199, 195)"
5936,New York,43.16336,-75.7213921,False,False,396.0,"(173, 199, 195)"
5937,New York,43.1953024,-75.7299532,False,False,396.0,"(173, 199, 195)"
5938,New York,43.5551566,-76.11617679999999,False,False,396.0,"(173, 199, 195)"
5939,New York,43.0855009,-76.0741067,False,False,396.0,"(173, 199, 195)"
5940,New York,43.045967,-76.09842499999999,False,False,396.0,"(173, 199, 195)"
5941,New York,43.0473001,-76.1529242,False,False,396.0,"(173, 199, 195)"
5942,New York,43.0242329,-76.22326,False,False,396.0,"(173, 199, 195)"
5943,New York,43.0340194,-76.1918592,False,False,396.0,"(173, 199, 195)"
5944,New York,43.0734218,-76.1276012,False,False,396.0,"(173, 199, 195)"
5945,New York,41.0778722,-73.85085269999999,False,False,396.0,"(173, 199, 195)"
5946,New York,42.99257,-78.86444999999999,False,False,396.0,"(173, 199, 195)"
5947,New York,42.99257,-78.86444999999999,False,False,396.0,"(173, 199, 195)"
5948,New York,42.9559727,-78.6974434,False,False,396.0,"(173, 199, 195)"
5949,Wisconsin,42.6958098,-87.8227307,False,False,201.0,"(211, 184, 182)"
5950,Wisconsin,42.6963039,-87.8440334,False,False,201.0,"(211, 184, 182)"
5951,Wisconsin,42.7858872,-87.80727739999999,False,False,201.0,"(211, 184, 182)"
5952,Wisconsin,42.6976691,-87.83839830000001,False,False,201.0,"(211, 184, 182)"
5953,Wisconsin,42.7433161,-87.81470399999999,False,False,201.0,"(211, 184, 182)"
5954,Wisconsin,42.713261,-87.7915006,False,False,201.0,"(211, 184, 182)"
5955,Wisconsin,42.7226339,-87.8968146,False,False,201.0,"(211, 184, 182)"
5956,Wisconsin,,,False,False,201.0,"(211, 184, 182)"
5957,Wisconsin,44.2592636,-88.85561899999999,False,False,201.0,"(211, 184, 182)"
5958,Wisconsin,,,False,False,201.0,"(211, 184, 182)"
5959,Wisconsin,45.6339181,-89.38685079999999,False,False,201.0,"(211, 184, 182)"
5960,Wisconsin,45.3833829,-90.1362264,False,False,201.0,"(211, 184, 182)"
5961,Wisconsin,43.8432217,-88.8409595,False,False,201.0,"(211, 184, 182)"
5962,Wisconsin,43.8432217,-88.8409595,False,False,201.0,"(211, 184, 182)"
5963,Wisconsin,45.4093373,-86.8290684,False,False,201.0,"(211, 184, 182)"
5964,Wisconsin,,,False,False,201.0,"(211, 184, 182)"
5965,Wisconsin,45.4630231,-91.1040358,False,False,201.0,"(211, 184, 182)"
5966,Wisconsin,43.9988819,-87.92564809999999,False,False,201.0,"(211, 184, 182)"
5967,Wisconsin,,,False,False,201.0,"(211, 184, 182)"
5968,Wisconsin,44.59484800000001,-88.35459209999999,False,False,201.0,"(211, 184, 182)"
5969,Wisconsin,44.777981,-88.6086282,False,False,201.0,"(211, 184, 182)"
5970,Wisconsin,43.75335159999999,-87.7107695,False,False,201.0,"(211, 184, 182)"
5971,Wisconsin,43.7391616,-87.7817541,False,False,201.0,"(211, 184, 182)"
5972,Wisconsin,43.7500724,-87.70371709999999,False,False,201.0,"(211, 184, 182)"
5973,Wisconsin,43.7554782,-87.7174127,False,False,201.0,"(211, 184, 182)"
5974,Wisconsin,43.7624369,-87.7476416,False,False,201.0,"(211, 184, 182)"
5975,Wisconsin,,,False,False,201.0,"(211, 184, 182)"
5976,Wisconsin,,,False,False,201.0,"(211, 184, 182)"
5977,Wisconsin,,,False,False,201.0,"(211, 184, 182)"
5978,Wisconsin,44.52347150000001,-89.5745616,False,False,201.0,"(211, 184, 182)"
5979,New York,42.7171815,-73.6351394,False,False,396.0,"(173, 199, 195)"
5980,New York,42.7450267,-73.6682676,False,False,396.0,"(173, 199, 195)"
5981,New York,42.7631614,-73.6742792,False,False,396.0,"(173, 199, 195)"
5982,New York,42.7275691,-73.6631865,False,False,396.0,"(173, 199, 195)"
5983,New York,42.760988,-73.6689761,False,False,396.0,"(173, 199, 195)"
5984,New York,42.722082,-73.642641,False,False,396.0,"(173, 199, 195)"
5985,New York,42.7316975,-73.6831504,False,False,396.0,"(173, 199, 195)"
5986,New York,,,False,False,396.0,"(173, 199, 195)"
5987,New York,43.10497609999999,-75.253404,False,False,396.0,"(173, 199, 195)"
5988,New York,43.0990832,-75.2354716,False,False,396.0,"(173, 199, 195)"
5989,New York,43.087146,-75.22895,False,False,396.0,"(173, 199, 195)"
5990,New York,43.1515454,-75.21066669999999,False,False,396.0,"(173, 199, 195)"
5991,New York,,,False,False,396.0,"(173, 199, 195)"
5992,New York,40.678248,-73.6949854,False,False,396.0,"(173, 199, 195)"
5993,New York,42.93273670000001,-77.43864289999999,False,False,396.0,"(173, 199, 195)"
5994,New York,42.9478975,-77.3600981,False,False,396.0,"(173, 199, 195)"
5995,New York,43.0443351,-77.4786757,False,False,396.0,"(173, 199, 195)"
5996,New York,43.0261,-77.436401,False,False,396.0,"(173, 199, 195)"
5997,New York,41.6281345,-74.163444,False,False,396.0,"(173, 199, 195)"
5998,New York,41.6281345,-74.163444,False,False,396.0,"(173, 199, 195)"
5999,New York,41.6281345,-74.163444,False,False,396.0,"(173, 199, 195)"
6000,New York,,,False,False,396.0,"(173, 199, 195)"
6001,New York,41.2804404,-74.30885789999999,False,False,396.0,"(173, 199, 195)"
6002,New York,,,False,False,396.0,"(173, 199, 195)"
6003,New York,42.3628199,-76.9209135,False,False,396.0,"(173, 199, 195)"
6004,New York,41.055523,-73.748719,False,False,396.0,"(173, 199, 195)"
6005,New York,41.2709274,-73.7776336,False,False,396.0,"(173, 199, 195)"
6006,New York,41.597076,-73.9364557,False,False,396.0,"(173, 199, 195)"
6007,Wisconsin,44.5695865,-89.6337918,False,False,201.0,"(211, 184, 182)"
6008,Wisconsin,44.02803660000001,-88.3065288,False,False,201.0,"(211, 184, 182)"
6009,Wisconsin,,,False,False,201.0,"(211, 184, 182)"
6010,Wisconsin,,,False,False,201.0,"(211, 184, 182)"
6011,Wisconsin,44.5517931,-91.4383513,False,False,201.0,"(211, 184, 182)"
6012,Wisconsin,46.717986,-92.063249,False,False,201.0,"(211, 184, 182)"
6013,Wisconsin,,,False,False,201.0,"(211, 184, 182)"
6014,Wisconsin,42.5300764,-88.60079060000001,False,False,201.0,"(211, 184, 182)"
6015,Wisconsin,43.0683607,-88.055452,False,False,201.0,"(211, 184, 182)"
6016,Wisconsin,,,False,False,201.0,"(211, 184, 182)"
6017,Wisconsin,,,False,False,201.0,"(211, 184, 182)"
6018,Wisconsin,45.372875,-86.930936,False,False,201.0,"(211, 184, 182)"
6019,Wisconsin,42.8093879,-88.2092454,False,False,201.0,"(211, 184, 182)"
6020,Wisconsin,42.9928369,-88.222779,False,False,201.0,"(211, 184, 182)"
6021,Wisconsin,43.0309341,-88.3341031,False,False,201.0,"(211, 184, 182)"
6022,Wisconsin,43.0413842,-88.2553803,False,False,201.0,"(211, 184, 182)"
6023,Wisconsin,42.9922783,-88.22618690000002,False,False,201.0,"(211, 184, 182)"
6024,Wisconsin,44.356253,-89.08526499999999,False,False,201.0,"(211, 184, 182)"
6025,New York,43.96209289999999,-75.8919166,False,False,396.0,"(173, 199, 195)"
6026,New York,,,False,False,396.0,"(173, 199, 195)"
6027,New York,42.7141072,-78.53760179999999,False,False,396.0,"(173, 199, 195)"
6028,New York,42.00518599999999,-76.5313729,True,False,396.0,"(173, 199, 195)"
6029,New York,,,False,False,396.0,"(173, 199, 195)"
6030,New York,43.2239229,-77.1861277,False,False,396.0,"(173, 199, 195)"
6031,New York,40.9271505,-73.0813101,False,False,396.0,"(173, 199, 195)"
6032,New York,40.6921997,-73.346671,False,False,396.0,"(173, 199, 195)"
6033,New York,40.8230225,-73.9082878,False,False,396.0,"(173, 199, 195)"
6034,New York,40.7013985,-73.3020581,False,False,396.0,"(173, 199, 195)"
6035,New York,42.3214438,-79.57689549999999,False,False,396.0,"(173, 199, 195)"
6036,New York,43.5558653,-73.3991636,False,False,396.0,"(173, 199, 195)"
6037,New York,,,False,False,396.0,"(173, 199, 195)"
6038,New York,41.5219847,-73.95087029999999,False,False,396.0,"(173, 199, 195)"
6039,New York,43.535691,-75.17761519999999,False,False,396.0,"(173, 199, 195)"
6040,New York,43.1615213,-73.3450794,False,False,396.0,"(173, 199, 195)"
6041,New York,,,False,False,396.0,"(173, 199, 195)"
6042,New York,40.9122062,-73.878759,False,False,396.0,"(173, 199, 195)"
6043,New York,40.938975,-73.880315,False,False,396.0,"(173, 199, 195)"
6044,New York,40.9136448,-73.8904739,False,False,396.0,"(173, 199, 195)"
6045,New York,43.262358,-79.060631,False,False,396.0,"(173, 199, 195)"
6046,Wisconsin,44.9601134,-89.62625290000001,False,False,201.0,"(211, 184, 182)"
6047,Wisconsin,44.914337,-89.64150099999999,False,False,201.0,"(211, 184, 182)"
6048,Wisconsin,44.958239,-89.644296,False,False,201.0,"(211, 184, 182)"
6049,Wisconsin,43.05003900000001,-88.0358344,False,False,201.0,"(211, 184, 182)"
6050,Wisconsin,42.8874927,-87.86327159999999,False,False,201.0,"(211, 184, 182)"
6051,Wisconsin,42.9970229,-88.0438408,False,False,201.0,"(211, 184, 182)"
6052,Wisconsin,43.00209479999999,-87.97967129999999,False,False,201.0,"(211, 184, 182)"
6053,Wisconsin,43.4184685,-88.2120503,False,False,201.0,"(211, 184, 182)"
6054,Wisconsin,43.4239562,-88.1866861,False,False,201.0,"(211, 184, 182)"
6055,Wisconsin,44.4347657,-88.1201391,False,False,201.0,"(211, 184, 182)"
6056,Wisconsin,43.653771,-90.858109,False,False,201.0,"(211, 184, 182)"
6057,Wisconsin,44.2860457,-88.9215184,False,False,201.0,"(211, 184, 182)"
6058,Wisconsin,43.11942579999999,-87.90984499999999,False,False,201.0,"(211, 184, 182)"
6059,Wisconsin,44.154081,-87.812981,False,False,201.0,"(211, 184, 182)"
6060,Wisconsin,42.8411986,-88.7430845,False,False,201.0,"(211, 184, 182)"
6061,Wisconsin,42.8411986,-88.7430845,False,False,201.0,"(211, 184, 182)"
6062,Wisconsin,42.8411986,-88.7430845,False,False,201.0,"(211, 184, 182)"
6063,Wisconsin,42.8411986,-88.7430845,False,False,201.0,"(211, 184, 182)"
6064,Wisconsin,42.8411986,-88.7430845,False,False,201.0,"(211, 184, 182)"
6065,Wisconsin,43.9283696,-89.2906603,False,False,201.0,"(211, 184, 182)"
6066,Wisconsin,43.6275521,-89.7776069,False,False,201.0,"(211, 184, 182)"
6067,Wisconsin,44.4008932,-89.80424939999999,False,False,201.0,"(211, 184, 182)"
6068,Wisconsin,44.3893543,-89.82178329999999,False,False,201.0,"(211, 184, 182)"
6069,Wisconsin,44.6688524,-90.1717987,False,False,201.0,"(211, 184, 182)"
6070,Wisconsin,45.0145399,-88.9007547,False,False,201.0,"(211, 184, 182)"
6071,Iowa,42.4780023,-93.0906539,False,False,199.0,"(208, 128, 147)"
6072,Iowa,43.1416365,-94.2621284,False,False,199.0,"(208, 128, 147)"
6073,Iowa,43.13103210000001,-94.1859373,False,False,199.0,"(208, 128, 147)"
6074,Iowa,42.5569054,-96.3385874,False,False,199.0,"(208, 128, 147)"
6075,Iowa,42.0266187,-93.6464654,False,False,199.0,"(208, 128, 147)"
6076,Iowa,42.0266187,-93.6464654,False,False,199.0,"(208, 128, 147)"
6077,Iowa,42.1149282,-91.2958754,False,False,199.0,"(208, 128, 147)"
6078,Iowa,40.7290565,-92.8738196,False,False,199.0,"(208, 128, 147)"
6079,Iowa,41.5162364,-93.4894848,False,False,199.0,"(208, 128, 147)"
6080,Iowa,41.9753731,-91.5393245,False,False,199.0,"(208, 128, 147)"
6081,Iowa,40.7546535,-92.4095409,False,False,199.0,"(208, 128, 147)"
6082,Iowa,42.0575205,-93.8575058,False,False,199.0,"(208, 128, 147)"
6083,Iowa,42.0593212,-93.9693673,False,False,199.0,"(208, 128, 147)"
6084,Iowa,37.0137301,-85.9060934,False,False,199.0,"(208, 128, 147)"
6085,Iowa,,,False,False,199.0,"(208, 128, 147)"
6086,Iowa,40.780828,-91.11642,False,False,199.0,"(208, 128, 147)"
6087,Iowa,40.9174079,-91.1115311,False,False,199.0,"(208, 128, 147)"
6088,Iowa,41.9497083,-94.7480372,False,False,199.0,"(208, 128, 147)"
6089,Iowa,42.5133893,-92.4620034,False,False,199.0,"(208, 128, 147)"
6090,Iowa,42.5133893,-92.4620034,False,False,199.0,"(208, 128, 147)"
6091,Iowa,42.5133893,-92.4620034,False,False,199.0,"(208, 128, 147)"
6092,Iowa,41.9919827,-91.638772,False,False,199.0,"(208, 128, 147)"
6093,Iowa,41.9884283,-91.6591287,False,False,199.0,"(208, 128, 147)"
6094,Iowa,41.9527293,-91.7165762,False,False,199.0,"(208, 128, 147)"
6095,Iowa,41.97961309999999,-91.654347,False,False,199.0,"(208, 128, 147)"
6096,Iowa,42.0027013,-91.6522379,False,False,199.0,"(208, 128, 147)"
6097,Iowa,41.9759079,-91.645767,False,False,199.0,"(208, 128, 147)"
6098,Iowa,42.0553383,-91.9035128,False,False,199.0,"(208, 128, 147)"
6099,Iowa,,,False,False,199.0,"(208, 128, 147)"
6100,Iowa,41.9521748,-91.7193209,False,False,199.0,"(208, 128, 147)"
6101,Iowa,42.021834,-91.6477644,False,False,199.0,"(208, 128, 147)"
6102,Iowa,42.4460793,-96.3544707,False,False,199.0,"(208, 128, 147)"
6103,Iowa,43.0772177,-92.6878258,False,False,199.0,"(208, 128, 147)"
6104,Iowa,41.96732069999999,-90.4324596,False,False,199.0,"(208, 128, 147)"
6105,Iowa,42.7497807,-95.5506955,False,False,199.0,"(208, 128, 147)"
6106,Iowa,,,False,False,199.0,"(208, 128, 147)"
6107,Iowa,40.7577356,-95.0374397,False,False,199.0,"(208, 128, 147)"
6108,Iowa,,,False,False,199.0,"(208, 128, 147)"
6109,Iowa,41.9050209,-94.7202738,False,False,199.0,"(208, 128, 147)"
6110,Iowa,41.26944,-95.8495613,False,False,199.0,"(208, 128, 147)"
6111,Iowa,41.2550877,-95.8478051,False,False,199.0,"(208, 128, 147)"
6112,Iowa,41.3034798,-95.857971,False,False,199.0,"(208, 128, 147)"
6113,Iowa,41.258151,-95.851447,False,False,199.0,"(208, 128, 147)"
6114,Iowa,42.7226435,-94.1915215,False,False,199.0,"(208, 128, 147)"
6115,Iowa,41.522724,-90.572202,False,False,199.0,"(208, 128, 147)"
6116,Iowa,41.5847305,-90.568266,False,False,199.0,"(208, 128, 147)"
6117,Iowa,41.529679,-90.574644,False,False,199.0,"(208, 128, 147)"
6118,Iowa,41.5238852,-90.5777854,False,False,199.0,"(208, 128, 147)"
6119,Iowa,41.5236437,-90.5776367,False,False,199.0,"(208, 128, 147)"
6120,Iowa,41.5404254,-90.5807611,False,False,199.0,"(208, 128, 147)"
6121,Iowa,40.6411793,-93.8187845,False,False,199.0,"(208, 128, 147)"
6122,Iowa,40.8994663,-92.3575149,False,False,199.0,"(208, 128, 147)"
6123,Iowa,43.311063,-91.8062533,False,False,199.0,"(208, 128, 147)"
6124,Iowa,43.311063,-91.8062533,False,False,199.0,"(208, 128, 147)"
6125,Iowa,43.30213940000001,-91.7899528,False,False,199.0,"(208, 128, 147)"
6126,Iowa,41.5457931,-93.645514,False,False,199.0,"(208, 128, 147)"
6127,Iowa,41.5341333,-93.6587958,False,False,199.0,"(208, 128, 147)"
6128,Iowa,41.5341333,-93.6587958,False,False,199.0,"(208, 128, 147)"
6129,Iowa,41.5970211,-93.7229938,False,False,199.0,"(208, 128, 147)"
6130,Iowa,41.5955787,-93.6878586,False,False,199.0,"(208, 128, 147)"
6131,Iowa,41.56192009999999,-93.6271631,False,False,199.0,"(208, 128, 147)"
6132,Iowa,41.5967751,-93.6004947,False,False,199.0,"(208, 128, 147)"
6133,Iowa,,,False,False,199.0,"(208, 128, 147)"
6134,Iowa,41.6005448,-93.6091064,False,False,199.0,"(208, 128, 147)"
6135,Iowa,41.6611171,-93.6073761,False,False,199.0,"(208, 128, 147)"
6136,Iowa,41.583273,-93.6492409,False,False,199.0,"(208, 128, 147)"
6137,Iowa,,,False,False,199.0,"(208, 128, 147)"
6138,Iowa,42.5092661,-90.6913801,False,False,199.0,"(208, 128, 147)"
6139,Iowa,42.5016445,-90.6678969,False,False,199.0,"(208, 128, 147)"
6140,Iowa,42.501318,-90.6665552,False,False,199.0,"(208, 128, 147)"
6141,Iowa,42.53135229999999,-90.6506594,False,False,199.0,"(208, 128, 147)"
6142,Iowa,,,False,False,199.0,"(208, 128, 147)"
6143,Iowa,43.3933664,-94.7006839,False,False,199.0,"(208, 128, 147)"
6144,Iowa,,,False,False,199.0,"(208, 128, 147)"
6145,Iowa,,,False,False,199.0,"(208, 128, 147)"
6146,Iowa,43.3972786,-94.8573973,False,False,199.0,"(208, 128, 147)"
6147,Iowa,43.0663612,-92.6724112,False,False,199.0,"(208, 128, 147)"
6148,Iowa,,,False,False,199.0,"(208, 128, 147)"
6149,Iowa,42.510024,-94.185234,False,False,199.0,"(208, 128, 147)"
6150,Iowa,42.51158,-94.1831078,False,False,199.0,"(208, 128, 147)"
6151,Iowa,,,False,False,199.0,"(208, 128, 147)"
6152,Iowa,40.6536507,-91.3030573,False,False,199.0,"(208, 128, 147)"
6153,Iowa,41.0418703,-95.7433907,False,False,199.0,"(208, 128, 147)"
6154,Iowa,41.74905709999999,-92.7201302,False,False,199.0,"(208, 128, 147)"
6155,Iowa,41.7278004,-94.4735792,False,False,199.0,"(208, 128, 147)"
6156,Iowa,40.6061321,-95.6540121,False,False,199.0,"(208, 128, 147)"
6157,Iowa,42.4716475,-93.1452018,False,False,199.0,"(208, 128, 147)"
6158,Iowa,42.4703551,-91.8886627,False,False,199.0,"(208, 128, 147)"
6159,Iowa,41.364988,-93.563626,False,False,199.0,"(208, 128, 147)"
6160,Iowa,41.2677176,-95.8485939,False,False,199.0,"(208, 128, 147)"
6161,Iowa,41.6626963,-91.5548998,False,False,199.0,"(208, 128, 147)"
6162,Iowa,41.6581315,-91.5451162,False,False,199.0,"(208, 128, 147)"
6163,Iowa,41.6581315,-91.5451162,False,False,199.0,"(208, 128, 147)"
6164,Iowa,42.4712682,-93.1472368,False,False,199.0,"(208, 128, 147)"
6165,Iowa,,,False,False,199.0,"(208, 128, 147)"
6166,Iowa,41.739482,-91.6080974,False,False,199.0,"(208, 128, 147)"
6167,Iowa,43.0699663,-94.233019,False,False,199.0,"(208, 128, 147)"
6168,Iowa,42.26365759999999,-94.746072,False,False,199.0,"(208, 128, 147)"
6169,Iowa,40.6837305,-93.87961,False,False,199.0,"(208, 128, 147)"
6170,Iowa,,,False,False,199.0,"(208, 128, 147)"
6171,Iowa,41.864478,-93.8165596,False,False,199.0,"(208, 128, 147)"
6172,Iowa,,,False,False,199.0,"(208, 128, 147)"
6173,Iowa,42.027036,-91.6165192,False,False,199.0,"(208, 128, 147)"
6174,Iowa,42.0359468,-91.5996702,False,False,199.0,"(208, 128, 147)"
6175,Iowa,,,False,False,199.0,"(208, 128, 147)"
6176,Iowa,42.0577045,-92.9139996,False,False,199.0,"(208, 128, 147)"
6177,Iowa,,,False,False,199.0,"(208, 128, 147)"
6178,Iowa,,,False,False,199.0,"(208, 128, 147)"
6179,Iowa,,,False,False,199.0,"(208, 128, 147)"
6180,Iowa,41.6638805,-93.3669296,False,False,199.0,"(208, 128, 147)"
6181,Iowa,40.6714079,-94.1260303,False,False,199.0,"(208, 128, 147)"
6182,Iowa,,,False,False,199.0,"(208, 128, 147)"
6183,Iowa,40.9636454,-91.53661180000002,False,False,199.0,"(208, 128, 147)"
6184,Iowa,41.418999,-91.0672293,False,False,199.0,"(208, 128, 147)"
6185,Iowa,41.418999,-91.0672293,False,False,199.0,"(208, 128, 147)"
6186,Iowa,41.4186702,-91.0964924,False,False,199.0,"(208, 128, 147)"
6187,Iowa,41.4357712,-91.0546385,False,False,199.0,"(208, 128, 147)"
6188,Iowa,42.0200595,-93.4530453,False,False,199.0,"(208, 128, 147)"
6189,Iowa,42.2542197,-93.1911469,False,False,199.0,"(208, 128, 147)"
6190,Iowa,41.1766981,-93.7344687,False,False,199.0,"(208, 128, 147)"
6191,Iowa,,,False,False,199.0,"(208, 128, 147)"
6192,Iowa,41.7397308,-91.5980176,False,False,199.0,"(208, 128, 147)"
6193,Iowa,41.0178302,-95.8012725,False,False,199.0,"(208, 128, 147)"
6194,Iowa,42.1315699,-91.8145109,False,False,199.0,"(208, 128, 147)"
6195,Iowa,41.400595,-92.919667,False,False,199.0,"(208, 128, 147)"
6196,Iowa,41.5873903,-93.5196138,False,False,199.0,"(208, 128, 147)"
6197,Iowa,41.5772115,-93.711332,False,False,199.0,"(208, 128, 147)"
6198,Iowa,,,False,False,199.0,"(208, 128, 147)"
6199,Iowa,41.71329739999999,-91.6111278,False,False,199.0,"(208, 128, 147)"
6200,Iowa,,,False,False,199.0,"(208, 128, 147)"
6201,Iowa,,,False,False,199.0,"(208, 128, 147)"
6202,Iowa,40.8994663,-92.3575149,False,False,199.0,"(208, 128, 147)"
6203,Iowa,41.0351793,-92.4054339,False,False,199.0,"(208, 128, 147)"
6204,Iowa,41.4870473,-91.5786964,False,False,199.0,"(208, 128, 147)"
6205,Iowa,42.3923276,-94.6056148,False,False,199.0,"(208, 128, 147)"
6206,Iowa,41.2884385,-95.6913339,False,False,199.0,"(208, 128, 147)"
6207,Iowa,43.181045,-95.855146,False,False,199.0,"(208, 128, 147)"
6208,Iowa,,,False,False,199.0,"(208, 128, 147)"
6209,Iowa,42.0987031,-91.88840460000002,False,False,199.0,"(208, 128, 147)"
6210,Iowa,42.4025,-96.384167,False,False,199.0,"(208, 128, 147)"
6211,Iowa,42.5212268,-96.4430181,False,False,199.0,"(208, 128, 147)"
6212,Iowa,42.4574798,-96.3478677,False,False,199.0,"(208, 128, 147)"
6213,Iowa,42.70115819999999,-96.5438306,False,False,199.0,"(208, 128, 147)"
6214,Iowa,,,False,False,199.0,"(208, 128, 147)"
6215,Iowa,42.538529,-96.374569,False,False,199.0,"(208, 128, 147)"
6216,Iowa,42.4733866,-96.3585355,False,False,199.0,"(208, 128, 147)"
6217,Iowa,42.44905989999999,-96.3585515,False,False,199.0,"(208, 128, 147)"
6218,Iowa,42.4908021,-96.4063167,False,False,199.0,"(208, 128, 147)"
6219,Iowa,43.134899,-95.1408756,False,False,199.0,"(208, 128, 147)"
6220,Iowa,42.0559106,-91.4377306,False,False,199.0,"(208, 128, 147)"
6221,Iowa,43.38698,-92.919183,False,False,199.0,"(208, 128, 147)"
6222,Iowa,42.4987494,-92.3349139,False,False,199.0,"(208, 128, 147)"
6223,Iowa,42.6410826,-95.20981220000002,False,False,199.0,"(208, 128, 147)"
6224,Iowa,42.642046,-95.2095008,False,False,199.0,"(208, 128, 147)"
6225,Iowa,42.1832449,-93.5895839,False,False,199.0,"(208, 128, 147)"
6226,Iowa,42.3173261,-93.9428974,False,False,199.0,"(208, 128, 147)"
6227,Iowa,42.7263746,-91.4273614,False,False,199.0,"(208, 128, 147)"
6228,Iowa,41.6559421,-93.8422698,False,False,199.0,"(208, 128, 147)"
6229,Iowa,41.6378609,-93.7155848,False,False,199.0,"(208, 128, 147)"
6230,Iowa,,,False,False,199.0,"(208, 128, 147)"
6231,Iowa,40.93072189999999,-94.9733075,False,False,199.0,"(208, 128, 147)"
6232,Iowa,42.16271589999999,-92.0128043,False,False,199.0,"(208, 128, 147)"
6233,Iowa,42.16271589999999,-92.0128043,False,False,199.0,"(208, 128, 147)"
6234,Iowa,41.171784,-91.18252400000002,False,False,199.0,"(208, 128, 147)"
6235,Iowa,42.6895706,-92.4159022,False,False,199.0,"(208, 128, 147)"
6236,Iowa,42.4528232,-93.8134614,False,False,199.0,"(208, 128, 147)"
6237,Iowa,42.9631245,-91.8147866,False,False,199.0,"(208, 128, 147)"
6238,Iowa,,,False,False,199.0,"(208, 128, 147)"
6239,Iowa,,,False,False,199.0,"(208, 128, 147)"
6240,West Virginia,37.42475750000001,-81.00604899999999,False,False,179.0,"(209, 127, 153)"
6241,West Virginia,38.3628971,-82.24933229999999,False,False,179.0,"(209, 127, 153)"
6242,West Virginia,37.771575,-81.191154,False,False,179.0,"(209, 127, 153)"
6243,West Virginia,37.7781702,-81.1881557,False,False,179.0,"(209, 127, 153)"
6244,West Virginia,37.2672311,-81.2374456,False,False,179.0,"(209, 127, 153)"
6245,West Virginia,37.2618606,-81.24031269999999,False,False,179.0,"(209, 127, 153)"
6246,West Virginia,37.3042644,-81.25566909999999,False,False,179.0,"(209, 127, 153)"
6247,West Virginia,39.0322568,-80.1722576,True,False,179.0,"(209, 127, 153)"
6248,West Virginia,38.3971475,-82.5541952,False,False,179.0,"(209, 127, 153)"
6249,West Virginia,37.977278,-82.0265008,False,False,179.0,"(209, 127, 153)"
6250,West Virginia,38.3720105,-81.5767874,False,False,179.0,"(209, 127, 153)"
6251,West Virginia,38.350597,-81.63630959999999,False,False,179.0,"(209, 127, 153)"
6252,West Virginia,38.346368,-81.638494,False,False,179.0,"(209, 127, 153)"
6253,West Virginia,38.3328289,-81.6165232,False,False,179.0,"(209, 127, 153)"
6254,West Virginia,38.3328289,-81.6165232,False,False,179.0,"(209, 127, 153)"
6255,West Virginia,38.3328289,-81.6165232,False,False,179.0,"(209, 127, 153)"
6256,West Virginia,38.8634519,-77.0824718,False,False,179.0,"(209, 127, 153)"
6257,West Virginia,38.5449065,-121.7405167,False,False,179.0,"(209, 127, 153)"
6258,West Virginia,38.5449065,-121.7405167,False,False,179.0,"(209, 127, 153)"
6259,West Virginia,39.26286289999999,-81.06351049999999,False,False,179.0,"(209, 127, 153)"
6260,West Virginia,39.4182677,-80.15482089999999,False,False,179.0,"(209, 127, 153)"
6261,West Virginia,39.533792,-77.923557,False,False,179.0,"(209, 127, 153)"
6262,West Virginia,37.9931248,-80.98295279999999,False,False,179.0,"(209, 127, 153)"
6263,West Virginia,37.9484742,-81.2209014,False,False,179.0,"(209, 127, 153)"
6264,West Virginia,38.9348779,-80.83322199999999,False,False,179.0,"(209, 127, 153)"
6265,West Virginia,38.9348779,-80.83322199999999,False,False,179.0,"(209, 127, 153)"
6266,West Virginia,38.5882316,-82.2610457,False,False,179.0,"(209, 127, 153)"
6267,West Virginia,,,False,False,179.0,"(209, 127, 153)"
6268,West Virginia,38.2442268,-82.16371459999999,False,False,179.0,"(209, 127, 153)"
6269,West Virginia,39.3262807,-77.736243,False,False,179.0,"(209, 127, 153)"
6270,West Virginia,39.3245247,-77.7310511,False,False,179.0,"(209, 127, 153)"
6271,West Virginia,39.3227623,-77.7312573,False,False,179.0,"(209, 127, 153)"
6272,West Virginia,39.3253786,-77.7388818,False,False,179.0,"(209, 127, 153)"
6273,West Virginia,39.3517545,-80.3186989,False,False,179.0,"(209, 127, 153)"
6274,West Virginia,,,False,False,179.0,"(209, 127, 153)"
6275,West Virginia,,,False,False,179.0,"(209, 127, 153)"
6276,West Virginia,37.6736788,-80.89087610000001,False,False,179.0,"(209, 127, 153)"
6277,West Virginia,39.0611268,-80.16978979999999,True,False,179.0,"(209, 127, 153)"
6278,West Virginia,,,False,False,179.0,"(209, 127, 153)"
6279,West Virginia,38.4134833,-82.4620214,False,False,179.0,"(209, 127, 153)"
6280,West Virginia,38.4207873,-82.4428812,False,False,179.0,"(209, 127, 153)"
6281,West Virginia,38.4195346,-82.43686249999999,False,False,179.0,"(209, 127, 153)"
6282,West Virginia,,,False,False,179.0,"(209, 127, 153)"
6283,West Virginia,39.064017,-80.454855,False,False,179.0,"(209, 127, 153)"
6284,West Virginia,39.4533502,-79.6643871,False,False,179.0,"(209, 127, 153)"
6285,West Virginia,37.8030977,-80.44528910000001,False,False,179.0,"(209, 127, 153)"
6286,West Virginia,37.7877979,-82.1013969,False,False,179.0,"(209, 127, 153)"
6287,West Virginia,,,False,False,179.0,"(209, 127, 153)"
6288,West Virginia,,,False,False,179.0,"(209, 127, 153)"
6289,West Virginia,39.9167305,-80.7426634,True,False,179.0,"(209, 127, 153)"
6290,West Virginia,38.8445251,-82.1370889,False,False,179.0,"(209, 127, 153)"
6291,West Virginia,38.8445251,-82.1370889,False,False,179.0,"(209, 127, 153)"
6292,West Virginia,38.8445251,-82.1370889,False,False,179.0,"(209, 127, 153)"
6293,West Virginia,,,False,False,179.0,"(209, 127, 153)"
6294,West Virginia,64.2823274,-135.0,False,False,179.0,"(209, 127, 153)"
6295,West Virginia,38.437017,-82.1211177,False,False,179.0,"(209, 127, 153)"
6296,West Virginia,39.6624309,-79.93737449999999,False,False,179.0,"(209, 127, 153)"
6297,West Virginia,38.1802389,-81.32368149999999,False,False,179.0,"(209, 127, 153)"
6298,West Virginia,39.6361396,-79.95593579999999,False,False,179.0,"(209, 127, 153)"
6299,West Virginia,39.6361396,-79.95593579999999,False,False,179.0,"(209, 127, 153)"
6300,West Virginia,39.6720244,-79.85339069999999,False,False,179.0,"(209, 127, 153)"
6301,West Virginia,39.6349826,-79.9552667,False,False,179.0,"(209, 127, 153)"
6302,West Virginia,39.63023,-79.9546081,False,False,179.0,"(209, 127, 153)"
6303,West Virginia,39.222228,-81.1110198,False,False,179.0,"(209, 127, 153)"
6304,West Virginia,,,False,False,179.0,"(209, 127, 153)"
6305,West Virginia,39.2721586,-81.63215690000001,False,False,179.0,"(209, 127, 153)"
6306,West Virginia,39.264936,-81.561615,False,False,179.0,"(209, 127, 153)"
6307,West Virginia,39.2759083,-81.5529022,False,False,179.0,"(209, 127, 153)"
6308,West Virginia,39.26936,-81.559285,False,False,179.0,"(209, 127, 153)"
6309,West Virginia,39.2546161,-81.5852649,False,False,179.0,"(209, 127, 153)"
6310,West Virginia,,,False,False,179.0,"(209, 127, 153)"
6311,West Virginia,39.1411117,-79.1257668,False,False,179.0,"(209, 127, 153)"
6312,West Virginia,39.1182453,-80.0220412,False,False,179.0,"(209, 127, 153)"
6313,West Virginia,39.614648,-80.1100641,True,False,179.0,"(209, 127, 153)"
6314,West Virginia,37.5779834,-81.53592499999999,False,False,179.0,"(209, 127, 153)"
6315,West Virginia,38.1115838,-80.2724928,False,False,179.0,"(209, 127, 153)"
6316,West Virginia,38.9296107,-82.0761215,False,False,179.0,"(209, 127, 153)"
6317,West Virginia,39.38842530000001,-79.8528448,False,False,179.0,"(209, 127, 153)"
6318,West Virginia,37.7781702,-81.1881557,False,False,179.0,"(209, 127, 153)"
6319,West Virginia,37.6276151,-81.2409339,False,False,179.0,"(209, 127, 153)"
6320,West Virginia,38.4987251,-80.0542344,False,False,179.0,"(209, 127, 153)"
6321,West Virginia,,,False,False,179.0,"(209, 127, 153)"
6322,West Virginia,38.7631272,-79.38841939999999,False,False,179.0,"(209, 127, 153)"
6323,West Virginia,,,False,False,179.0,"(209, 127, 153)"
6324,West Virginia,37.6545651,-80.7289691,False,False,179.0,"(209, 127, 153)"
6325,West Virginia,39.2996558,-78.7959194,False,False,179.0,"(209, 127, 153)"
6326,West Virginia,39.2837675,-80.5655424,True,False,179.0,"(209, 127, 153)"
6327,West Virginia,39.2837675,-80.5655424,True,False,179.0,"(209, 127, 153)"
6328,West Virginia,39.436245,-77.80896330000002,False,False,179.0,"(209, 127, 153)"
6329,West Virginia,39.436245,-77.80896330000002,False,False,179.0,"(209, 127, 153)"
6330,West Virginia,39.436245,-77.80896330000002,False,False,179.0,"(209, 127, 153)"
6331,West Virginia,39.436245,-77.80896330000002,False,False,179.0,"(209, 127, 153)"
6332,West Virginia,38.8141151,-81.3687489,False,False,179.0,"(209, 127, 153)"
6333,West Virginia,39.5630753,-80.9967125,False,False,179.0,"(209, 127, 153)"
6334,West Virginia,38.1115838,-80.2724928,False,False,179.0,"(209, 127, 153)"
6335,West Virginia,38.306949,-80.83027299999999,False,False,179.0,"(209, 127, 153)"
6336,West Virginia,37.6495322,-80.7671197,False,False,179.0,"(209, 127, 153)"
6337,West Virginia,,,False,False,179.0,"(209, 127, 153)"
6338,West Virginia,39.038549,-80.471694,False,False,179.0,"(209, 127, 153)"
6339,West Virginia,40.0700391,-80.7242792,True,False,179.0,"(209, 127, 153)"
6340,West Virginia,40.0714517,-80.7105265,True,False,179.0,"(209, 127, 153)"
6341,West Virginia,40.0604473,-80.72353679999999,True,False,179.0,"(209, 127, 153)"
6342,West Virginia,37.776572,-80.3027439,False,False,179.0,"(209, 127, 153)"
6343,West Virginia,38.7856354,-80.4436261,False,False,179.0,"(209, 127, 153)"
6344,West Virginia,39.2667418,-81.56151349999999,False,False,179.0,"(209, 127, 153)"
6345,West Virginia,37.5373919,-81.37950959999999,False,False,179.0,"(209, 127, 153)"
6346,New Mexico,32.8894692,-105.9434357,False,False,446.0,"(144, 198, 196)"
6347,New Mexico,32.298524,-106.780286,False,False,446.0,"(144, 198, 196)"
6348,New Mexico,32.8917079,-105.9426427,False,False,446.0,"(144, 198, 196)"
6349,New Mexico,35.08162799999999,-106.639201,False,False,446.0,"(144, 198, 196)"
6350,New Mexico,35.0598914,-106.4706505,False,False,446.0,"(144, 198, 196)"
6351,New Mexico,35.093512,-106.6271041,False,False,446.0,"(144, 198, 196)"
6352,New Mexico,35.0776518,-106.5884708,False,False,446.0,"(144, 198, 196)"
6353,New Mexico,35.109347,-106.5046896,False,False,446.0,"(144, 198, 196)"
6354,New Mexico,35.082377,-106.638079,False,False,446.0,"(144, 198, 196)"
6355,New Mexico,35.0847734,-106.6525825,False,False,446.0,"(144, 198, 196)"
6356,New Mexico,35.1087125,-106.6619039,False,False,446.0,"(144, 198, 196)"
6357,New Mexico,35.082531,-106.618262,False,False,446.0,"(144, 198, 196)"
6358,New Mexico,,,False,False,446.0,"(144, 198, 196)"
6359,New Mexico,32.9264243,-105.9346933,False,False,446.0,"(144, 198, 196)"
6360,New Mexico,35.1000579,-106.669414,False,False,446.0,"(144, 198, 196)"
6361,New Mexico,35.107248,-106.602869,False,False,446.0,"(144, 198, 196)"
6362,New Mexico,35.0840507,-106.5304919,False,False,446.0,"(144, 198, 196)"
6363,New Mexico,35.0688702,-106.5778266,False,False,446.0,"(144, 198, 196)"
6364,New Mexico,35.092682,-106.6215205,False,False,446.0,"(144, 198, 196)"
6365,New Mexico,35.1728097,-106.5892183,False,False,446.0,"(144, 198, 196)"
6366,New Mexico,,,False,False,446.0,"(144, 198, 196)"
6367,New Mexico,31.997555,-106.6585028,False,False,446.0,"(144, 198, 196)"
6368,New Mexico,32.7697565,-104.3792249,False,False,446.0,"(144, 198, 196)"
6369,New Mexico,36.8201761,-107.9956236,False,False,446.0,"(144, 198, 196)"
6370,New Mexico,32.7781451,-108.1081637,False,False,446.0,"(144, 198, 196)"
6371,New Mexico,32.4189816,-104.2291902,False,False,446.0,"(144, 198, 196)"
6372,New Mexico,35.437136,-106.124522,False,False,446.0,"(144, 198, 196)"
6373,New Mexico,36.5049181,-104.9205143,False,False,446.0,"(144, 198, 196)"
6374,New Mexico,36.5049181,-104.9205143,False,False,446.0,"(144, 198, 196)"
6375,New Mexico,36.5049181,-104.9205143,False,False,446.0,"(144, 198, 196)"
6376,New Mexico,34.4044097,-103.2212116,False,False,446.0,"(144, 198, 196)"
6377,New Mexico,,,False,False,446.0,"(144, 198, 196)"
6378,New Mexico,35.2309543,-106.6118852,False,False,446.0,"(144, 198, 196)"
6379,New Mexico,,,False,False,446.0,"(144, 198, 196)"
6380,New Mexico,32.261531,-107.762993,False,False,446.0,"(144, 198, 196)"
6381,New Mexico,,,False,False,446.0,"(144, 198, 196)"
6382,New Mexico,,,False,False,446.0,"(144, 198, 196)"
6383,New Mexico,32.2737374,-107.7567538,False,False,446.0,"(144, 198, 196)"
6384,New Mexico,32.257165,-107.771347,False,False,446.0,"(144, 198, 196)"
6385,New Mexico,44.3022459,-93.260187,False,False,446.0,"(144, 198, 196)"
6386,New Mexico,36.7835522,-108.1542348,False,False,446.0,"(144, 198, 196)"
6387,New Mexico,32.7890533,-108.1576308,False,False,446.0,"(144, 198, 196)"
6388,New Mexico,,,False,False,446.0,"(144, 198, 196)"
6389,New Mexico,35.5232628,-108.7514171,False,False,446.0,"(144, 198, 196)"
6390,New Mexico,35.1268417,-107.8268891,False,False,446.0,"(144, 198, 196)"
6391,New Mexico,35.146232,-107.840755,False,False,446.0,"(144, 198, 196)"
6392,New Mexico,35.48113439999999,-105.8808587,False,False,446.0,"(144, 198, 196)"
6393,New Mexico,,,False,False,446.0,"(144, 198, 196)"
6394,New Mexico,32.3093462,-106.7683878,False,False,446.0,"(144, 198, 196)"
6395,New Mexico,31.7913951,-106.5298521,False,False,446.0,"(144, 198, 196)"
6396,New Mexico,32.3120081,-106.802703,False,False,446.0,"(144, 198, 196)"
6397,New Mexico,32.991234,-105.7850648,False,False,446.0,"(144, 198, 196)"
6398,New Mexico,32.9745672,-105.9570016,False,False,446.0,"(144, 198, 196)"
6399,New Mexico,35.8861078,-106.3169537,False,False,446.0,"(144, 198, 196)"
6400,New Mexico,35.881939,-106.318279,False,False,446.0,"(144, 198, 196)"
6401,New Mexico,34.7581742,-106.7571353,False,False,446.0,"(144, 198, 196)"
6402,New Mexico,,,False,False,446.0,"(144, 198, 196)"
6403,New Mexico,33.1573576,-105.7723543,False,False,446.0,"(144, 198, 196)"
6404,New Mexico,32.2745284,-106.795189,False,False,446.0,"(144, 198, 196)"
6405,New Mexico,34.6115755,-111.8349854,False,False,446.0,"(144, 198, 196)"
6406,New Mexico,37.269044,-95.5666846,False,False,446.0,"(144, 198, 196)"
6407,New Mexico,36.4136471,-104.9980592,False,False,446.0,"(144, 198, 196)"
6408,New Mexico,35.8773856,-106.0660458,False,False,446.0,"(144, 198, 196)"
6409,New Mexico,36.90295649999999,-104.4392226,False,False,446.0,"(144, 198, 196)"
6410,New Mexico,33.4088123,-104.523154,False,False,446.0,"(144, 198, 196)"
6411,New Mexico,33.4372407,-104.5947466,False,False,446.0,"(144, 198, 196)"
6412,New Mexico,,,False,False,446.0,"(144, 198, 196)"
6413,New Mexico,33.4554261,-105.7354838,False,False,446.0,"(144, 198, 196)"
6414,New Mexico,32.8387112,-105.3705358,False,False,446.0,"(144, 198, 196)"
6415,New Mexico,35.6569559,-105.9775895,False,False,446.0,"(144, 198, 196)"
6416,New Mexico,35.6890275,-105.9406894,False,False,446.0,"(144, 198, 196)"
6417,New Mexico,35.69126019999999,-105.940563,False,False,446.0,"(144, 198, 196)"
6418,New Mexico,35.6866,-105.9372329,False,False,446.0,"(144, 198, 196)"
6419,New Mexico,35.6862784,-105.9330189,False,False,446.0,"(144, 198, 196)"
6420,New Mexico,35.6594865,-105.945416,False,False,446.0,"(144, 198, 196)"
6421,New Mexico,35.6710215,-105.9676944,False,False,446.0,"(144, 198, 196)"
6422,New Mexico,33.1402658,-107.2418894,False,False,446.0,"(144, 198, 196)"
6423,New Mexico,35.799645,-104.980287,True,False,446.0,"(144, 198, 196)"
6424,Washington,46.9753051,-123.8137528,False,False,499.0,"(123, 191, 189)"
6425,Washington,48.1672878,-122.1161054,False,False,499.0,"(123, 191, 189)"
6426,Washington,48.194031,-122.112316,False,False,499.0,"(123, 191, 189)"
6427,Washington,48.1954732,-122.1202898,False,False,499.0,"(123, 191, 189)"
6428,Washington,47.3086637,-122.2199762,False,False,499.0,"(123, 191, 189)"
6429,Washington,47.3086637,-122.2199762,False,False,499.0,"(123, 191, 189)"
6430,Washington,47.3152985,-122.226381,False,False,499.0,"(123, 191, 189)"
6431,Washington,44.5670331,-91.6702615,False,False,499.0,"(123, 191, 189)"
6432,Washington,48.748549,-122.441462,False,False,499.0,"(123, 191, 189)"
6433,Washington,48.7521648,-122.477941,False,False,499.0,"(123, 191, 189)"
6434,Washington,48.750299,-122.464574,False,False,499.0,"(123, 191, 189)"
6435,Washington,48.7453675,-122.4750367,False,False,499.0,"(123, 191, 189)"
6436,Washington,48.751708,-122.481868,False,False,499.0,"(123, 191, 189)"
6437,Washington,48.774173,-122.4614242,False,False,499.0,"(123, 191, 189)"
6438,Washington,46.8298496,-119.8964612,False,False,499.0,"(123, 191, 189)"
6439,Washington,45.6774581,-120.8647706,False,False,499.0,"(123, 191, 189)"
6440,Washington,48.9152016,-122.7467021,False,False,499.0,"(123, 191, 189)"
6441,Washington,47.3108116,-122.0167146,False,False,499.0,"(123, 191, 189)"
6442,Washington,47.5821952,-122.6322912,False,False,499.0,"(123, 191, 189)"
6443,Washington,47.5682445,-122.6352118,False,False,499.0,"(123, 191, 189)"
6444,Washington,47.6220377,-122.6527558,False,False,499.0,"(123, 191, 189)"
6445,Washington,47.719455,-122.202126,False,False,499.0,"(123, 191, 189)"
6446,Washington,47.6524393,-121.9111405,False,False,499.0,"(123, 191, 189)"
6447,Washington,47.569875,-121.8878748,False,False,499.0,"(123, 191, 189)"
6448,Washington,45.729094,-121.797703,False,False,499.0,"(123, 191, 189)"
6449,Washington,47.624555,-122.6527773,False,False,499.0,"(123, 191, 189)"
6450,Washington,46.6824397,-122.9591759,False,False,499.0,"(123, 191, 189)"
6451,Washington,47.49061630000001,-117.5854813,False,False,499.0,"(123, 191, 189)"
6452,Washington,46.42074820000001,-117.0563188,False,False,499.0,"(123, 191, 189)"
6453,Washington,48.539146,-121.745547,False,False,499.0,"(123, 191, 189)"
6454,Washington,48.2065558,-122.7056515,False,False,499.0,"(123, 191, 189)"
6455,Washington,,,False,False,499.0,"(123, 191, 189)"
6456,Washington,,,False,False,499.0,"(123, 191, 189)"
6457,Washington,46.2879717,-117.8071275,False,False,499.0,"(123, 191, 189)"
6458,Washington,47.74774379999999,-121.9853715,False,False,499.0,"(123, 191, 189)"
6459,Washington,47.8012409,-122.1440334,False,False,499.0,"(123, 191, 189)"
6460,Washington,47.421802,-120.266425,False,False,499.0,"(123, 191, 189)"
6461,Washington,47.8109502,-122.3776966,False,False,499.0,"(123, 191, 189)"
6462,Washington,47.0042009,-120.536095,False,False,499.0,"(123, 191, 189)"
6463,Washington,47.0067549,-120.5360182,False,False,499.0,"(123, 191, 189)"
6464,Washington,47.0067549,-120.5360182,False,False,499.0,"(123, 191, 189)"
6465,Washington,46.934247,-120.454198,False,False,499.0,"(123, 191, 189)"
6466,Washington,46.9724782,-120.4707054,False,False,499.0,"(123, 191, 189)"
6467,Washington,,,False,False,499.0,"(123, 191, 189)"
6468,Washington,47.9852279,-122.209213,False,False,499.0,"(123, 191, 189)"
6469,Washington,48.0009744,-122.2003645,False,False,499.0,"(123, 191, 189)"
6470,Washington,47.982284,-122.1764961,False,False,499.0,"(123, 191, 189)"
6471,Washington,47.88647599999999,-122.2537461,False,False,499.0,"(123, 191, 189)"
6472,Washington,47.887831,-122.2363741,False,False,499.0,"(123, 191, 189)"
6473,Washington,47.978749,-122.208177,False,False,499.0,"(123, 191, 189)"
6474,Washington,47.9728089,-122.2241479,False,False,499.0,"(123, 191, 189)"
6475,Washington,,,False,False,499.0,"(123, 191, 189)"
6476,Washington,47.15674749999999,-122.4935015,False,False,499.0,"(123, 191, 189)"
6477,Washington,,,False,False,499.0,"(123, 191, 189)"
6478,Washington,47.12397439999999,-122.6004521,False,False,499.0,"(123, 191, 189)"
6479,Washington,42.3201,-72.62989999999999,False,False,499.0,"(123, 191, 189)"
6480,Washington,48.6084725,-123.1529885,False,False,499.0,"(123, 191, 189)"
6481,Washington,48.5460236,-123.0129873,False,False,499.0,"(123, 191, 189)"
6482,Washington,38.9041065,-77.0409983,False,False,499.0,"(123, 191, 189)"
6483,Washington,47.3028929,-122.6108804,False,False,499.0,"(123, 191, 189)"
6484,Washington,46.33537630000001,-120.1682027,False,False,499.0,"(123, 191, 189)"
6485,Washington,48.103875,-121.998922,False,False,499.0,"(123, 191, 189)"
6486,Washington,47.3350291,-122.921626,False,False,499.0,"(123, 191, 189)"
6487,Washington,46.9786368,-123.8796645,False,False,499.0,"(123, 191, 189)"
6488,Washington,47.821015,-121.5555438,False,False,499.0,"(123, 191, 189)"
6489,Washington,47.2103818,-122.0381925,False,False,499.0,"(123, 191, 189)"
6490,Washington,47.38606799999999,-122.2081824,False,False,499.0,"(123, 191, 189)"
6491,Washington,47.6757442,-122.2055358,False,False,499.0,"(123, 191, 189)"
6492,Washington,47.665795,-122.198108,False,False,499.0,"(123, 191, 189)"
6493,Washington,47.0477492,-122.7667761,False,False,499.0,"(123, 191, 189)"
6494,Washington,47.130346,-122.551233,False,False,499.0,"(123, 191, 189)"
6495,Washington,47.6089156,-120.6457848,False,False,499.0,"(123, 191, 189)"
6496,Washington,46.3307505,-124.056266,False,False,499.0,"(123, 191, 189)"
6497,Washington,46.3924658,-124.0539384,False,False,499.0,"(123, 191, 189)"
6498,Washington,46.17370589999999,-123.0229966,False,False,499.0,"(123, 191, 189)"
6499,Washington,46.1383869,-122.9584961,False,False,499.0,"(123, 191, 189)"
6500,Washington,46.2122079,-119.99471,False,False,499.0,"(123, 191, 189)"
6501,Washington,48.92402879999999,-122.0793149,False,False,499.0,"(123, 191, 189)"
6502,Washington,48.0549208,-122.1481364,False,False,499.0,"(123, 191, 189)"
6503,Washington,48.096469,-122.154923,False,False,499.0,"(123, 191, 189)"
6504,Washington,48.2600475,-122.3116155,False,False,499.0,"(123, 191, 189)"
6505,Washington,48.0865255,-122.1727475,False,False,499.0,"(123, 191, 189)"
6506,Washington,47.1828499,-119.3215697,False,False,499.0,"(123, 191, 189)"
6507,Washington,47.127013,-119.2831774,False,False,499.0,"(123, 191, 189)"
6508,Washington,47.1117297,-119.2658505,False,False,499.0,"(123, 191, 189)"
6509,Washington,,,False,False,499.0,"(123, 191, 189)"
6510,Washington,48.3814552,-122.2218295,False,False,499.0,"(123, 191, 189)"
6511,Washington,47.9025313,-122.2993687,False,False,499.0,"(123, 191, 189)"
6512,Washington,46.5747198,-122.9103286,False,False,499.0,"(123, 191, 189)"
6513,Washington,47.00781019999999,-124.1673539,False,False,499.0,"(123, 191, 189)"
6514,Washington,,,False,False,499.0,"(123, 191, 189)"
6515,Washington,44.017506,-88.5386276,False,False,499.0,"(123, 191, 189)"
6516,Washington,46.546716,-124.030194,False,False,499.0,"(123, 191, 189)"
6517,Washington,46.6062594,-121.6720933,False,False,499.0,"(123, 191, 189)"
6518,Washington,46.7853161,-121.7349733,False,False,499.0,"(123, 191, 189)"
6519,Washington,,,False,False,499.0,"(123, 191, 189)"
6520,Washington,47.2528768,-122.4442906,False,False,499.0,"(123, 191, 189)"
6521,Washington,48.11635,-122.7616139,False,False,499.0,"(123, 191, 189)"
6522,Washington,48.104433,-122.789837,False,False,499.0,"(123, 191, 189)"
6523,Washington,46.234784,-119.707821,False,False,499.0,"(123, 191, 189)"
6524,Washington,46.7319225,-117.1542121,False,False,499.0,"(123, 191, 189)"
6525,Washington,47.38089960000001,-122.6360482,False,False,499.0,"(123, 191, 189)"
6526,Washington,47.18227,-122.296801,False,False,499.0,"(123, 191, 189)"
6527,Washington,47.4709996,-123.8404282,False,False,499.0,"(123, 191, 189)"
6528,Washington,47.466952,-123.8482861,False,False,499.0,"(123, 191, 189)"
6529,Washington,,,False,False,499.0,"(123, 191, 189)"
6530,Washington,46.67770520000001,-123.7408142,False,False,499.0,"(123, 191, 189)"
6531,Washington,47.477481,-122.1811176,False,False,499.0,"(123, 191, 189)"
6532,Washington,47.481741,-122.21197,False,False,499.0,"(123, 191, 189)"
6533,Washington,45.773719,-122.744108,False,False,499.0,"(123, 191, 189)"
6534,Washington,,,False,False,499.0,"(123, 191, 189)"
6535,Washington,47.2226608,-120.9933213,False,False,499.0,"(123, 191, 189)"
6536,Washington,40.8024164,-73.64503470000001,False,False,499.0,"(123, 191, 189)"
6537,Washington,48.6446687,-122.873301,False,False,499.0,"(123, 191, 189)"
6538,Washington,41.1768897,-112.0326531,False,False,499.0,"(123, 191, 189)"
6539,Washington,47.6239152,-122.353686,False,False,499.0,"(123, 191, 189)"
6540,Washington,47.625305,-122.3221835,False,False,499.0,"(123, 191, 189)"
6541,Washington,47.6147882,-122.3138433,False,False,499.0,"(123, 191, 189)"
6542,Washington,47.6364767,-122.3163541,False,False,499.0,"(123, 191, 189)"
6543,Washington,47.58354910000001,-122.3229369,False,False,499.0,"(123, 191, 189)"
6544,Washington,,,False,False,499.0,"(123, 191, 189)"
6545,Washington,47.5431717,-122.3221362,False,False,499.0,"(123, 191, 189)"
6546,Washington,47.664099,-122.3311221,False,False,499.0,"(123, 191, 189)"
6547,Washington,47.6797182,-122.3256609,False,False,499.0,"(123, 191, 189)"
6548,Washington,47.6571808,-122.3379137,False,False,499.0,"(123, 191, 189)"
6549,Washington,47.6162011,-122.3224047,False,False,499.0,"(123, 191, 189)"
6550,Washington,47.613312,-122.340053,False,False,499.0,"(123, 191, 189)"
6551,Washington,47.744732,-122.32046,False,False,499.0,"(123, 191, 189)"
6552,Washington,47.61231,-122.34614,False,False,499.0,"(123, 191, 189)"
6553,Washington,47.542463,-122.26029,False,False,499.0,"(123, 191, 189)"
6554,Washington,47.7075329,-122.2956588,False,False,499.0,"(123, 191, 189)"
6555,Washington,,,False,False,499.0,"(123, 191, 189)"
6556,Washington,47.6684779,-122.3812232,False,False,499.0,"(123, 191, 189)"
6557,Washington,47.6101359,-122.3420567,False,False,499.0,"(123, 191, 189)"
6558,Washington,,,False,False,499.0,"(123, 191, 189)"
6559,Washington,47.5112991,-122.2473495,False,False,499.0,"(123, 191, 189)"
6560,Washington,47.690673,-122.290211,False,False,499.0,"(123, 191, 189)"
6561,Washington,,,False,False,499.0,"(123, 191, 189)"
6562,Washington,47.65533509999999,-122.3035199,False,False,499.0,"(123, 191, 189)"
6563,Washington,47.665244,-122.3155608,False,False,499.0,"(123, 191, 189)"
6564,Washington,47.5666668,-122.3867537,False,False,499.0,"(123, 191, 189)"
6565,Washington,47.608944,-122.3267019,False,False,499.0,"(123, 191, 189)"
6566,Washington,48.53398,-122.206254,False,False,499.0,"(123, 191, 189)"
6567,Washington,48.53398,-122.206254,False,False,499.0,"(123, 191, 189)"
6568,Washington,48.156394,-122.2444099,False,False,499.0,"(123, 191, 189)"
6569,Washington,48.20263509999999,-122.2556596,False,False,499.0,"(123, 191, 189)"
6570,Washington,47.7095666,-121.3589931,False,False,499.0,"(123, 191, 189)"
6571,Washington,47.9195776,-122.1158254,False,False,499.0,"(123, 191, 189)"
6572,Washington,47.9118846,-122.0940784,False,False,499.0,"(123, 191, 189)"
6573,Washington,47.9111377,-122.0939296,False,False,499.0,"(123, 191, 189)"
6574,Washington,47.915157,-122.088498,False,False,499.0,"(123, 191, 189)"
6575,Washington,47.1055362,-122.4130018,False,False,499.0,"(123, 191, 189)"
6576,Washington,47.1150727,-122.4277165,False,False,499.0,"(123, 191, 189)"
6577,Washington,47.6376018,-117.2520123,False,False,499.0,"(123, 191, 189)"
6578,Washington,47.6636398,-117.4136403,False,False,499.0,"(123, 191, 189)"
6579,Washington,47.6998994,-117.3388995,False,False,499.0,"(123, 191, 189)"
6580,Washington,47.6542106,-117.4237332,False,False,499.0,"(123, 191, 189)"
6581,Washington,47.66616,-117.301091,False,False,499.0,"(123, 191, 189)"
6582,Washington,47.66122499999999,-117.414156,False,False,499.0,"(123, 191, 189)"
6583,Washington,47.6182629,-117.6438555,False,False,499.0,"(123, 191, 189)"
6584,Washington,47.6182629,-117.6438555,False,False,499.0,"(123, 191, 189)"
6585,Washington,47.6212999,-117.5159206,False,False,499.0,"(123, 191, 189)"
6586,Washington,47.685725,-117.3913251,False,False,499.0,"(123, 191, 189)"
6587,Washington,47.667189,-117.4023849,False,False,499.0,"(123, 191, 189)"
6588,Washington,47.6488241,-117.4130344,False,False,499.0,"(123, 191, 189)"
6589,Washington,,,False,False,499.0,"(123, 191, 189)"
6590,Washington,47.664243,-117.43933,False,False,499.0,"(123, 191, 189)"
6591,Washington,47.8028196,-117.3401407,False,False,499.0,"(123, 191, 189)"
6592,Washington,47.6875503,-117.3490691,False,False,499.0,"(123, 191, 189)"
6593,Washington,47.6672218,-117.1948271,False,False,499.0,"(123, 191, 189)"
6594,Washington,47.8264592,-117.3352443,False,False,499.0,"(123, 191, 189)"
6595,Washington,47.659499,-117.423538,False,False,499.0,"(123, 191, 189)"
6596,Washington,47.65931,-117.473094,False,False,499.0,"(123, 191, 189)"
6597,Washington,47.6925798,-117.4007999,False,False,499.0,"(123, 191, 189)"
6598,Washington,47.6834031,-117.292742,False,False,499.0,"(123, 191, 189)"
6599,Washington,48.2336632,-122.3359986,False,False,499.0,"(123, 191, 189)"
6600,Washington,48.2426514,-122.3710914,False,False,499.0,"(123, 191, 189)"
6601,Washington,47.1702945,-122.5204728,False,False,499.0,"(123, 191, 189)"
6602,Washington,,,False,False,499.0,"(123, 191, 189)"
6603,Washington,47.1770457,-122.1865055,False,False,499.0,"(123, 191, 189)"
6604,Washington,47.2507286,-122.4108725,False,False,499.0,"(123, 191, 189)"
6605,Washington,47.184464,-122.46242,False,False,499.0,"(123, 191, 189)"
6606,Washington,47.2557586,-122.4420906,False,False,499.0,"(123, 191, 189)"
6607,Washington,47.1717649,-122.518458,False,False,499.0,"(123, 191, 189)"
6608,Washington,47.1717649,-122.518458,False,False,499.0,"(123, 191, 189)"
6609,Washington,47.3083123,-122.5327736,False,False,499.0,"(123, 191, 189)"
6610,Washington,47.3083123,-122.5327736,False,False,499.0,"(123, 191, 189)"
6611,Washington,47.1740135,-122.5190526,False,False,499.0,"(123, 191, 189)"
6612,Washington,47.2363583,-122.4095326,False,False,499.0,"(123, 191, 189)"
6613,Washington,47.130346,-122.551233,False,False,499.0,"(123, 191, 189)"
6614,Washington,47.261764,-122.481455,False,False,499.0,"(123, 191, 189)"
6615,Washington,47.261764,-122.481455,False,False,499.0,"(123, 191, 189)"
6616,Washington,47.17866000000001,-122.5650751,False,False,499.0,"(123, 191, 189)"
6617,Washington,47.3441054,-124.2878978,False,False,499.0,"(123, 191, 189)"
6618,Washington,47.0679018,-120.6711851,False,False,499.0,"(123, 191, 189)"
6619,Washington,46.70863,-123.985774,False,False,499.0,"(123, 191, 189)"
6620,Washington,46.3790245,-120.3154637,False,False,499.0,"(123, 191, 189)"
6621,Washington,45.6261746,-122.6565852,False,False,499.0,"(123, 191, 189)"
6622,Washington,45.628158,-122.6600802,False,False,499.0,"(123, 191, 189)"
6623,Washington,45.67626660000001,-122.65443,False,False,499.0,"(123, 191, 189)"
6624,Washington,45.6257476,-122.6550957,False,False,499.0,"(123, 191, 189)"
6625,Washington,45.63608199999999,-122.612357,False,False,499.0,"(123, 191, 189)"
6626,Washington,45.6281726,-122.6595415,False,False,499.0,"(123, 191, 189)"
6627,Washington,45.6281726,-122.6595415,False,False,499.0,"(123, 191, 189)"
6628,Washington,,,False,False,499.0,"(123, 191, 189)"
6629,Washington,47.6454052,-120.0696874,False,False,499.0,"(123, 191, 189)"
6630,Washington,38.7507528,-105.171113,True,False,499.0,"(123, 191, 189)"
6631,Washington,47.513156,-122.26628,False,False,499.0,"(123, 191, 189)"
6632,Washington,48.16444,-122.6775001,False,False,499.0,"(123, 191, 189)"
6633,Washington,47.7298044,-122.1493133,False,False,499.0,"(123, 191, 189)"
6634,Washington,46.3425591,-120.8366297,False,False,499.0,"(123, 191, 189)"
6635,Washington,46.8140449,-117.8818834,False,False,499.0,"(123, 191, 189)"
6636,Washington,46.8125302,-117.8772375,False,False,499.0,"(123, 191, 189)"
6637,Washington,46.602417,-120.5021549,False,False,499.0,"(123, 191, 189)"
6638,Washington,46.6072246,-120.5168443,False,False,499.0,"(123, 191, 189)"
6639,Washington,46.5959927,-120.5255876,False,False,499.0,"(123, 191, 189)"
6640,Washington,46.5937545,-120.5476355,False,False,499.0,"(123, 191, 189)"
6641,Washington,46.6772195,-120.4801719,False,False,499.0,"(123, 191, 189)"
6642,Illinois,40.799954,-90.406414,False,False,314.0,"(199, 204, 199)"
6643,Illinois,42.1642827,-88.369069,False,False,314.0,"(199, 204, 199)"
6644,Illinois,39.9983398,-88.6517012,False,False,314.0,"(199, 204, 199)"
6645,Illinois,41.6804813,-87.75050940000001,False,False,314.0,"(199, 204, 199)"
6646,Illinois,,,False,False,314.0,"(199, 204, 199)"
6647,Illinois,38.8906615,-90.1661782,False,False,314.0,"(199, 204, 199)"
6648,Illinois,38.9053056,-90.1678298,False,False,314.0,"(199, 204, 199)"
6649,Illinois,38.9060616,-90.1836127,False,False,314.0,"(199, 204, 199)"
6650,Illinois,38.8973516,-90.1356308,False,False,314.0,"(199, 204, 199)"
6651,Illinois,38.8892451,-90.1819013,False,False,314.0,"(199, 204, 199)"
6652,Illinois,38.8973516,-90.1356308,False,False,314.0,"(199, 204, 199)"
6653,Illinois,38.9080247,-90.1730373,False,False,314.0,"(199, 204, 199)"
6654,Illinois,41.8159557,-89.3889526,False,False,314.0,"(199, 204, 199)"
6655,Illinois,37.47210949999999,-89.2450295,True,False,314.0,"(199, 204, 199)"
6656,Illinois,37.4649115,-89.2461276,True,False,314.0,"(199, 204, 199)"
6657,Illinois,42.477003,-88.096127,False,False,314.0,"(199, 204, 199)"
6658,Illinois,39.6845826,-88.309466,False,False,314.0,"(199, 204, 199)"
6659,Illinois,39.5685523,-88.0309589,False,False,314.0,"(199, 204, 199)"
6660,Illinois,39.5294263,-88.05111269999999,False,False,314.0,"(199, 204, 199)"
6661,Illinois,35.0466045,-88.9775023,False,False,314.0,"(199, 204, 199)"
6662,Illinois,42.0769907,-87.9859524,False,False,314.0,"(199, 204, 199)"
6663,Illinois,42.09449619999999,-87.969388,False,False,314.0,"(199, 204, 199)"
6664,Illinois,41.7992964,-88.12254689999999,False,False,314.0,"(199, 204, 199)"
6665,Illinois,41.7992964,-88.12254689999999,False,False,314.0,"(199, 204, 199)"
6666,Illinois,41.7992964,-88.12254689999999,False,False,314.0,"(199, 204, 199)"
6667,Illinois,41.7581429,-88.315389,False,False,314.0,"(199, 204, 199)"
6668,Illinois,41.7391273,-88.3233235,False,False,314.0,"(199, 204, 199)"
6669,Illinois,42.155948,-88.147437,False,False,314.0,"(199, 204, 199)"
6670,Illinois,42.1788166,-88.18498389999999,False,False,314.0,"(199, 204, 199)"
6671,Illinois,42.1788166,-88.18498389999999,False,False,314.0,"(199, 204, 199)"
6672,Illinois,,,False,False,314.0,"(199, 204, 199)"
6673,Illinois,42.06726829999999,-88.2029702,False,False,314.0,"(199, 204, 199)"
6674,Illinois,42.17620790000001,-88.1456841,False,False,314.0,"(199, 204, 199)"
6675,Illinois,38.5577289,-89.48552149999999,False,False,314.0,"(199, 204, 199)"
6676,Illinois,,,False,False,314.0,"(199, 204, 199)"
6677,Illinois,41.9656986,-88.19924209999999,False,False,314.0,"(199, 204, 199)"
6678,Indiana,41.079273,-85.1393513,False,False,135.0,"(206, 160, 170)"
6679,Illinois,40.6352305,-89.6609203,False,False,314.0,"(199, 204, 199)"
6680,Illinois,41.8319661,-88.31959119999999,False,False,314.0,"(199, 204, 199)"
6681,Illinois,38.51897599999999,-90.03791,False,False,314.0,"(199, 204, 199)"
6682,Illinois,38.5139415,-89.98268270000001,False,False,314.0,"(199, 204, 199)"
6683,Illinois,38.512382,-89.9793239,False,False,314.0,"(199, 204, 199)"
6684,Illinois,,,False,False,314.0,"(199, 204, 199)"
6685,Illinois,42.17532569999999,-88.8378535,False,False,314.0,"(199, 204, 199)"
6686,Illinois,39.6455916,-88.7381252,False,False,314.0,"(199, 204, 199)"
6687,Illinois,39.0235282,-88.431939,False,False,314.0,"(199, 204, 199)"
6688,Illinois,40.4800127,-88.988042,False,False,314.0,"(199, 204, 199)"
6689,Illinois,40.4908892,-88.9906541,False,False,314.0,"(199, 204, 199)"
6690,Illinois,,,False,False,314.0,"(199, 204, 199)"
6691,Illinois,,,False,False,314.0,"(199, 204, 199)"
6692,Illinois,37.97228,-89.02465409999999,False,False,314.0,"(199, 204, 199)"
6693,Illinois,42.3007764,-88.3523187,False,False,314.0,"(199, 204, 199)"
6694,Illinois,41.730571,-87.781854,False,False,314.0,"(199, 204, 199)"
6695,Illinois,,,False,False,314.0,"(199, 204, 199)"
6696,Illinois,,,False,False,314.0,"(199, 204, 199)"
6697,Illinois,42.2203938,-88.247731,False,False,314.0,"(199, 204, 199)"
6698,Illinois,38.548735,-89.12828789999999,False,False,314.0,"(199, 204, 199)"
6699,Illinois,38.5414902,-89.1235486,False,False,314.0,"(199, 204, 199)"
6700,Indiana,42.303109,-83.233109,False,False,135.0,"(206, 160, 170)"
6701,Indiana,40.061537,-85.652108,False,False,135.0,"(206, 160, 170)"
6702,Indiana,,,False,False,135.0,"(206, 160, 170)"
6703,Indiana,40.13689,-85.6303343,False,False,135.0,"(206, 160, 170)"
6704,Indiana,40.1022733,-85.6199297,False,False,135.0,"(206, 160, 170)"
6705,Indiana,,,False,False,135.0,"(206, 160, 170)"
6706,Indiana,38.7398727,-85.8003737,False,False,135.0,"(206, 160, 170)"
6707,Indiana,39.75784489999999,-86.4136985,True,False,135.0,"(206, 160, 170)"
6708,Indiana,41.2882881,-85.71537,False,False,135.0,"(206, 160, 170)"
6709,Indiana,,,False,False,135.0,"(206, 160, 170)"
6710,Indiana,,,False,False,135.0,"(206, 160, 170)"
6711,Indiana,40.5068614,-86.8438216,False,False,135.0,"(206, 160, 170)"
6712,Indiana,39.1599803,-86.5050739,False,False,135.0,"(206, 160, 170)"
6713,Indiana,38.4760983,-86.5400682,False,False,135.0,"(206, 160, 170)"
6714,Indiana,39.175371,-86.5122564,True,False,135.0,"(206, 160, 170)"
6715,Indiana,39.175371,-86.5122564,True,False,135.0,"(206, 160, 170)"
6716,Indiana,39.175371,-86.5122564,True,False,135.0,"(206, 160, 170)"
6717,Indiana,39.175371,-86.5122564,True,False,135.0,"(206, 160, 170)"
6718,Indiana,39.1495231,-86.53731959999999,False,False,135.0,"(206, 160, 170)"
6719,Indiana,39.1660559,-86.51489219999999,False,False,135.0,"(206, 160, 170)"
6720,Indiana,40.73262280000001,-85.18098379999999,False,False,135.0,"(206, 160, 170)"
6721,Illinois,38.5414902,-89.1235486,False,False,314.0,"(199, 204, 199)"
6722,Illinois,38.5313504,-89.1159701,False,False,314.0,"(199, 204, 199)"
6723,Illinois,40.1188452,-88.25087719999999,False,False,314.0,"(199, 204, 199)"
6724,Illinois,40.1019523,-88.2271615,False,False,314.0,"(199, 204, 199)"
6725,Illinois,39.4780293,-88.1759052,False,False,314.0,"(199, 204, 199)"
6726,Illinois,42.1743457,-88.9162399,False,False,314.0,"(199, 204, 199)"
6727,Illinois,42.1743457,-88.9162399,False,False,314.0,"(199, 204, 199)"
6728,Illinois,41.7386577,-87.8457667,False,False,314.0,"(199, 204, 199)"
6729,Illinois,41.6309089,-87.7706649,False,False,314.0,"(199, 204, 199)"
6730,Illinois,41.9263426,-87.6497878,False,False,314.0,"(199, 204, 199)"
6731,Illinois,41.8838578,-87.6249639,False,False,314.0,"(199, 204, 199)"
6732,Illinois,41.866414,-87.76576,False,False,314.0,"(199, 204, 199)"
6733,Illinois,,,False,False,314.0,"(199, 204, 199)"
6734,Illinois,41.7069127,-87.67134,False,False,314.0,"(199, 204, 199)"
6735,Illinois,41.954837,-87.661881,False,False,314.0,"(199, 204, 199)"
6736,Illinois,42.248797,-87.839557,False,False,314.0,"(199, 204, 199)"
6737,Illinois,,,False,False,314.0,"(199, 204, 199)"
6738,Illinois,41.8671909,-87.6546607,False,False,314.0,"(199, 204, 199)"
6739,Illinois,41.888233,-87.62912999999999,False,False,314.0,"(199, 204, 199)"
6740,Illinois,41.7801987,-87.71864699999999,False,False,314.0,"(199, 204, 199)"
6741,Illinois,41.871626,-87.647437,False,False,314.0,"(199, 204, 199)"
6742,Illinois,41.83787969999999,-87.7187629,False,False,314.0,"(199, 204, 199)"
6743,Illinois,41.9277271,-87.73621399999999,False,False,314.0,"(199, 204, 199)"
6744,Illinois,41.8355581,-87.65266079999999,False,False,314.0,"(199, 204, 199)"
6745,Illinois,41.998997,-87.6581921,False,False,314.0,"(199, 204, 199)"
6746,Illinois,41.95377149999999,-87.79310819999999,False,False,314.0,"(199, 204, 199)"
6747,Illinois,41.6984271,-87.9326032,False,False,314.0,"(199, 204, 199)"
6748,Illinois,41.7780323,-87.5893179,False,False,314.0,"(199, 204, 199)"
6749,Illinois,41.9741625,-87.9073214,False,False,314.0,"(199, 204, 199)"
6750,Illinois,41.9208233,-87.63781949999999,False,False,314.0,"(199, 204, 199)"
6751,Illinois,41.8764396,-87.6321957,False,False,314.0,"(199, 204, 199)"
6752,Indiana,40.126667,-86.37583300000001,True,False,135.0,"(206, 160, 170)"
6753,Indiana,38.0548702,-87.2604155,False,False,135.0,"(206, 160, 170)"
6754,Indiana,,,False,False,135.0,"(206, 160, 170)"
6755,Indiana,41.446428,-86.160821,False,False,135.0,"(206, 160, 170)"
6756,Indiana,41.446428,-86.160821,False,False,135.0,"(206, 160, 170)"
6757,Indiana,,,False,False,135.0,"(206, 160, 170)"
6758,Indiana,41.7217369,-85.8157341,False,False,135.0,"(206, 160, 170)"
6759,Indiana,41.7214389,-85.8174938,False,False,135.0,"(206, 160, 170)"
6760,Indiana,,,False,False,135.0,"(206, 160, 170)"
6761,Indiana,,,False,False,135.0,"(206, 160, 170)"
6762,Indiana,,,False,False,135.0,"(206, 160, 170)"
6763,Indiana,39.39447029999999,-84.41042960000001,False,False,135.0,"(206, 160, 170)"
6764,Indiana,,,False,False,135.0,"(206, 160, 170)"
6765,Indiana,38.4831458,-85.64150959999999,False,False,135.0,"(206, 160, 170)"
6766,Indiana,41.65932129999999,-87.06295260000002,False,False,135.0,"(206, 160, 170)"
6767,Indiana,38.2967362,-85.759963,False,False,135.0,"(206, 160, 170)"
6768,Indiana,39.5147682,-86.7938968,False,False,135.0,"(206, 160, 170)"
6769,Indiana,,,False,False,135.0,"(206, 160, 170)"
6770,Indiana,,,False,False,135.0,"(206, 160, 170)"
6771,Indiana,39.2245573,-85.9112191,False,False,135.0,"(206, 160, 170)"
6772,Indiana,39.1997182,-85.9525597,False,False,135.0,"(206, 160, 170)"
6773,Indiana,38.22135610000001,-86.1289886,False,False,135.0,"(206, 160, 170)"
6774,Indiana,,,False,False,135.0,"(206, 160, 170)"
6775,Indiana,,,False,False,135.0,"(206, 160, 170)"
6776,Indiana,41.3897616,-87.3612677,False,False,135.0,"(206, 160, 170)"
6777,Indiana,41.415627,-87.363732,True,False,135.0,"(206, 160, 170)"
6778,Indiana,39.4344897,-86.81334129999999,True,False,135.0,"(206, 160, 170)"
6779,Indiana,,,False,False,135.0,"(206, 160, 170)"
6780,Indiana,38.8946267,-86.9008772,False,False,135.0,"(206, 160, 170)"
6781,Indiana,38.669204,-86.92877399999999,False,False,135.0,"(206, 160, 170)"
6782,Illinois,41.9263904,-87.6503379,False,False,314.0,"(199, 204, 199)"
6783,Illinois,41.9650427,-87.8532994,False,False,314.0,"(199, 204, 199)"
6784,Illinois,41.85688649999999,-87.68126559999999,False,False,314.0,"(199, 204, 199)"
6785,Illinois,41.8751744,-87.6245489,False,False,314.0,"(199, 204, 199)"
6786,Illinois,41.9290404,-87.7071021,False,False,314.0,"(199, 204, 199)"
6787,Illinois,41.7898234,-87.7256889,False,False,314.0,"(199, 204, 199)"
6788,Illinois,39.457827,-89.4039813,False,False,314.0,"(199, 204, 199)"
6789,Illinois,,,False,False,314.0,"(199, 204, 199)"
6790,Illinois,41.8464075,-87.77144919999999,False,False,314.0,"(199, 204, 199)"
6791,Illinois,41.8644933,-87.77497129999999,False,False,314.0,"(199, 204, 199)"
6792,Illinois,41.78841550000001,-87.9553997,False,False,314.0,"(199, 204, 199)"
6793,Illinois,40.4319868,-90.8937462,False,False,314.0,"(199, 204, 199)"
6794,Illinois,38.6550643,-90.0618228,False,False,314.0,"(199, 204, 199)"
6795,Illinois,38.6606125,-90.00341379999999,False,False,314.0,"(199, 204, 199)"
6796,Illinois,,,False,False,314.0,"(199, 204, 199)"
6797,Illinois,38.6688189,-89.9275581,False,False,314.0,"(199, 204, 199)"
6798,Illinois,38.6694311,-89.9875686,False,False,314.0,"(199, 204, 199)"
6799,Illinois,,,False,False,314.0,"(199, 204, 199)"
6800,Illinois,42.1103041,-88.03424000000001,False,False,314.0,"(199, 204, 199)"
6801,Illinois,,,False,False,314.0,"(199, 204, 199)"
6802,Illinois,41.4210081,-87.5957153,True,False,314.0,"(199, 204, 199)"
6803,Illinois,41.4399962,-87.64210469999999,False,False,314.0,"(199, 204, 199)"
6804,Indiana,39.7290747,-104.9404415,False,False,135.0,"(206, 160, 170)"
6805,Indiana,40.817924,-84.936206,False,False,135.0,"(206, 160, 170)"
6806,Indiana,40.8303907,-84.93790969999999,False,False,135.0,"(206, 160, 170)"
6807,Indiana,41.4297727,-84.8713502,False,False,135.0,"(206, 160, 170)"
6808,Indiana,41.0075736,-85.9468373,False,False,135.0,"(206, 160, 170)"
6809,Indiana,,,False,False,135.0,"(206, 160, 170)"
6810,Indiana,,,False,False,135.0,"(206, 160, 170)"
6811,Indiana,39.3646576,-86.04419229999999,False,False,135.0,"(206, 160, 170)"
6812,Indiana,,,False,False,135.0,"(206, 160, 170)"
6813,Indiana,39.0646188,-87.16036489999999,False,False,135.0,"(206, 160, 170)"
6814,Indiana,34.1017223,-117.5525982,False,False,135.0,"(206, 160, 170)"
6815,Indiana,37.9750391,-87.57553879999999,False,False,135.0,"(206, 160, 170)"
6816,Indiana,37.9845278,-87.4954927,False,False,135.0,"(206, 160, 170)"
6817,Indiana,37.9783453,-87.5739983,False,False,135.0,"(206, 160, 170)"
6818,Indiana,40.4328346,-85.64541390000001,False,False,135.0,"(206, 160, 170)"
6819,Indiana,40.54623,-86.48097399999999,False,False,135.0,"(206, 160, 170)"
6820,Indiana,40.9792212,-85.0941106,False,False,135.0,"(206, 160, 170)"
6821,Indiana,41.1903467,-85.1925191,False,False,135.0,"(206, 160, 170)"
6822,Indiana,41.127907,-85.138159,False,False,135.0,"(206, 160, 170)"
6823,Indiana,41.0876592,-85.1121838,False,False,135.0,"(206, 160, 170)"
6824,Indiana,41.1903467,-85.1925191,False,False,135.0,"(206, 160, 170)"
6825,Indiana,,,False,False,135.0,"(206, 160, 170)"
6826,Indiana,41.1776546,-85.1682095,False,False,135.0,"(206, 160, 170)"
6827,Indiana,41.0895284,-85.1197334,False,False,135.0,"(206, 160, 170)"
6828,Indiana,41.0786535,-85.1575245,False,False,135.0,"(206, 160, 170)"
6829,Indiana,41.09723,-85.13271,False,False,135.0,"(206, 160, 170)"
6830,Indiana,41.1077269,-85.08243139999999,False,False,135.0,"(206, 160, 170)"
6831,Indiana,,,False,False,135.0,"(206, 160, 170)"
6832,Indiana,41.039127,-85.24919109999999,False,False,135.0,"(206, 160, 170)"
6833,Indiana,41.087771,-85.17373970000001,False,False,135.0,"(206, 160, 170)"
6834,Indiana,,,False,False,135.0,"(206, 160, 170)"
6835,Illinois,41.6419519,-87.7689535,False,False,314.0,"(199, 204, 199)"
6836,Illinois,36.1054233,-95.9180191,False,False,314.0,"(199, 204, 199)"
6837,Illinois,42.267116,-88.28009589999999,False,False,314.0,"(199, 204, 199)"
6838,Illinois,42.259085,-88.35162679999999,False,False,314.0,"(199, 204, 199)"
6839,Illinois,42.2411344,-88.31619649999999,False,False,314.0,"(199, 204, 199)"
6840,Illinois,42.2484456,-88.4038776,False,False,314.0,"(199, 204, 199)"
6841,Illinois,42.2489405,-88.296021,False,False,314.0,"(199, 204, 199)"
6842,Illinois,42.25207109999999,-88.31886639999999,False,False,314.0,"(199, 204, 199)"
6843,Illinois,,,False,False,314.0,"(199, 204, 199)"
6844,Illinois,40.1410459,-87.6755836,False,False,314.0,"(199, 204, 199)"
6845,Illinois,40.1300357,-87.6303992,False,False,314.0,"(199, 204, 199)"
6846,Illinois,39.8451668,-88.95429659999999,False,False,314.0,"(199, 204, 199)"
6847,Illinois,39.8349601,-88.95638339999999,False,False,314.0,"(199, 204, 199)"
6848,Illinois,39.841939,-88.956288,False,False,314.0,"(199, 204, 199)"
6849,Illinois,39.8430961,-88.974817,False,False,314.0,"(199, 204, 199)"
6850,Illinois,,,False,False,314.0,"(199, 204, 199)"
6851,Illinois,42.06682929999999,-87.89752899999999,False,False,314.0,"(199, 204, 199)"
6852,Illinois,37.8197128,-89.2233717,False,False,314.0,"(199, 204, 199)"
6853,Illinois,37.733613,-89.286217,False,False,314.0,"(199, 204, 199)"
6854,Illinois,39.7957086,-88.2852137,False,False,314.0,"(199, 204, 199)"
6855,Illinois,41.95377149999999,-87.79310819999999,False,False,314.0,"(199, 204, 199)"
6856,Illinois,40.6157114,-89.56970539999999,False,False,314.0,"(199, 204, 199)"
6857,Illinois,38.624754,-90.150151,False,False,314.0,"(199, 204, 199)"
6858,Illinois,42.5189093,-90.6056207,False,False,314.0,"(199, 204, 199)"
6859,Illinois,39.2038463,-88.57374399999999,False,False,314.0,"(199, 204, 199)"
6860,Illinois,40.74086399999999,-89.00287,False,False,314.0,"(199, 204, 199)"
6861,Illinois,42.0561803,-88.2678985,False,False,314.0,"(199, 204, 199)"
6862,Illinois,42.0357562,-88.2733986,False,False,314.0,"(199, 204, 199)"
6863,Indiana,,,False,False,135.0,"(206, 160, 170)"
6864,Indiana,40.3098099,-86.56274549999999,True,False,135.0,"(206, 160, 170)"
6865,Indiana,,,False,False,135.0,"(206, 160, 170)"
6866,Indiana,39.478646,-86.045479,False,False,135.0,"(206, 160, 170)"
6867,Indiana,39.4766688,-86.0599687,False,False,135.0,"(206, 160, 170)"
6868,Indiana,,,False,False,135.0,"(206, 160, 170)"
6869,Indiana,41.5661472,-87.39364979999999,True,False,135.0,"(206, 160, 170)"
6870,Indiana,40.4966375,-85.61341929999999,False,False,135.0,"(206, 160, 170)"
6871,Indiana,,,False,False,135.0,"(206, 160, 170)"
6872,Indiana,40.6462996,-84.95927999999999,False,False,135.0,"(206, 160, 170)"
6873,Indiana,41.5948139,-85.84314359999999,False,False,135.0,"(206, 160, 170)"
6874,Indiana,39.5865453,-86.9295449,True,False,135.0,"(206, 160, 170)"
6875,Indiana,39.66074080000001,-86.86314589999999,True,False,135.0,"(206, 160, 170)"
6876,Indiana,39.7274091,-86.9763,True,False,135.0,"(206, 160, 170)"
6877,Indiana,39.787993,-85.79178089999999,False,False,135.0,"(206, 160, 170)"
6878,Indiana,41.6283089,-87.491937,False,False,135.0,"(206, 160, 170)"
6879,Indiana,41.6283089,-87.491937,False,False,135.0,"(206, 160, 170)"
6880,Indiana,41.6283089,-87.491937,False,False,135.0,"(206, 160, 170)"
6881,Illinois,42.0184443,-88.2985659,False,False,314.0,"(199, 204, 199)"
6882,Illinois,42.0213058,-88.28450199999999,False,False,314.0,"(199, 204, 199)"
6883,Illinois,42.0368891,-88.27786069999999,False,False,314.0,"(199, 204, 199)"
6884,Illinois,42.0329335,-88.2676213,False,False,314.0,"(199, 204, 199)"
6885,Illinois,42.049882,-88.310645,False,False,314.0,"(199, 204, 199)"
6886,Illinois,42.042708,-88.287847,False,False,314.0,"(199, 204, 199)"
6887,Illinois,40.0194805,-89.47096839999999,False,False,314.0,"(199, 204, 199)"
6888,Illinois,41.9291223,-87.96167729999999,False,False,314.0,"(199, 204, 199)"
6889,Illinois,,,False,False,314.0,"(199, 204, 199)"
6890,Illinois,,,False,False,314.0,"(199, 204, 199)"
6891,Illinois,42.0471382,-87.6781012,False,False,314.0,"(199, 204, 199)"
6892,Illinois,41.7318314,-87.7072584,False,False,314.0,"(199, 204, 199)"
6893,Illinois,41.7318414,-87.71649049999999,False,False,314.0,"(199, 204, 199)"
6894,Illinois,41.9961071,-89.5785295,False,False,314.0,"(199, 204, 199)"
6895,Illinois,39.79753710000001,-89.24574609999999,False,False,314.0,"(199, 204, 199)"
6896,Illinois,39.7769049,-88.8769896,False,False,314.0,"(199, 204, 199)"
6897,Illinois,41.8621386,-87.8213619,False,False,314.0,"(199, 204, 199)"
6898,Illinois,42.4157448,-90.4273989,False,False,314.0,"(199, 204, 199)"
6899,Illinois,40.94573159999999,-90.3675132,False,False,314.0,"(199, 204, 199)"
6900,Illinois,40.9418892,-90.3718673,False,False,314.0,"(199, 204, 199)"
6901,Illinois,41.8658851,-88.34488,False,False,314.0,"(199, 204, 199)"
6902,Illinois,,,False,False,314.0,"(199, 204, 199)"
6903,Illinois,39.986522,-87.54219909999999,False,False,314.0,"(199, 204, 199)"
6904,Indiana,41.6148509,-87.49882649999999,False,False,135.0,"(206, 160, 170)"
6905,Indiana,41.5732765,-87.5124349,False,False,135.0,"(206, 160, 170)"
6906,Indiana,41.5762616,-87.4875017,False,False,135.0,"(206, 160, 170)"
6907,Indiana,,,False,False,135.0,"(206, 160, 170)"
6908,Indiana,41.6830911,-87.5080988,False,False,135.0,"(206, 160, 170)"
6909,Indiana,39.8937949,-85.6161825,False,False,135.0,"(206, 160, 170)"
6910,Indiana,39.9228618,-85.6777444,False,False,135.0,"(206, 160, 170)"
6911,Indiana,38.7142263,-85.4735707,False,False,135.0,"(206, 160, 170)"
6912,Indiana,38.7094349,-85.4641473,False,False,135.0,"(206, 160, 170)"
6913,Indiana,38.7192502,-85.4623681,False,False,135.0,"(206, 160, 170)"
6914,Indiana,38.7192502,-85.4623681,False,False,135.0,"(206, 160, 170)"
6915,Indiana,38.715289,-85.482177,False,False,135.0,"(206, 160, 170)"
6916,Indiana,41.31392650000001,-87.19649509999999,True,False,135.0,"(206, 160, 170)"
6917,Indiana,41.5758002,-87.14406029999999,False,False,135.0,"(206, 160, 170)"
6918,Indiana,,,False,False,135.0,"(206, 160, 170)"
6919,Indiana,,,False,False,135.0,"(206, 160, 170)"
6920,Indiana,,,False,False,135.0,"(206, 160, 170)"
6921,Indiana,39.7956007,-85.5263629,False,False,135.0,"(206, 160, 170)"
6922,Indiana,39.7956007,-85.5263629,False,False,135.0,"(206, 160, 170)"
6923,Indiana,39.8067126,-85.35274679999999,False,False,135.0,"(206, 160, 170)"
6924,Indiana,,,False,False,135.0,"(206, 160, 170)"
6925,Indiana,38.53561060000001,-85.7777172,False,False,135.0,"(206, 160, 170)"
6926,Indiana,41.5750369,-87.23892459999999,True,False,135.0,"(206, 160, 170)"
6927,Indiana,40.8776444,-85.5340878,False,False,135.0,"(206, 160, 170)"
6928,Indiana,40.85859749999999,-85.50601999999999,False,False,135.0,"(206, 160, 170)"
6929,Indiana,40.8988334,-85.4991407,False,False,135.0,"(206, 160, 170)"
6930,Indiana,40.8842404,-85.5054564,False,False,135.0,"(206, 160, 170)"
6931,Indiana,39.1299011,-87.29293899999999,False,False,135.0,"(206, 160, 170)"
6932,Indiana,39.8520411,-86.0807787,True,False,135.0,"(206, 160, 170)"
6933,Indiana,,,False,False,135.0,"(206, 160, 170)"
6934,Indiana,,,False,False,135.0,"(206, 160, 170)"
6935,Indiana,39.711353,-86.14271699999999,True,False,135.0,"(206, 160, 170)"
6936,Illinois,39.9404639,-87.6438838,False,False,314.0,"(199, 204, 199)"
6937,Illinois,39.97531439999999,-87.6358546,False,False,314.0,"(199, 204, 199)"
6938,Illinois,42.0885728,-88.35966549999999,False,False,314.0,"(199, 204, 199)"
6939,Illinois,,,False,False,314.0,"(199, 204, 199)"
6940,Illinois,40.8726829,-90.9125209,False,False,314.0,"(199, 204, 199)"
6941,Illinois,41.8564184,-88.04923289999999,False,False,314.0,"(199, 204, 199)"
6942,Illinois,38.951806,-90.1944326,False,False,314.0,"(199, 204, 199)"
6943,Illinois,37.5340913,-88.9976566,False,False,314.0,"(199, 204, 199)"
6944,Illinois,38.7066645,-90.1096963,False,False,314.0,"(199, 204, 199)"
6945,Illinois,42.3115014,-87.8496033,False,False,314.0,"(199, 204, 199)"
6946,Illinois,,,False,False,314.0,"(199, 204, 199)"
6947,Illinois,42.372855,-87.925095,False,False,314.0,"(199, 204, 199)"
6948,Illinois,42.3239327,-87.9441512,False,False,314.0,"(199, 204, 199)"
6949,Illinois,40.35921099999999,-91.4345978,False,False,314.0,"(199, 204, 199)"
6950,Illinois,,,False,False,314.0,"(199, 204, 199)"
6951,Illinois,,,False,False,314.0,"(199, 204, 199)"
6952,Illinois,40.2997909,-90.06347319999999,False,False,314.0,"(199, 204, 199)"
6953,Illinois,40.2791472,-90.0794842,False,False,314.0,"(199, 204, 199)"
6954,Illinois,40.3023276,-90.0600315,False,False,314.0,"(199, 204, 199)"
6955,Illinois,38.8304148,-89.6700219,False,False,314.0,"(199, 204, 199)"
6956,Illinois,,,False,False,314.0,"(199, 204, 199)"
6957,Illinois,,,False,False,314.0,"(199, 204, 199)"
6958,Illinois,42.1926682,-87.8013556,False,False,314.0,"(199, 204, 199)"
6959,Illinois,41.8577835,-87.90912139999999,False,False,314.0,"(199, 204, 199)"
6960,Illinois,42.049575,-88.089237,False,False,314.0,"(199, 204, 199)"
6961,Illinois,42.0608384,-88.1934967,False,False,314.0,"(199, 204, 199)"
6962,Indiana,39.8678816,-86.04854069999999,False,False,135.0,"(206, 160, 170)"
6963,Indiana,39.7672813,-86.16106479999999,True,False,135.0,"(206, 160, 170)"
6964,Indiana,39.76795329999999,-86.1557412,True,False,135.0,"(206, 160, 170)"
6965,Indiana,39.7684512,-86.0708016,True,False,135.0,"(206, 160, 170)"
6966,Indiana,39.7738302,-86.15482689999999,True,False,135.0,"(206, 160, 170)"
6967,Indiana,39.816889,-86.2015698,True,False,135.0,"(206, 160, 170)"
6968,Indiana,39.7690726,-86.154673,True,False,135.0,"(206, 160, 170)"
6969,Indiana,39.8146979,-86.2035016,True,False,135.0,"(206, 160, 170)"
6970,Indiana,39.75904200000001,-85.963343,False,False,135.0,"(206, 160, 170)"
6971,Indiana,39.7698762,-86.2132931,True,False,135.0,"(206, 160, 170)"
6972,Indiana,,,False,False,135.0,"(206, 160, 170)"
6973,Indiana,,,False,False,135.0,"(206, 160, 170)"
6974,Indiana,,,False,False,135.0,"(206, 160, 170)"
6975,Indiana,,,False,False,135.0,"(206, 160, 170)"
6976,Indiana,38.400507,-86.9687914,False,False,135.0,"(206, 160, 170)"
6977,Indiana,,,False,False,135.0,"(206, 160, 170)"
6978,Indiana,38.2866695,-85.7325159,False,False,135.0,"(206, 160, 170)"
6979,Indiana,,,False,False,135.0,"(206, 160, 170)"
6980,Indiana,38.3166996,-85.7101307,False,False,135.0,"(206, 160, 170)"
6981,Indiana,40.4566274,-85.9373213,False,False,135.0,"(206, 160, 170)"
6982,Indiana,40.4566274,-85.9373213,False,False,135.0,"(206, 160, 170)"
6983,Indiana,41.4347673,-85.25746620000001,False,False,135.0,"(206, 160, 170)"
6984,Indiana,41.4419619,-85.264837,False,False,135.0,"(206, 160, 170)"
6985,Indiana,26.5998876,80.63824129999999,False,False,135.0,"(206, 160, 170)"
6986,Indiana,41.2756075,-87.0721782,False,False,135.0,"(206, 160, 170)"
6987,Indiana,40.480425,-86.5102027,False,False,135.0,"(206, 160, 170)"
6988,Indiana,37.8867475,-120.9397408,False,False,135.0,"(206, 160, 170)"
6989,Indiana,40.4670855,-86.1204686,False,False,135.0,"(206, 160, 170)"
6990,Indiana,40.4396449,-86.1550831,False,False,135.0,"(206, 160, 170)"
6991,Illinois,,,False,False,314.0,"(199, 204, 199)"
6992,Illinois,41.365687,-88.1096118,True,False,314.0,"(199, 204, 199)"
6993,Illinois,38.7066645,-90.1096963,False,False,314.0,"(199, 204, 199)"
6994,Illinois,,,False,False,314.0,"(199, 204, 199)"
6995,Illinois,37.9214413,-89.91316429999999,False,False,314.0,"(199, 204, 199)"
6996,Illinois,41.8199394,-87.8802899,False,False,314.0,"(199, 204, 199)"
6997,Illinois,41.3293791,-89.0958295,False,False,314.0,"(199, 204, 199)"
6998,Illinois,41.370891,-89.1270495,False,False,314.0,"(199, 204, 199)"
6999,Illinois,39.793027,-89.7670323,False,False,314.0,"(199, 204, 199)"
7000,Illinois,42.2673108,-87.8337925,False,False,314.0,"(199, 204, 199)"
7001,Illinois,42.235301,-87.82951299999999,False,False,314.0,"(199, 204, 199)"
7002,Illinois,42.2537896,-87.8409582,False,False,314.0,"(199, 204, 199)"
7003,Illinois,41.56528429999999,-87.54352569999999,False,False,314.0,"(199, 204, 199)"
7004,Illinois,38.60841610000001,-89.81443440000001,False,False,314.0,"(199, 204, 199)"
7005,Illinois,38.60841610000001,-89.81443440000001,False,False,314.0,"(199, 204, 199)"
7006,Illinois,38.60841610000001,-89.81443440000001,False,False,314.0,"(199, 204, 199)"
7007,Illinois,38.60841610000001,-89.81443440000001,False,False,314.0,"(199, 204, 199)"
7008,Illinois,41.6546709,-88.0133185,False,False,314.0,"(199, 204, 199)"
7009,Illinois,41.6984271,-87.9326032,False,False,314.0,"(199, 204, 199)"
7010,Illinois,40.1567541,-89.3611111,False,False,314.0,"(199, 204, 199)"
7011,Illinois,40.1567541,-89.3611111,False,False,314.0,"(199, 204, 199)"
7012,Illinois,41.7843513,-88.0946506,False,False,314.0,"(199, 204, 199)"
7013,Illinois,41.7783779,-88.0967798,False,False,314.0,"(199, 204, 199)"
7014,Illinois,41.7783779,-88.0967798,False,False,314.0,"(199, 204, 199)"
7015,Illinois,41.7783779,-88.0967798,False,False,314.0,"(199, 204, 199)"
7016,Illinois,41.7783779,-88.0967798,False,False,314.0,"(199, 204, 199)"
7017,Illinois,41.7783779,-88.0967798,False,False,314.0,"(199, 204, 199)"
7018,Illinois,41.7783779,-88.0967798,False,False,314.0,"(199, 204, 199)"
7019,Illinois,41.5686039,-88.0300918,False,False,314.0,"(199, 204, 199)"
7020,Illinois,41.58435,-88.0539639,False,False,314.0,"(199, 204, 199)"
7021,Illinois,41.6048611,-88.0479995,False,False,314.0,"(199, 204, 199)"
7022,Illinois,41.600248,-88.049717,False,False,314.0,"(199, 204, 199)"
7023,Indiana,,,False,False,135.0,"(206, 160, 170)"
7024,Indiana,,,False,False,135.0,"(206, 160, 170)"
7025,Indiana,41.611143,-86.7227195,False,False,135.0,"(206, 160, 170)"
7026,Indiana,41.6011891,-86.7268627,False,False,135.0,"(206, 160, 170)"
7027,Indiana,41.599002,-86.73016009999999,False,False,135.0,"(206, 160, 170)"
7028,Indiana,41.7530992,-86.62696679999999,False,False,135.0,"(206, 160, 170)"
7029,Indiana,41.7530992,-86.62696679999999,False,False,135.0,"(206, 160, 170)"
7030,Indiana,40.4989551,-86.9114812,False,False,135.0,"(206, 160, 170)"
7031,Indiana,,,False,False,135.0,"(206, 160, 170)"
7032,Indiana,41.3647578,-87.4411473,False,False,135.0,"(206, 160, 170)"
7033,Indiana,41.2914243,-87.4205903,False,False,135.0,"(206, 160, 170)"
7034,Indiana,41.5589266,-87.27979080000001,True,False,135.0,"(206, 160, 170)"
7035,Indiana,41.1444599,-87.45531319999999,True,False,135.0,"(206, 160, 170)"
7036,Indiana,39.1162295,-84.86395979999999,False,False,135.0,"(206, 160, 170)"
7037,Indiana,39.0961713,-84.85692480000002,False,False,135.0,"(206, 160, 170)"
7038,Indiana,40.058319,-86.4624662,True,False,135.0,"(206, 160, 170)"
7039,Indiana,41.2989555,-85.7275611,False,False,135.0,"(206, 160, 170)"
7040,Indiana,41.2377012,-85.08644939999999,False,False,135.0,"(206, 160, 170)"
7041,Indiana,41.1879002,-85.1324569,False,False,135.0,"(206, 160, 170)"
7042,Indiana,,,False,False,135.0,"(206, 160, 170)"
7043,Indiana,39.807203,-85.353056,False,False,135.0,"(206, 160, 170)"
7044,Indiana,41.0286853,-85.7363877,False,False,135.0,"(206, 160, 170)"
7045,Indiana,,,False,False,135.0,"(206, 160, 170)"
7046,Indiana,39.04092,-87.12973439999999,False,False,135.0,"(206, 160, 170)"
7047,Indiana,40.76892309999999,-86.3702335,True,False,135.0,"(206, 160, 170)"
7048,Indiana,40.779482,-86.44175,False,False,135.0,"(206, 160, 170)"
7049,Indiana,,,False,False,135.0,"(206, 160, 170)"
7050,Indiana,38.6760782,-86.9189835,False,False,135.0,"(206, 160, 170)"
7051,Indiana,41.3355722,-87.2996113,False,False,135.0,"(206, 160, 170)"
7052,Indiana,41.2962256,-87.41332299999999,False,False,135.0,"(206, 160, 170)"
7053,Indiana,41.3042987,-87.38360639999999,False,False,135.0,"(206, 160, 170)"
7054,Indiana,,,False,False,135.0,"(206, 160, 170)"
7055,Indiana,38.73978049999999,-85.377642,False,False,135.0,"(206, 160, 170)"
7056,Illinois,29.5139507,-99.1090323,False,False,314.0,"(199, 204, 199)"
7057,Illinois,40.4585586,-90.6720791,False,False,314.0,"(199, 204, 199)"
7058,Illinois,40.4723578,-90.6735803,False,False,314.0,"(199, 204, 199)"
7059,Illinois,40.476174,-90.684401,False,False,314.0,"(199, 204, 199)"
7060,Illinois,40.476174,-90.684401,False,False,314.0,"(199, 204, 199)"
7061,Illinois,40.476174,-90.684401,False,False,314.0,"(199, 204, 199)"
7062,Illinois,40.476174,-90.684401,False,False,314.0,"(199, 204, 199)"
7063,Illinois,40.476174,-90.684401,False,False,314.0,"(199, 204, 199)"
7064,Illinois,40.476174,-90.684401,False,False,314.0,"(199, 204, 199)"
7065,Illinois,39.27976990000001,-89.8817662,False,False,314.0,"(199, 204, 199)"
7066,Illinois,39.4788707,-88.27948090000001,False,False,314.0,"(199, 204, 199)"
7067,Illinois,42.3667771,-89.0209572,False,False,314.0,"(199, 204, 199)"
7068,Illinois,41.2323501,-87.8050066,True,False,314.0,"(199, 204, 199)"
7069,Illinois,41.25075890000001,-87.84170139999999,True,False,314.0,"(199, 204, 199)"
7070,Illinois,41.232138,-87.804457,True,False,314.0,"(199, 204, 199)"
7071,Illinois,41.232138,-87.804457,True,False,314.0,"(199, 204, 199)"
7072,Illinois,39.9342201,-88.942516,False,False,314.0,"(199, 204, 199)"
7073,Illinois,39.3609953,-87.6177482,False,False,314.0,"(199, 204, 199)"
7074,Illinois,,,False,False,314.0,"(199, 204, 199)"
7075,Illinois,40.1464681,-89.7613147,False,False,314.0,"(199, 204, 199)"
7076,Illinois,39.4314928,-88.4249394,False,False,314.0,"(199, 204, 199)"
7077,Illinois,41.8702972,-87.8377999,False,False,314.0,"(199, 204, 199)"
7078,Illinois,,,False,False,314.0,"(199, 204, 199)"
7079,Illinois,,,False,False,314.0,"(199, 204, 199)"
7080,Illinois,42.3421014,-88.2668516,False,False,314.0,"(199, 204, 199)"
7081,Illinois,41.17697990000001,-89.2092522,False,False,314.0,"(199, 204, 199)"
7082,Illinois,,,False,False,314.0,"(199, 204, 199)"
7083,Illinois,41.6309089,-87.7706649,False,False,314.0,"(199, 204, 199)"
7084,Illinois,41.431332,-90.573164,False,False,314.0,"(199, 204, 199)"
7085,Illinois,38.4845543,-90.1123056,False,False,314.0,"(199, 204, 199)"
7086,Illinois,40.8391436,-88.9878996,False,False,314.0,"(199, 204, 199)"
7087,Indiana,38.7551126,-85.421217,False,False,135.0,"(206, 160, 170)"
7088,Indiana,38.737326,-85.38422899999999,False,False,135.0,"(206, 160, 170)"
7089,Indiana,38.7366282,-85.3798439,False,False,135.0,"(206, 160, 170)"
7090,Indiana,38.737326,-85.38422899999999,False,False,135.0,"(206, 160, 170)"
7091,Indiana,38.773897,-85.33256899999999,False,False,135.0,"(206, 160, 170)"
7092,Indiana,38.7467021,-85.4020839,False,False,135.0,"(206, 160, 170)"
7093,Indiana,,,False,False,135.0,"(206, 160, 170)"
7094,Indiana,40.5892276,-85.6391704,False,False,135.0,"(206, 160, 170)"
7095,Indiana,,,False,False,135.0,"(206, 160, 170)"
7096,Indiana,41.3436554,-86.3097278,True,False,135.0,"(206, 160, 170)"
7097,Indiana,39.346339,-86.4248085,False,False,135.0,"(206, 160, 170)"
7098,Indiana,35.1151302,-80.6566667,False,False,135.0,"(206, 160, 170)"
7099,Indiana,43.01565,-78.8921249,False,False,135.0,"(206, 160, 170)"
7100,Indiana,,,False,False,135.0,"(206, 160, 170)"
7101,Indiana,41.615159,-86.9084019,False,False,135.0,"(206, 160, 170)"
7102,Indiana,41.6674442,-86.95609669999999,False,False,135.0,"(206, 160, 170)"
7103,Indiana,41.124358,-83.12095719999999,False,False,135.0,"(206, 160, 170)"
7104,Indiana,41.6614832,-86.188869,False,False,135.0,"(206, 160, 170)"
7105,Indiana,41.7149067,-86.1834801,False,False,135.0,"(206, 160, 170)"
7106,Indiana,38.7335858,-86.4167794,False,False,135.0,"(206, 160, 170)"
7107,Illinois,41.403527,-88.27729049999999,True,False,314.0,"(199, 204, 199)"
7108,Illinois,41.4441856,-88.4525065,False,False,314.0,"(199, 204, 199)"
7109,Illinois,41.513891,-90.4675909,False,False,314.0,"(199, 204, 199)"
7110,Illinois,38.9917978,-90.03010080000001,False,False,314.0,"(199, 204, 199)"
7111,Illinois,,,False,False,314.0,"(199, 204, 199)"
7112,Illinois,40.9557301,-90.7085978,False,False,314.0,"(199, 204, 199)"
7113,Illinois,40.0741071,-88.5559155,False,False,314.0,"(199, 204, 199)"
7114,Illinois,41.3653072,-88.4336864,True,False,314.0,"(199, 204, 199)"
7115,Illinois,41.3607192,-88.4813471,True,False,314.0,"(199, 204, 199)"
7116,Illinois,41.4225185,-88.3521258,True,False,314.0,"(199, 204, 199)"
7117,Illinois,38.67048339999999,-90.2930472,False,False,314.0,"(199, 204, 199)"
7118,Illinois,42.0621497,-87.93518089999999,False,False,314.0,"(199, 204, 199)"
7119,Illinois,40.0070434,-89.2893668,False,False,314.0,"(199, 204, 199)"
7120,Illinois,42.2714155,-87.9873514,False,False,314.0,"(199, 204, 199)"
7121,Illinois,,,False,False,314.0,"(199, 204, 199)"
7122,Illinois,,,False,False,314.0,"(199, 204, 199)"
7123,Illinois,38.3187893,-89.86783679999999,False,False,314.0,"(199, 204, 199)"
7124,Illinois,37.5136009,-88.8318196,False,False,314.0,"(199, 204, 199)"
7125,Illinois,41.5273851,-87.9854804,True,False,314.0,"(199, 204, 199)"
7126,Illinois,41.5476739,-88.0055641,False,False,314.0,"(199, 204, 199)"
7127,Illinois,41.570516,-87.95317469999999,False,False,314.0,"(199, 204, 199)"
7128,Illinois,40.5216769,-88.9777297,False,False,314.0,"(199, 204, 199)"
7129,Illinois,40.5122833,-88.9946702,False,False,314.0,"(199, 204, 199)"
7130,Illinois,40.5122833,-88.9946702,False,False,314.0,"(199, 204, 199)"
7131,Illinois,40.5122833,-88.9946702,False,False,314.0,"(199, 204, 199)"
7132,Illinois,41.8908586,-87.8029789,False,False,314.0,"(199, 204, 199)"
7133,Illinois,41.8201992,-87.9308183,False,False,314.0,"(199, 204, 199)"
7134,Illinois,41.8284901,-87.9612851,False,False,314.0,"(199, 204, 199)"
7135,Illinois,,,False,False,314.0,"(199, 204, 199)"
7136,Illinois,39.9260858,-88.76758629999999,False,False,314.0,"(199, 204, 199)"
7137,Illinois,,,False,False,314.0,"(199, 204, 199)"
7138,Illinois,38.6872889,-87.9853832,False,False,314.0,"(199, 204, 199)"
7139,Indiana,39.6012749,-86.41117659999999,True,False,135.0,"(206, 160, 170)"
7140,Indiana,39.673401,-85.699762,False,False,135.0,"(206, 160, 170)"
7141,Indiana,37.9454041,-87.8821151,False,False,135.0,"(206, 160, 170)"
7142,Indiana,40.33872849999999,-86.6179784,True,False,135.0,"(206, 160, 170)"
7143,Indiana,40.1905201,-85.38737929999999,False,False,135.0,"(206, 160, 170)"
7144,Indiana,40.2061028,-85.40698599999999,False,False,135.0,"(206, 160, 170)"
7145,Indiana,,,False,False,135.0,"(206, 160, 170)"
7146,Indiana,38.2864778,-85.8127674,False,False,135.0,"(206, 160, 170)"
7147,Indiana,38.2999147,-85.805579,False,False,135.0,"(206, 160, 170)"
7148,Indiana,39.9678476,-86.145472,False,False,135.0,"(206, 160, 170)"
7149,Indiana,39.96507250000001,-85.3723579,False,False,135.0,"(206, 160, 170)"
7150,Indiana,40.5686574,-84.8399642,False,False,135.0,"(206, 160, 170)"
7151,Indiana,40.5686574,-84.8399642,False,False,135.0,"(206, 160, 170)"
7152,Indiana,41.0795099,-85.13630839999999,False,False,135.0,"(206, 160, 170)"
7153,Indiana,41.0677193,-85.0173366,False,False,135.0,"(206, 160, 170)"
7154,Indiana,,,False,False,135.0,"(206, 160, 170)"
7155,Indiana,40.0296095,-85.9977469,False,False,135.0,"(206, 160, 170)"
7156,Indiana,,,False,False,135.0,"(206, 160, 170)"
7157,Indiana,41.318991,-85.70300460000001,False,False,135.0,"(206, 160, 170)"
7158,Indiana,,,False,False,135.0,"(206, 160, 170)"
7159,Indiana,38.3401193,-87.35191189999999,False,False,135.0,"(206, 160, 170)"
7160,Indiana,,,False,False,135.0,"(206, 160, 170)"
7161,Indiana,39.8934743,-85.9579559,False,False,135.0,"(206, 160, 170)"
7162,Indiana,38.55616630000001,-86.468321,False,False,135.0,"(206, 160, 170)"
7163,Indiana,,,False,False,135.0,"(206, 160, 170)"
7164,Indiana,,,False,False,135.0,"(206, 160, 170)"
7165,Indiana,,,False,False,135.0,"(206, 160, 170)"
7166,Indiana,38.51255,-86.001415,False,False,135.0,"(206, 160, 170)"
7167,Indiana,,,False,False,135.0,"(206, 160, 170)"
7168,Indiana,40.00734,-85.740065,False,False,135.0,"(206, 160, 170)"
7169,Illinois,38.73124,-88.083379,False,False,314.0,"(199, 204, 199)"
7170,Illinois,40.9382805,-90.9544917,False,False,314.0,"(199, 204, 199)"
7171,Illinois,41.6286901,-88.3163508,False,False,314.0,"(199, 204, 199)"
7172,Illinois,41.356417,-88.8422909,False,False,314.0,"(199, 204, 199)"
7173,Illinois,42.1796072,-88.0771163,False,False,314.0,"(199, 204, 199)"
7174,Illinois,42.1224425,-88.0485568,False,False,314.0,"(199, 204, 199)"
7175,Illinois,40.582141,-89.629308,False,False,314.0,"(199, 204, 199)"
7176,Illinois,40.5626381,-89.6207021,False,False,314.0,"(199, 204, 199)"
7177,Illinois,40.6977743,-89.6153484,False,False,314.0,"(199, 204, 199)"
7178,Illinois,40.7011422,-89.6539584,False,False,314.0,"(199, 204, 199)"
7179,Illinois,40.707109,-89.5996861,False,False,314.0,"(199, 204, 199)"
7180,Illinois,40.7403112,-89.61155289999999,False,False,314.0,"(199, 204, 199)"
7181,Illinois,40.6882255,-89.5896645,False,False,314.0,"(199, 204, 199)"
7182,Illinois,40.7083464,-89.5723915,False,False,314.0,"(199, 204, 199)"
7183,Illinois,40.6967782,-89.5901133,False,False,314.0,"(199, 204, 199)"
7184,Illinois,39.97550469999999,-89.8409817,False,False,314.0,"(199, 204, 199)"
7185,Illinois,40.9317791,-88.7160687,False,False,314.0,"(199, 204, 199)"
7186,Illinois,41.6066363,-90.3316329,False,False,314.0,"(199, 204, 199)"
7187,Illinois,39.9102906,-91.3963209,False,False,314.0,"(199, 204, 199)"
7188,Illinois,39.9322149,-91.3761663,False,False,314.0,"(199, 204, 199)"
7189,Illinois,39.9405616,-91.3855142,False,False,314.0,"(199, 204, 199)"
7190,Illinois,41.823257,-89.1508032,False,False,314.0,"(199, 204, 199)"
7191,Illinois,41.5094771,-90.5787476,False,False,314.0,"(199, 204, 199)"
7192,Indiana,,,False,False,135.0,"(206, 160, 170)"
7193,Indiana,39.5860546,-86.3199626,True,False,135.0,"(206, 160, 170)"
7194,Indiana,,,False,False,135.0,"(206, 160, 170)"
7195,Indiana,,,False,False,135.0,"(206, 160, 170)"
7196,Indiana,40.3120256,-84.7289394,False,False,135.0,"(206, 160, 170)"
7197,Indiana,,,False,False,135.0,"(206, 160, 170)"
7198,Indiana,,,False,False,135.0,"(206, 160, 170)"
7199,Indiana,38.500546,-87.28917179999999,False,False,135.0,"(206, 160, 170)"
7200,Indiana,,,False,False,135.0,"(206, 160, 170)"
7201,Indiana,,,False,False,135.0,"(206, 160, 170)"
7202,Indiana,40.371781,-86.89309109999999,True,False,135.0,"(206, 160, 170)"
7203,Indiana,39.4295895,-86.95153529999999,True,False,135.0,"(206, 160, 170)"
7204,Indiana,41.6155937,-87.07419949999999,False,False,135.0,"(206, 160, 170)"
7205,Indiana,41.6155937,-87.07419949999999,False,False,135.0,"(206, 160, 170)"
7206,Indiana,41.5940405,-87.1754109,False,False,135.0,"(206, 160, 170)"
7207,Indiana,,,False,False,135.0,"(206, 160, 170)"
7208,Indiana,40.4297071,-85.0237727,False,False,135.0,"(206, 160, 170)"
7209,Indiana,,,False,False,135.0,"(206, 160, 170)"
7210,Indiana,,,False,False,135.0,"(206, 160, 170)"
7211,Indiana,,,False,False,135.0,"(206, 160, 170)"
7212,Indiana,,,False,False,135.0,"(206, 160, 170)"
7213,Indiana,,,False,False,135.0,"(206, 160, 170)"
7214,Indiana,40.9398273,-87.20801349999999,True,False,135.0,"(206, 160, 170)"
7215,Indiana,,,False,False,135.0,"(206, 160, 170)"
7216,Indiana,40.9198658,-87.1563334,True,False,135.0,"(206, 160, 170)"
7217,Indiana,40.9198658,-87.1563334,True,False,135.0,"(206, 160, 170)"
7218,Illinois,42.2930718,-88.97024379999999,False,False,314.0,"(199, 204, 199)"
7219,Illinois,42.1946344,-89.04203299999999,False,False,314.0,"(199, 204, 199)"
7220,Illinois,42.1746142,-88.8899364,False,False,314.0,"(199, 204, 199)"
7221,Illinois,42.245826,-88.975647,False,False,314.0,"(199, 204, 199)"
7222,Illinois,42.2563589,-89.04958669999999,False,False,314.0,"(199, 204, 199)"
7223,Illinois,42.267248,-89.08500699999999,False,False,314.0,"(199, 204, 199)"
7224,Illinois,42.20709129999999,-89.0377287,False,False,314.0,"(199, 204, 199)"
7225,Illinois,42.27648200000001,-89.091012,False,False,314.0,"(199, 204, 199)"
7226,Illinois,42.2623522,-89.081763,False,False,314.0,"(199, 204, 199)"
7227,Illinois,42.26889329999999,-89.01874480000001,False,False,314.0,"(199, 204, 199)"
7228,Illinois,42.26889329999999,-89.01874480000001,False,False,314.0,"(199, 204, 199)"
7229,Illinois,42.26889329999999,-89.01874480000001,False,False,314.0,"(199, 204, 199)"
7230,Illinois,42.26889329999999,-89.01874480000001,False,False,314.0,"(199, 204, 199)"
7231,Illinois,42.26889329999999,-89.01874480000001,False,False,314.0,"(199, 204, 199)"
7232,Illinois,42.26889329999999,-89.01874480000001,False,False,314.0,"(199, 204, 199)"
7233,Illinois,42.2614769,-89.04956969999999,False,False,314.0,"(199, 204, 199)"
7234,Illinois,42.45792369999999,-89.07066309999999,False,False,314.0,"(199, 204, 199)"
7235,Illinois,42.0818356,-88.03293529999999,False,False,314.0,"(199, 204, 199)"
7236,Illinois,41.9972693,-87.8834066,False,False,314.0,"(199, 204, 199)"
7237,Illinois,41.9355474,-87.84573549999999,False,False,314.0,"(199, 204, 199)"
7238,Illinois,40.1252917,-90.5707587,False,False,314.0,"(199, 204, 199)"
7239,Illinois,39.4126618,-88.78851259999999,False,False,314.0,"(199, 204, 199)"
7240,Illinois,40.081069,-88.29593109999999,False,False,314.0,"(199, 204, 199)"
7241,Illinois,,,False,False,314.0,"(199, 204, 199)"
7242,Illinois,42.032537,-88.3380435,False,False,314.0,"(199, 204, 199)"
7243,Illinois,,,False,False,314.0,"(199, 204, 199)"
7244,Illinois,39.830687,-89.654455,False,False,314.0,"(199, 204, 199)"
7245,Illinois,39.70343829999999,-89.6271531,False,False,314.0,"(199, 204, 199)"
7246,Illinois,39.7293904,-89.71189489999999,False,False,314.0,"(199, 204, 199)"
7247,Illinois,39.801085,-89.64425299999999,False,False,314.0,"(199, 204, 199)"
7248,Illinois,39.7977211,-89.6476091,False,False,314.0,"(199, 204, 199)"
7249,Indiana,40.9198658,-87.1563334,True,False,135.0,"(206, 160, 170)"
7250,Indiana,40.9198658,-87.1563334,True,False,135.0,"(206, 160, 170)"
7251,Indiana,40.9198658,-87.1563334,True,False,135.0,"(206, 160, 170)"
7252,Indiana,40.9198658,-87.1563334,True,False,135.0,"(206, 160, 170)"
7253,Indiana,40.9374798,-87.1609512,True,False,135.0,"(206, 160, 170)"
7254,Indiana,39.8208853,-84.913052,False,False,135.0,"(206, 160, 170)"
7255,Indiana,,,False,False,135.0,"(206, 160, 170)"
7256,Indiana,37.8822296,-87.0475027,False,False,135.0,"(206, 160, 170)"
7257,Indiana,,,False,False,135.0,"(206, 160, 170)"
7258,Indiana,41.1172375,-86.37603059999999,False,False,135.0,"(206, 160, 170)"
7259,Indiana,,,False,False,135.0,"(206, 160, 170)"
7260,Indiana,37.8797191,-87.0577874,False,False,135.0,"(206, 160, 170)"
7261,Indiana,41.6942096,-86.6811341,False,False,135.0,"(206, 160, 170)"
7262,Indiana,38.60725619999999,-86.1971105,False,False,135.0,"(206, 160, 170)"
7263,Indiana,,,False,False,135.0,"(206, 160, 170)"
7264,Indiana,41.483233,-87.471235,False,False,135.0,"(206, 160, 170)"
7265,Indiana,38.6350743,-85.7011819,False,False,135.0,"(206, 160, 170)"
7266,Indiana,38.673241,-85.77068100000001,False,False,135.0,"(206, 160, 170)"
7267,Indiana,,,False,False,135.0,"(206, 160, 170)"
7268,Indiana,,,False,False,135.0,"(206, 160, 170)"
7269,Indiana,39.45345570000001,-85.6669589,False,False,135.0,"(206, 160, 170)"
7270,Indiana,,,False,False,135.0,"(206, 160, 170)"
7271,Indiana,,,False,False,135.0,"(206, 160, 170)"
7272,Indiana,38.6142182,-86.84888839999999,False,False,135.0,"(206, 160, 170)"
7273,Indiana,,,False,False,135.0,"(206, 160, 170)"
7274,Indiana,38.677875,-86.91332799999999,False,False,135.0,"(206, 160, 170)"
7275,Indiana,41.711007,-86.27795619999999,False,False,135.0,"(206, 160, 170)"
7276,Indiana,41.6561545,-86.2263477,False,False,135.0,"(206, 160, 170)"
7277,Indiana,,,False,False,135.0,"(206, 160, 170)"
7278,Indiana,41.5350934,-86.36167999999999,False,False,135.0,"(206, 160, 170)"
7279,Indiana,41.6763545,-86.25198979999999,False,False,135.0,"(206, 160, 170)"
7280,Indiana,41.707304,-86.256745,False,False,135.0,"(206, 160, 170)"
7281,Illinois,39.8183908,-89.6489184,False,False,314.0,"(199, 204, 199)"
7282,Illinois,39.8183908,-89.6489184,False,False,314.0,"(199, 204, 199)"
7283,Illinois,41.9136245,-88.3121194,False,False,314.0,"(199, 204, 199)"
7284,Illinois,41.90954730000001,-88.3242255,False,False,314.0,"(199, 204, 199)"
7285,Illinois,41.9136798,-88.3146293,False,False,314.0,"(199, 204, 199)"
7286,Illinois,41.9282855,-88.2812941,False,False,314.0,"(199, 204, 199)"
7287,Illinois,41.9508336,-88.242369,False,False,314.0,"(199, 204, 199)"
7288,Illinois,31.9054198,-110.2207883,False,False,314.0,"(199, 204, 199)"
7289,Illinois,40.42953989999999,-90.66704,False,False,314.0,"(199, 204, 199)"
7290,Illinois,41.45815169999999,-87.6430055,False,False,314.0,"(199, 204, 199)"
7291,Illinois,41.7908001,-89.7316154,False,False,314.0,"(199, 204, 199)"
7292,Illinois,41.8213419,-87.7912265,False,False,314.0,"(199, 204, 199)"
7293,Illinois,42.0303341,-88.1807366,False,False,314.0,"(199, 204, 199)"
7294,Illinois,42.030531,-88.197101,False,False,314.0,"(199, 204, 199)"
7295,Illinois,41.0865829,-88.841916,False,False,314.0,"(199, 204, 199)"
7296,Illinois,41.9889356,-88.6892117,False,False,314.0,"(199, 204, 199)"
7297,Illinois,39.54081900000001,-89.289004,False,False,314.0,"(199, 204, 199)"
7298,Illinois,,,False,False,314.0,"(199, 204, 199)"
7299,Illinois,39.49147360000001,-89.4154964,False,False,314.0,"(199, 204, 199)"
7300,Illinois,39.9716945,-88.2660789,False,False,314.0,"(199, 204, 199)"
7301,Illinois,,,False,False,314.0,"(199, 204, 199)"
7302,Illinois,39.98398220000001,-88.2695514,False,False,314.0,"(199, 204, 199)"
7303,Illinois,40.52529690000001,-89.49754589999999,False,False,314.0,"(199, 204, 199)"
7304,Illinois,40.1447615,-88.16246989999999,False,False,314.0,"(199, 204, 199)"
7305,Illinois,40.1039112,-88.2087956,False,False,314.0,"(199, 204, 199)"
7306,Illinois,40.14179499999999,-88.206802,False,False,314.0,"(199, 204, 199)"
7307,Illinois,41.9134991,-88.3597138,False,False,314.0,"(199, 204, 199)"
7308,Illinois,38.9991601,-89.16258549999999,False,False,314.0,"(199, 204, 199)"
7309,Illinois,,,False,False,314.0,"(199, 204, 199)"
7310,Illinois,42.2496378,-87.9622717,False,False,314.0,"(199, 204, 199)"
7311,Illinois,,,False,False,314.0,"(199, 204, 199)"
7312,Illinois,41.8882862,-87.9695503,False,False,314.0,"(199, 204, 199)"
7313,Illinois,,,False,False,314.0,"(199, 204, 199)"
7314,Indiana,41.6756565,-86.25785929999999,False,False,135.0,"(206, 160, 170)"
7315,Indiana,41.7055716,-86.2353388,False,False,135.0,"(206, 160, 170)"
7316,Indiana,41.7166144,-86.24952979999999,False,False,135.0,"(206, 160, 170)"
7317,Indiana,,,False,False,135.0,"(206, 160, 170)"
7318,Indiana,,,False,False,135.0,"(206, 160, 170)"
7319,Indiana,41.0829323,-85.63544209999999,False,False,135.0,"(206, 160, 170)"
7320,Indiana,,,False,False,135.0,"(206, 160, 170)"
7321,Indiana,39.4273461,-85.6080889,False,False,135.0,"(206, 160, 170)"
7322,Indiana,,,False,False,135.0,"(206, 160, 170)"
7323,Indiana,,,False,False,135.0,"(206, 160, 170)"
7324,Indiana,39.1019796,-87.28172719999999,False,False,135.0,"(206, 160, 170)"
7325,Indiana,39.2781869,-84.97384050000001,False,False,135.0,"(206, 160, 170)"
7326,Indiana,40.4376195,-87.43593249999999,True,False,135.0,"(206, 160, 170)"
7327,Indiana,,,False,False,135.0,"(206, 160, 170)"
7328,Indiana,39.4778279,-87.2956215,False,False,135.0,"(206, 160, 170)"
7329,Indiana,39.4769444,-87.3484221,False,False,135.0,"(206, 160, 170)"
7330,Indiana,39.452046,-87.41049,False,False,135.0,"(206, 160, 170)"
7331,Indiana,39.4705314,-87.41037360000001,False,False,135.0,"(206, 160, 170)"
7332,Indiana,39.4705314,-87.41037360000001,False,False,135.0,"(206, 160, 170)"
7333,Indiana,39.52790820000001,-87.3463713,False,False,135.0,"(206, 160, 170)"
7334,Indiana,39.4196642,-87.40887339999999,False,False,135.0,"(206, 160, 170)"
7335,Indiana,38.768641,-86.3074712,False,False,135.0,"(206, 160, 170)"
7336,Indiana,41.22916559999999,-96.135489,False,False,135.0,"(206, 160, 170)"
7337,Illinois,40.966202,-90.669105,False,False,314.0,"(199, 204, 199)"
7338,Illinois,42.4549919,-87.952013,False,False,314.0,"(199, 204, 199)"
7339,Illinois,,,False,False,314.0,"(199, 204, 199)"
7340,Illinois,,,False,False,314.0,"(199, 204, 199)"
7341,Illinois,38.3454284,-88.5856846,False,False,314.0,"(199, 204, 199)"
7342,Illinois,,,False,False,314.0,"(199, 204, 199)"
7343,Illinois,,,False,False,314.0,"(199, 204, 199)"
7344,Illinois,,,False,False,314.0,"(199, 204, 199)"
7345,Illinois,,,False,False,314.0,"(199, 204, 199)"
7346,Illinois,42.2681882,-88.1555739,False,False,314.0,"(199, 204, 199)"
7347,Illinois,42.2560333,-88.1398138,False,False,314.0,"(199, 204, 199)"
7348,Illinois,41.7757632,-88.1427689,False,False,314.0,"(199, 204, 199)"
7349,Illinois,41.0855459,-89.1472299,False,False,314.0,"(199, 204, 199)"
7350,Illinois,,,False,False,314.0,"(199, 204, 199)"
7351,Illinois,41.840515,-88.100078,False,False,314.0,"(199, 204, 199)"
7352,Illinois,42.0835483,-87.7601861,False,False,314.0,"(199, 204, 199)"
7353,Illinois,,,False,False,314.0,"(199, 204, 199)"
7354,Illinois,41.7703092,-87.9022808,False,False,314.0,"(199, 204, 199)"
7355,Illinois,39.49147360000001,-89.4154964,False,False,314.0,"(199, 204, 199)"
7356,Illinois,42.3007764,-88.3523187,False,False,314.0,"(199, 204, 199)"
7357,Illinois,42.30637,-88.4397826,False,False,314.0,"(199, 204, 199)"
7358,Illinois,42.3140338,-88.44773149999999,False,False,314.0,"(199, 204, 199)"
7359,Illinois,41.6868947,-87.76899209999999,False,False,314.0,"(199, 204, 199)"
7360,Illinois,41.64227109999999,-88.4429626,False,False,314.0,"(199, 204, 199)"
7361,Illinois,41.6168781,-88.42183109999999,False,False,314.0,"(199, 204, 199)"
7362,Illinois,42.464859,-87.824094,False,False,314.0,"(199, 204, 199)"
7363,Virginia,36.7095313,-81.9755271,False,False,243.0,"(208, 175, 175)"
7364,Indiana,,,False,False,135.0,"(206, 160, 170)"
7365,Indiana,38.3336795,-85.6535729,False,False,135.0,"(206, 160, 170)"
7366,Indiana,,,False,False,135.0,"(206, 160, 170)"
7367,Indiana,41.4639394,-87.0438894,False,False,135.0,"(206, 160, 170)"
7368,Indiana,37.9715592,-87.5710898,False,False,135.0,"(206, 160, 170)"
7369,Indiana,38.9725621,-85.31397590000002,False,False,135.0,"(206, 160, 170)"
7370,Indiana,,,False,False,135.0,"(206, 160, 170)"
7371,Indiana,38.6873476,-87.5165157,False,False,135.0,"(206, 160, 170)"
7372,Indiana,40.828275,-85.849598,False,False,135.0,"(206, 160, 170)"
7373,Indiana,,,False,False,135.0,"(206, 160, 170)"
7374,Indiana,40.8093627,-85.69048440000002,False,False,135.0,"(206, 160, 170)"
7375,Indiana,,,False,False,135.0,"(206, 160, 170)"
7376,Indiana,39.8289369,-84.8902382,False,False,135.0,"(206, 160, 170)"
7377,Indiana,40.0684975,-86.9762384,True,False,135.0,"(206, 160, 170)"
7378,Indiana,,,False,False,135.0,"(206, 160, 170)"
7379,Indiana,39.8289369,-84.8902382,False,False,135.0,"(206, 160, 170)"
7380,Indiana,40.6376561,-85.37893900000002,False,False,135.0,"(206, 160, 170)"
7381,Indiana,40.4615359,-86.9071795,False,False,135.0,"(206, 160, 170)"
7382,Indiana,,,False,False,135.0,"(206, 160, 170)"
7383,Virginia,37.10955120000001,-79.29594209999999,False,False,243.0,"(208, 175, 175)"
7384,Virginia,38.8052079,-77.04200279999999,False,False,243.0,"(208, 175, 175)"
7385,Virginia,38.805639,-77.0436284,False,False,243.0,"(208, 175, 175)"
7386,Virginia,38.8227217,-77.10498869999999,False,False,243.0,"(208, 175, 175)"
7387,Virginia,38.8046284,-77.04235659999999,False,False,243.0,"(208, 175, 175)"
7388,Virginia,38.717459,-77.1373345,False,False,243.0,"(208, 175, 175)"
7389,Virginia,37.46744839999999,-77.9110321,False,False,243.0,"(208, 175, 175)"
7390,Virginia,37.41028,-78.02082999999999,False,False,243.0,"(208, 175, 175)"
7391,Virginia,37.63772,-79.0226133,False,False,243.0,"(208, 175, 175)"
7392,Virginia,38.8222822,-77.2076386,False,False,243.0,"(208, 175, 175)"
7393,Virginia,38.8522842,-77.190931,False,False,243.0,"(208, 175, 175)"
7394,Virginia,38.8477401,-77.1117173,False,False,243.0,"(208, 175, 175)"
7395,Virginia,37.7603794,-77.4783518,False,False,243.0,"(208, 175, 175)"
7396,Virginia,37.7603794,-77.4783518,False,False,243.0,"(208, 175, 175)"
7397,Virginia,37.7603794,-77.4783518,False,False,243.0,"(208, 175, 175)"
7398,Virginia,37.4473427,-76.86557549999999,True,False,243.0,"(208, 175, 175)"
7399,Virginia,36.765918,-79.929043,False,False,243.0,"(208, 175, 175)"
7400,Virginia,37.3383735,-79.5243057,False,False,243.0,"(208, 175, 175)"
7401,Virginia,37.2271005,-80.4441454,False,False,243.0,"(208, 175, 175)"
7402,Virginia,37.2301297,-80.415656,False,False,243.0,"(208, 175, 175)"
7403,Virginia,37.28037920000001,-81.3797532,False,False,243.0,"(208, 175, 175)"
7404,Virginia,38.05089840000001,-77.3476567,False,False,243.0,"(208, 175, 175)"
7405,Virginia,38.378879,-78.969386,True,False,243.0,"(208, 175, 175)"
7406,Virginia,36.6048746,-82.17633380000001,False,False,243.0,"(208, 175, 175)"
7407,Virginia,37.7357422,-79.3547073,False,False,243.0,"(208, 175, 175)"
7408,Virginia,37.7415843,-79.345959,False,False,243.0,"(208, 175, 175)"
7409,Virginia,37.7415843,-79.345959,False,False,243.0,"(208, 175, 175)"
7410,Virginia,38.782778,-77.521614,False,False,243.0,"(208, 175, 175)"
7411,Virginia,38.8759468,-77.4317811,False,False,243.0,"(208, 175, 175)"
7412,Virginia,38.0888535,-78.2908675,False,False,243.0,"(208, 175, 175)"
7413,Virginia,38.0086043,-78.4531994,False,False,243.0,"(208, 175, 175)"
7414,Indiana,41.6875994,-87.49737879999999,False,False,135.0,"(206, 160, 170)"
7415,Indiana,37.9783453,-87.5739983,False,False,135.0,"(206, 160, 170)"
7416,Indiana,38.7967169,-86.6652749,False,False,135.0,"(206, 160, 170)"
7417,Indiana,,,False,False,135.0,"(206, 160, 170)"
7418,Indiana,41.15386540000001,-84.8662603,False,False,135.0,"(206, 160, 170)"
7419,Indiana,39.9680194,-86.28286469999999,True,False,135.0,"(206, 160, 170)"
7420,Virginia,37.9966321,-78.49142119999999,False,False,243.0,"(208, 175, 175)"
7421,Virginia,37.3499756,-77.3949403,False,False,243.0,"(208, 175, 175)"
7422,Virginia,36.81420800000001,-81.6400039,True,False,243.0,"(208, 175, 175)"
7423,Virginia,,,False,False,243.0,"(208, 175, 175)"
7424,Virginia,,,False,False,243.0,"(208, 175, 175)"
7425,Virginia,37.1221918,-80.42561239999999,False,False,243.0,"(208, 175, 175)"
7426,Virginia,38.7898179,-77.36234069999999,False,False,243.0,"(208, 175, 175)"
7427,Virginia,,,False,False,243.0,"(208, 175, 175)"
7428,Virginia,36.8865035,-81.19192629999999,False,False,243.0,"(208, 175, 175)"
7429,Virginia,38.0083172,-78.4556549,False,False,243.0,"(208, 175, 175)"
7430,Virginia,36.58099199999999,-79.40007200000001,False,False,243.0,"(208, 175, 175)"
7431,Virginia,36.577749,-79.42968619999999,False,False,243.0,"(208, 175, 175)"
7432,Virginia,36.5696485,-79.3923087,False,False,243.0,"(208, 175, 175)"
7433,Virginia,38.5685254,-77.3292008,False,False,243.0,"(208, 175, 175)"
7434,Virginia,37.4452843,-77.406775,False,False,243.0,"(208, 175, 175)"
7435,Virginia,33.7925195,-84.32399889999999,False,False,243.0,"(208, 175, 175)"
7436,Virginia,38.8315541,-77.3120885,False,False,243.0,"(208, 175, 175)"
7437,Virginia,38.904091,-77.17358949999999,False,False,243.0,"(208, 175, 175)"
7438,Virginia,38.9096183,-77.17461469999999,False,False,243.0,"(208, 175, 175)"
7439,Virginia,37.29717979999999,-78.3961973,False,False,243.0,"(208, 175, 175)"
7440,Virginia,38.11898070000001,-78.9911707,False,False,243.0,"(208, 175, 175)"
7441,Virginia,,,False,False,243.0,"(208, 175, 175)"
7442,Virginia,38.880711,-77.078876,False,False,243.0,"(208, 175, 175)"
7443,Virginia,37.001097,-76.313107,False,False,243.0,"(208, 175, 175)"
7444,Virginia,36.918815,-75.9956658,False,False,243.0,"(208, 175, 175)"
7445,Virginia,38.464625,-77.40305699999999,False,False,243.0,"(208, 175, 175)"
7446,Virginia,38.3087423,-77.455303,False,False,243.0,"(208, 175, 175)"
7447,Virginia,38.3201279,-77.494985,False,False,243.0,"(208, 175, 175)"
7448,Virginia,38.92537610000001,-78.1820681,False,False,243.0,"(208, 175, 175)"
7449,Virginia,38.288134,-79.3034216,False,False,243.0,"(208, 175, 175)"
7450,Virginia,37.32790540000001,-76.5761402,False,False,243.0,"(208, 175, 175)"
7451,Virginia,36.915759,-80.871263,False,False,243.0,"(208, 175, 175)"
7452,Virginia,37.2113606,-82.1943892,False,False,243.0,"(208, 175, 175)"
7453,Virginia,37.0166753,-76.34265359999999,False,False,243.0,"(208, 175, 175)"
7454,Virginia,37.001097,-76.313107,False,False,243.0,"(208, 175, 175)"
7455,Virginia,37.0040553,-76.3073197,False,False,243.0,"(208, 175, 175)"
7456,Virginia,37.0438812,-76.3927636,False,False,243.0,"(208, 175, 175)"
7457,Virginia,36.8392152,-75.9721004,False,False,243.0,"(208, 175, 175)"
7458,Virginia,38.4207494,-78.8734781,False,False,243.0,"(208, 175, 175)"
7459,Virginia,38.4384323,-78.8830383,False,False,243.0,"(208, 175, 175)"
7460,Virginia,38.3904346,-78.8549922,False,False,243.0,"(208, 175, 175)"
7461,Virginia,38.824166,-77.7104493,False,False,243.0,"(208, 175, 175)"
7462,Virginia,38.8996374,-77.6213087,False,False,243.0,"(208, 175, 175)"
7463,Virginia,,,False,False,243.0,"(208, 175, 175)"
7464,Virginia,36.6915262,-79.8725386,False,False,243.0,"(208, 175, 175)"
7465,Virginia,37.3110429,-79.9644622,False,False,243.0,"(208, 175, 175)"
7466,Virginia,36.9687335,-80.71367889999999,False,False,243.0,"(208, 175, 175)"
7467,Virginia,37.0231617,-82.0514711,False,False,243.0,"(208, 175, 175)"
7468,Virginia,37.0170552,-81.978459,False,False,243.0,"(208, 175, 175)"
7469,Virginia,,,False,False,243.0,"(208, 175, 175)"
7470,Virginia,37.3090693,-77.3039443,False,False,243.0,"(208, 175, 175)"
7471,Virginia,,,False,False,243.0,"(208, 175, 175)"
7472,Virginia,36.7211406,-80.3277222,False,False,243.0,"(208, 175, 175)"
7473,Virginia,,,False,False,243.0,"(208, 175, 175)"
7474,Virginia,37.2077368,-76.7746671,False,False,243.0,"(208, 175, 175)"
7475,Virginia,38.26429479999999,-77.2688688,False,False,243.0,"(208, 175, 175)"
7476,Virginia,37.7698459,-76.4643091,False,False,243.0,"(208, 175, 175)"
7477,Virginia,39.1304226,-77.5308806,False,False,243.0,"(208, 175, 175)"
7478,Virginia,39.1166515,-77.5847572,False,False,243.0,"(208, 175, 175)"
7479,Virginia,37.8405843,-79.39114529999999,False,False,243.0,"(208, 175, 175)"
7480,Virginia,37.788981,-79.43946,False,False,243.0,"(208, 175, 175)"
7481,Virginia,37.7936845,-77.8500081,False,False,243.0,"(208, 175, 175)"
7482,Virginia,37.436964,-79.172197,False,False,243.0,"(208, 175, 175)"
7483,Virginia,37.3918131,-79.141076,False,False,243.0,"(208, 175, 175)"
7484,Virginia,38.8134115,-77.52216779999999,False,False,243.0,"(208, 175, 175)"
7485,Virginia,38.7513257,-77.4714255,False,False,243.0,"(208, 175, 175)"
7486,Virginia,38.743736,-77.4362757,False,False,243.0,"(208, 175, 175)"
7487,Virginia,36.77681889999999,-81.566172,True,False,243.0,"(208, 175, 175)"
7488,Virginia,37.4401705,-76.262284,False,False,243.0,"(208, 175, 175)"
7489,Virginia,37.2771769,-77.468062,False,False,243.0,"(208, 175, 175)"
7490,Virginia,37.5974515,-77.37878260000001,False,False,243.0,"(208, 175, 175)"
7491,Virginia,37.5974515,-77.37878260000001,False,False,243.0,"(208, 175, 175)"
7492,Virginia,37.5974515,-77.37878260000001,False,False,243.0,"(208, 175, 175)"
7493,Virginia,37.5512484,-76.4460588,False,False,243.0,"(208, 175, 175)"
7494,Virginia,37.575218,-76.5212974,False,False,243.0,"(208, 175, 175)"
7495,Virginia,39.020682,-78.30398799999999,False,False,243.0,"(208, 175, 175)"
7496,Virginia,39.0304812,-78.2771083,False,False,243.0,"(208, 175, 175)"
7497,Virginia,38.717459,-77.1373345,False,False,243.0,"(208, 175, 175)"
7498,Virginia,37.0732877,-80.6910972,False,False,243.0,"(208, 175, 175)"
7499,Virginia,36.845223,-76.285465,False,False,243.0,"(208, 175, 175)"
7500,Virginia,36.8874607,-76.29944019999999,False,False,243.0,"(208, 175, 175)"
7501,Virginia,36.848397,-76.2953745,False,False,243.0,"(208, 175, 175)"
7502,Virginia,36.848397,-76.2953745,False,False,243.0,"(208, 175, 175)"
7503,Virginia,,,False,False,243.0,"(208, 175, 175)"
7504,Virginia,36.8674624,-76.1866644,False,False,243.0,"(208, 175, 175)"
7505,Virginia,36.9445625,-82.5897552,False,False,243.0,"(208, 175, 175)"
7506,Virginia,38.6847023,-77.2610636,False,False,243.0,"(208, 175, 175)"
7507,Virginia,38.3175067,-77.7564776,False,False,243.0,"(208, 175, 175)"
7508,Virginia,38.273298,-78.131999,False,False,243.0,"(208, 175, 175)"
7509,Virginia,38.2792275,-85.64715059999999,False,False,243.0,"(208, 175, 175)"
7510,Virginia,37.3258012,-80.7096602,False,False,243.0,"(208, 175, 175)"
7511,Virginia,37.2438545,-77.3568983,False,False,243.0,"(208, 175, 175)"
7512,Virginia,37.211643,-77.44914779999999,False,False,243.0,"(208, 175, 175)"
7513,Virginia,38.860679,-77.77792699999999,False,False,243.0,"(208, 175, 175)"
7514,Virginia,,,False,False,243.0,"(208, 175, 175)"
7515,Virginia,37.1272329,-76.3605175,False,False,243.0,"(208, 175, 175)"
7516,Virginia,36.8923701,-76.35938809999999,False,False,243.0,"(208, 175, 175)"
7517,Virginia,36.8355349,-76.3014896,False,False,243.0,"(208, 175, 175)"
7518,Virginia,36.8452805,-76.30644029999999,False,False,243.0,"(208, 175, 175)"
7519,Virginia,37.6257994,-77.8350535,False,False,243.0,"(208, 175, 175)"
7520,Virginia,37.5361788,-77.4232397,False,False,243.0,"(208, 175, 175)"
7521,Virginia,37.5384714,-77.4322186,False,False,243.0,"(208, 175, 175)"
7522,Virginia,37.5059332,-77.3324425,False,False,243.0,"(208, 175, 175)"
7523,Virginia,37.5377122,-77.4552198,False,False,243.0,"(208, 175, 175)"
7524,Virginia,37.525796,-77.43539899999999,False,False,243.0,"(208, 175, 175)"
7525,Virginia,37.4689282,-77.3669487,False,False,243.0,"(208, 175, 175)"
7526,Virginia,37.5704374,-77.6521396,False,False,243.0,"(208, 175, 175)"
7527,Virginia,37.436187,-77.36676899999999,False,False,243.0,"(208, 175, 175)"
7528,Virginia,37.516839,-77.3339,False,False,243.0,"(208, 175, 175)"
7529,Virginia,37.268654,-79.9408098,True,False,243.0,"(208, 175, 175)"
7530,Virginia,37.3123584,-79.0402822,False,False,243.0,"(208, 175, 175)"
7531,Virginia,36.7321295,-82.69168049999999,False,False,243.0,"(208, 175, 175)"
7532,Virginia,36.735492,-82.691344,False,False,243.0,"(208, 175, 175)"
7533,Virginia,36.982412,-76.623453,False,False,243.0,"(208, 175, 175)"
7534,Virginia,,,False,False,243.0,"(208, 175, 175)"
7535,Virginia,38.4555208,-77.44850799999999,False,False,243.0,"(208, 175, 175)"
7536,Virginia,,,False,False,243.0,"(208, 175, 175)"
7537,Virginia,38.2972898,-78.4391423,False,False,243.0,"(208, 175, 175)"
7538,Virginia,38.132025,-79.035065,False,False,243.0,"(208, 175, 175)"
7539,Virginia,37.3054934,-79.8115523,True,False,243.0,"(208, 175, 175)"
7540,Virginia,38.1519269,-76.839449,False,False,243.0,"(208, 175, 175)"
7541,Virginia,37.10903,-76.72231699999999,False,False,243.0,"(208, 175, 175)"
7542,Virginia,37.5576478,-79.08286439999999,False,False,243.0,"(208, 175, 175)"
7543,Virginia,,,False,False,243.0,"(208, 175, 175)"
7544,Virginia,36.8941183,-82.3076928,False,False,243.0,"(208, 175, 175)"
7545,Virginia,36.9452335,-82.15180389999999,False,False,243.0,"(208, 175, 175)"
7546,Virginia,,,False,False,243.0,"(208, 175, 175)"
7547,Virginia,36.8691433,-75.98348969999999,False,False,243.0,"(208, 175, 175)"
7548,Virginia,36.9154251,-76.1202127,False,False,243.0,"(208, 175, 175)"
7549,Virginia,36.7541364,-76.06038889999999,False,False,243.0,"(208, 175, 175)"
7550,Virginia,36.8656334,-75.9830558,False,False,243.0,"(208, 175, 175)"
7551,Virginia,37.8831645,-80.86557049999999,False,False,243.0,"(208, 175, 175)"
7552,Virginia,37.4795627,-77.4382193,False,False,243.0,"(208, 175, 175)"
7553,Virginia,37.206972,-76.6247878,False,False,243.0,"(208, 175, 175)"
7554,Virginia,37.2707685,-76.7055707,False,False,243.0,"(208, 175, 175)"
7555,Virginia,37.2740582,-76.7020651,False,False,243.0,"(208, 175, 175)"
7556,Virginia,37.2740582,-76.7020651,False,False,243.0,"(208, 175, 175)"
7557,Virginia,37.29746850000001,-76.73641219999999,False,False,243.0,"(208, 175, 175)"
7558,Virginia,37.2707685,-76.7055707,False,False,243.0,"(208, 175, 175)"
7559,Virginia,37.2707685,-76.7055707,False,False,243.0,"(208, 175, 175)"
7560,Virginia,37.2741102,-76.7041897,False,False,243.0,"(208, 175, 175)"
7561,Virginia,37.2726516,-76.6998658,False,False,243.0,"(208, 175, 175)"
7562,Virginia,37.2267867,-76.6649158,False,False,243.0,"(208, 175, 175)"
7563,Virginia,37.271674,-76.71337799999999,False,False,243.0,"(208, 175, 175)"
7564,Virginia,37.271674,-76.71337799999999,False,False,243.0,"(208, 175, 175)"
7565,Virginia,37.2884667,-76.7248879,False,False,243.0,"(208, 175, 175)"
7566,Virginia,37.2708286,-76.7089515,False,False,243.0,"(208, 175, 175)"
7567,Virginia,39.1690973,-78.1601149,False,False,243.0,"(208, 175, 175)"
7568,Virginia,39.182265,-78.166656,False,False,243.0,"(208, 175, 175)"
7569,Virginia,39.20116,-78.153778,False,False,243.0,"(208, 175, 175)"
7570,Virginia,39.1554408,-78.18102449999999,False,False,243.0,"(208, 175, 175)"
7571,Virginia,36.9837066,-82.5766184,False,False,243.0,"(208, 175, 175)"
7572,Virginia,36.970591,-82.560716,False,False,243.0,"(208, 175, 175)"
7573,Virginia,37.0015033,-82.5718567,False,False,243.0,"(208, 175, 175)"
7574,Virginia,38.670986,-77.237577,False,False,243.0,"(208, 175, 175)"
7575,Virginia,,,False,False,243.0,"(208, 175, 175)"
7576,Virginia,38.671912,-77.23764,False,False,243.0,"(208, 175, 175)"
7577,Virginia,37.3130418,-76.63744919999999,False,False,243.0,"(208, 175, 175)"
7578,Virginia,37.2107044,-76.53363379999999,False,False,243.0,"(208, 175, 175)"
7579,Virginia,37.2307961,-76.5024214,False,False,243.0,"(208, 175, 175)"
7580,Idaho,42.7815897,-112.848714,False,False,201.0,"(211, 184, 182)"
7581,Idaho,47.951532,-116.602778,False,False,201.0,"(211, 184, 182)"
7582,Idaho,43.6299204,-113.2919115,False,False,201.0,"(211, 184, 182)"
7583,Idaho,43.745085,-114.5644832,False,False,201.0,"(211, 184, 182)"
7584,Idaho,43.6033127,-116.201649,False,False,201.0,"(211, 184, 182)"
7585,Idaho,43.6033127,-116.201649,False,False,201.0,"(211, 184, 182)"
7586,Idaho,43.62359379999999,-116.1790144,False,False,201.0,"(211, 184, 182)"
7587,Idaho,43.6629109,-116.3427884,False,False,201.0,"(211, 184, 182)"
7588,Idaho,43.6943682,-116.3120212,False,False,201.0,"(211, 184, 182)"
7589,Idaho,43.5893536,-116.1771479,False,False,201.0,"(211, 184, 182)"
7590,Idaho,43.646386,-116.243521,False,False,201.0,"(211, 184, 182)"
7591,Idaho,43.6027935,-116.1619792,False,False,201.0,"(211, 184, 182)"
7592,Idaho,43.6352064,-116.267812,False,False,201.0,"(211, 184, 182)"
7593,Idaho,48.3971492,-116.5351946,False,False,201.0,"(211, 184, 182)"
7594,Idaho,43.6882829,-116.6765856,False,False,201.0,"(211, 184, 182)"
7595,Idaho,43.6882829,-116.6765856,False,False,201.0,"(211, 184, 182)"
7596,Idaho,43.69714870000001,-116.6871708,False,False,201.0,"(211, 184, 182)"
7597,Idaho,43.5585009,-116.6449355,False,False,201.0,"(211, 184, 182)"
7598,Idaho,43.66293839999999,-116.6873596,False,False,201.0,"(211, 184, 182)"
7599,Idaho,48.3673291,-116.4406285,False,False,201.0,"(211, 184, 182)"
7600,Idaho,47.67295499999999,-116.7567249,False,False,201.0,"(211, 184, 182)"
7601,Idaho,47.7211708,-116.7774239,False,False,201.0,"(211, 184, 182)"
7602,Idaho,47.724674,-117.4106403,False,False,201.0,"(211, 184, 182)"
7603,Idaho,43.8714989,-116.4969581,False,False,201.0,"(211, 184, 182)"
7604,Idaho,43.89986409999999,-116.4524199,False,False,201.0,"(211, 184, 182)"
7605,Idaho,43.0563031,-112.548317,False,False,201.0,"(211, 184, 182)"
7606,Idaho,,,False,False,201.0,"(211, 184, 182)"
7607,Idaho,42.9582698,-115.3097158,False,False,201.0,"(211, 184, 182)"
7608,Idaho,45.9390108,-116.120001,False,False,201.0,"(211, 184, 182)"
7609,Idaho,43.8323633,-115.8413485,False,False,201.0,"(211, 184, 182)"
7610,Idaho,43.4660167,-111.9307333,False,False,201.0,"(211, 184, 182)"
7611,Idaho,42.1649604,-114.772206,False,False,201.0,"(211, 184, 182)"
7612,Idaho,,,False,False,201.0,"(211, 184, 182)"
7613,Idaho,43.4810313,-112.0035445,False,False,201.0,"(211, 184, 182)"
7614,New Hampshire,43.4560016,-71.22021699999999,False,False,381.0,"(130, 190, 188)"
7615,Idaho,43.4933323,-112.0417226,False,False,201.0,"(211, 184, 182)"
7616,Idaho,43.4597145,-112.0275753,False,False,201.0,"(211, 184, 182)"
7617,Idaho,43.477525,-112.040547,False,False,201.0,"(211, 184, 182)"
7618,Idaho,,,False,False,201.0,"(211, 184, 182)"
7619,Idaho,42.46046399999999,-114.3230567,False,False,201.0,"(211, 184, 182)"
7620,Idaho,46.3994597,-116.8020299,False,False,201.0,"(211, 184, 182)"
7621,Idaho,46.419846,-117.023058,False,False,201.0,"(211, 184, 182)"
7622,Idaho,46.2127083,-116.8414426,False,False,201.0,"(211, 184, 182)"
7623,Idaho,42.179113,-112.2328131,False,False,201.0,"(211, 184, 182)"
7624,Idaho,43.5457896,-116.8920322,False,False,201.0,"(211, 184, 182)"
7625,Idaho,,,False,False,201.0,"(211, 184, 182)"
7626,Idaho,43.6050464,-116.4539452,False,False,201.0,"(211, 184, 182)"
7627,Idaho,47.470504,-115.7991964,False,False,201.0,"(211, 184, 182)"
7628,Idaho,35.0733156,-106.5480342,False,False,201.0,"(211, 184, 182)"
7629,Idaho,43.5434938,-116.6398545,False,False,201.0,"(211, 184, 182)"
7630,Idaho,43.56124310000001,-116.5666261,False,False,201.0,"(211, 184, 182)"
7631,Idaho,46.4897949,-115.7991814,False,False,201.0,"(211, 184, 182)"
7632,Idaho,42.8832072,-112.4307986,False,False,201.0,"(211, 184, 182)"
7633,Idaho,42.8627231,-112.4297156,False,False,201.0,"(211, 184, 182)"
7634,Idaho,,,False,False,201.0,"(211, 184, 182)"
7635,Idaho,42.863019,-112.454319,False,False,201.0,"(211, 184, 182)"
7636,Idaho,38.5761903,-121.4978549,False,False,201.0,"(211, 184, 182)"
7637,Idaho,41.6485057,-112.190707,False,False,201.0,"(211, 184, 182)"
7638,Idaho,43.8144635,-111.7833857,False,False,201.0,"(211, 184, 182)"
7639,Idaho,43.721025,-112.126856,False,False,201.0,"(211, 184, 182)"
7640,Idaho,42.6214762,-113.665969,False,False,201.0,"(211, 184, 182)"
7641,Idaho,42.6573572,-111.6040388,False,False,201.0,"(211, 184, 182)"
7642,New Hampshire,43.23954699999999,-71.46706499999999,False,False,381.0,"(130, 190, 188)"
7643,New Hampshire,43.204981,-71.536558,False,False,381.0,"(130, 190, 188)"
7644,New Hampshire,43.20465,-71.5354987,False,False,381.0,"(130, 190, 188)"
7645,New Hampshire,43.1838413,-71.5588568,False,False,381.0,"(130, 190, 188)"
7646,New Hampshire,43.964789,-71.08958799999999,False,False,381.0,"(130, 190, 188)"
7647,New Hampshire,43.1944118,-70.8719376,False,False,381.0,"(130, 190, 188)"
7648,New Hampshire,43.1321608,-70.9188133,False,False,381.0,"(130, 190, 188)"
7649,New Hampshire,,,False,False,381.0,"(130, 190, 188)"
7650,New Hampshire,43.1744376,-71.33644029999999,False,False,381.0,"(130, 190, 188)"
7651,New Hampshire,42.9673305,-70.96552299999999,False,False,381.0,"(130, 190, 188)"
7652,New Hampshire,42.7800841,-72.1455828,False,False,381.0,"(130, 190, 188)"
7653,New Hampshire,43.5836576,-71.3793768,False,False,381.0,"(130, 190, 188)"
7654,New Hampshire,40.0977179,-84.6165424,False,False,381.0,"(130, 190, 188)"
7655,New Hampshire,42.9136322,-70.8129658,False,False,381.0,"(130, 190, 188)"
7656,New Hampshire,43.7044406,-72.2886935,False,False,381.0,"(130, 190, 188)"
7657,New Hampshire,,,False,False,381.0,"(130, 190, 188)"
7658,New Hampshire,43.1178022,-71.8736958,False,False,381.0,"(130, 190, 188)"
7659,New Hampshire,42.7684645,-71.53868779999999,False,False,381.0,"(130, 190, 188)"
7660,New Hampshire,42.9249987,-72.2822698,False,False,381.0,"(130, 190, 188)"
7661,New Hampshire,42.94222610000001,-72.2682073,False,False,381.0,"(130, 190, 188)"
7662,New Hampshire,43.5283008,-71.4701469,False,False,381.0,"(130, 190, 188)"
7663,New Hampshire,,,False,False,381.0,"(130, 190, 188)"
7664,New Hampshire,43.2768562,-72.1913575,False,False,381.0,"(130, 190, 188)"
7665,New Hampshire,42.8293835,-71.44589169999999,False,False,381.0,"(130, 190, 188)"
7666,New Hampshire,42.83909180000001,-71.4792841,False,False,381.0,"(130, 190, 188)"
7667,New Hampshire,42.8411351,-71.4707904,False,False,381.0,"(130, 190, 188)"
7668,New Hampshire,43.8633952,-71.1365337,False,False,381.0,"(130, 190, 188)"
7669,New Hampshire,42.9719706,-71.469627,False,False,381.0,"(130, 190, 188)"
7670,New Hampshire,42.98783359999999,-71.4659705,False,False,381.0,"(130, 190, 188)"
7671,New Hampshire,43.0193794,-71.46909420000001,False,False,381.0,"(130, 190, 188)"
7672,New Hampshire,42.9874723,-71.5072307,False,False,381.0,"(130, 190, 188)"
7673,Idaho,42.6788842,-111.6034599,False,False,201.0,"(211, 184, 182)"
7674,Idaho,43.1666037,-114.3407839,False,False,201.0,"(211, 184, 182)"
7675,Idaho,42.5991895,-114.4796977,False,False,201.0,"(211, 184, 182)"
7676,Idaho,42.55571,-114.472287,False,False,201.0,"(211, 184, 182)"
7677,Idaho,47.471669,-115.925534,False,False,201.0,"(211, 184, 182)"
7678,New Hampshire,42.9769496,-71.44533799999999,False,False,381.0,"(130, 190, 188)"
7679,New Hampshire,,,False,False,381.0,"(130, 190, 188)"
7680,New Hampshire,,,False,False,381.0,"(130, 190, 188)"
7681,New Hampshire,42.8396692,-71.49148939999999,False,False,381.0,"(130, 190, 188)"
7682,New Hampshire,,,False,False,381.0,"(130, 190, 188)"
7683,New Hampshire,42.8247053,-71.62320629999999,False,False,381.0,"(130, 190, 188)"
7684,New Hampshire,,,False,False,381.0,"(130, 190, 188)"
7685,New Hampshire,42.78988,-71.517755,False,False,381.0,"(130, 190, 188)"
7686,New Hampshire,42.7162246,-71.5129357,False,False,381.0,"(130, 190, 188)"
7687,New Hampshire,42.77776739999999,-71.5208376,False,False,381.0,"(130, 190, 188)"
7688,New Hampshire,42.7619459,-71.4984877,False,False,381.0,"(130, 190, 188)"
7689,New Hampshire,43.412062,-71.978033,False,False,381.0,"(130, 190, 188)"
7690,New Hampshire,43.412062,-71.978033,False,False,381.0,"(130, 190, 188)"
7691,New Hampshire,43.41388,-71.98250829999999,False,False,381.0,"(130, 190, 188)"
7692,New Hampshire,43.724657,-71.61002599999999,False,False,381.0,"(130, 190, 188)"
7693,New Hampshire,,,False,False,381.0,"(130, 190, 188)"
7694,New Hampshire,43.7595034,-71.68825430000001,False,False,381.0,"(130, 190, 188)"
7695,New Hampshire,43.7595034,-71.68825430000001,False,False,381.0,"(130, 190, 188)"
7696,New Hampshire,43.7595034,-71.68825430000001,False,False,381.0,"(130, 190, 188)"
7697,New Hampshire,43.0585583,-70.776642,False,False,381.0,"(130, 190, 188)"
7698,New Hampshire,43.073392,-70.7530143,False,False,381.0,"(130, 190, 188)"
7699,New Hampshire,43.0721068,-70.7988767,False,False,381.0,"(130, 190, 188)"
7700,New Hampshire,42.7793667,-72.0560856,False,False,381.0,"(130, 190, 188)"
7701,New Hampshire,43.28504119999999,-70.94037639999999,False,False,381.0,"(130, 190, 188)"
7702,New Hampshire,43.3191888,-70.9732152,False,False,381.0,"(130, 190, 188)"
7703,New Hampshire,43.0045153,-70.74559359999999,False,False,381.0,"(130, 190, 188)"
7704,New Hampshire,43.550359,-71.573835,False,False,381.0,"(130, 190, 188)"
7705,New Hampshire,43.2477433,-71.1834693,False,False,381.0,"(130, 190, 188)"
7706,New Hampshire,42.8221582,-71.7364493,False,False,381.0,"(130, 190, 188)"
7707,New Hampshire,44.2735664,-71.5516035,False,False,381.0,"(130, 190, 188)"
7708,New Hampshire,44.2735664,-71.5516035,False,False,381.0,"(130, 190, 188)"
7709,New Hampshire,44.2735664,-71.5516035,False,False,381.0,"(130, 190, 188)"
7710,New Hampshire,44.2735664,-71.5516035,False,False,381.0,"(130, 190, 188)"
7711,New Hampshire,42.8643195,-72.5182803,False,False,381.0,"(130, 190, 188)"
7712,New Hampshire,42.883615,-72.55068399999999,False,False,381.0,"(130, 190, 188)"
7713,New Hampshire,43.6091112,-71.46015539999999,False,False,381.0,"(130, 190, 188)"
7714,New Hampshire,42.8439838,-71.7739398,False,False,381.0,"(130, 190, 188)"
7715,New Hampshire,42.819547,-71.252248,False,False,381.0,"(130, 190, 188)"
7716,New Hampshire,42.8059923,-71.26224610000001,False,False,381.0,"(130, 190, 188)"
7717,New Hampshire,43.5869096,-71.21986079999999,False,False,381.0,"(130, 190, 188)"
7718,Vermont,42.9203078,-73.2359361,False,False,135.0,"(148, 188, 185)"
7719,Vermont,42.9781342,-73.0712156,False,False,135.0,"(148, 188, 185)"
7720,Vermont,42.8677544,-73.21852860000001,False,False,135.0,"(148, 188, 185)"
7721,Vermont,42.8677544,-73.21852860000001,False,False,135.0,"(148, 188, 185)"
7722,Vermont,42.8733779,-72.58161799999999,False,False,135.0,"(148, 188, 185)"
7723,Vermont,44.73643879999999,-71.6323112,False,False,135.0,"(148, 188, 185)"
7724,Vermont,44.4765434,-73.2142966,False,False,135.0,"(148, 188, 185)"
7725,Vermont,44.4731165,-73.2041352,False,False,135.0,"(148, 188, 185)"
7726,Vermont,44.4778528,-73.1964637,False,False,135.0,"(148, 188, 185)"
7727,Vermont,44.4778528,-73.1964637,False,False,135.0,"(148, 188, 185)"
7728,Vermont,44.4778528,-73.1964637,False,False,135.0,"(148, 188, 185)"
7729,Vermont,44.4778528,-73.1964637,False,False,135.0,"(148, 188, 185)"
7730,Vermont,44.4778528,-73.1964637,False,False,135.0,"(148, 188, 185)"
7731,Vermont,44.4778528,-73.1964637,False,False,135.0,"(148, 188, 185)"
7732,Vermont,44.4778528,-73.1964637,False,False,135.0,"(148, 188, 185)"
7733,Vermont,44.4778528,-73.1964637,False,False,135.0,"(148, 188, 185)"
7734,Vermont,44.4778528,-73.1964637,False,False,135.0,"(148, 188, 185)"
7735,Vermont,44.4778528,-73.1964637,False,False,135.0,"(148, 188, 185)"
7736,Vermont,44.4778528,-73.1964637,False,False,135.0,"(148, 188, 185)"
7737,Vermont,43.6077824,-73.1802563,False,False,135.0,"(148, 188, 185)"
7738,Vermont,43.6077824,-73.1802563,False,False,135.0,"(148, 188, 185)"
7739,Vermont,43.6077824,-73.1802563,False,False,135.0,"(148, 188, 185)"
7740,Vermont,,,False,False,135.0,"(148, 188, 185)"
7741,Vermont,44.4951628,-73.1627561,False,False,135.0,"(148, 188, 185)"
7742,Vermont,,,False,False,135.0,"(148, 188, 185)"
7743,Vermont,44.6151635,-71.94041760000002,False,False,135.0,"(148, 188, 185)"
7744,Vermont,,,False,False,135.0,"(148, 188, 185)"
7745,Vermont,43.5645152,-72.3809249,False,False,135.0,"(148, 188, 185)"
7746,Vermont,44.637031,-72.674763,False,False,135.0,"(148, 188, 185)"
7747,Vermont,43.1619615,-73.0724968,False,False,135.0,"(148, 188, 185)"
7748,Vermont,43.18102409999999,-73.01142469999999,False,False,135.0,"(148, 188, 185)"
7749,Vermont,44.13900539999999,-72.6612317,False,False,135.0,"(148, 188, 185)"
7750,Vermont,37.2596725,-79.9466975,False,False,135.0,"(148, 188, 185)"
7751,Vermont,44.25781,-72.5970768,False,False,135.0,"(148, 188, 185)"
7752,Vermont,44.2551934,-72.5676241,False,False,135.0,"(148, 188, 185)"
7753,Vermont,44.13900539999999,-72.6612317,False,False,135.0,"(148, 188, 185)"
7754,Vermont,44.13900539999999,-72.6612317,False,False,135.0,"(148, 188, 185)"
7755,Vermont,44.13900539999999,-72.6612317,False,False,135.0,"(148, 188, 185)"
7756,Vermont,44.13900539999999,-72.6612317,False,False,135.0,"(148, 188, 185)"
7757,Vermont,43.7150697,-72.3090787,False,False,135.0,"(148, 188, 185)"
7758,Vermont,43.7143998,-73.0176242,False,False,135.0,"(148, 188, 185)"
7759,Vermont,43.6174987,-72.9546905,False,False,135.0,"(148, 188, 185)"
7760,Vermont,,,False,False,135.0,"(148, 188, 185)"
7761,Vermont,43.939583,-73.154236,False,False,135.0,"(148, 188, 185)"
7762,Vermont,43.1353803,-72.5088359,False,False,135.0,"(148, 188, 185)"
7763,Vermont,42.9827045,-73.1971428,False,False,135.0,"(148, 188, 185)"
7764,Vermont,44.357969,-73.248463,False,False,135.0,"(148, 188, 185)"
7765,Vermont,43.3015656,-72.4775442,False,False,135.0,"(148, 188, 185)"
7766,Vermont,44.8049858,-73.0778594,False,False,135.0,"(148, 188, 185)"
7767,Vermont,44.8134681,-73.0831457,False,False,135.0,"(148, 188, 185)"
7768,Vermont,44.8098559,-73.1427549,False,False,135.0,"(148, 188, 185)"
7769,Vermont,44.8080266,-73.0828117,False,False,135.0,"(148, 188, 185)"
7770,Vermont,44.440383,-72.67986739999999,False,False,135.0,"(148, 188, 185)"
7771,Vermont,37.338517,-121.8878706,False,False,135.0,"(148, 188, 185)"
7772,Vermont,43.82633329999999,-72.2392064,False,False,135.0,"(148, 188, 185)"
7773,Vermont,44.33874429999999,-72.7577439,False,False,135.0,"(148, 188, 185)"
7774,Vermont,44.1523715,-72.0529955,False,False,135.0,"(148, 188, 185)"
7775,Vermont,43.645506,-72.3341399,False,False,135.0,"(148, 188, 185)"
7776,Vermont,42.925709,-72.6492136,False,False,135.0,"(148, 188, 185)"
7777,Vermont,,,False,False,135.0,"(148, 188, 185)"
7778,Vermont,42.8639213,-72.8543834,False,False,135.0,"(148, 188, 185)"
7779,Vermont,44.501157,-73.18101,False,False,135.0,"(148, 188, 185)"
7780,Vermont,43.5860785,-72.6178426,False,False,135.0,"(148, 188, 185)"
7781,Nevada,39.4937292,-117.0724176,False,False,201.0,"(212, 183, 181)"
7782,Nevada,40.6403486,-116.9326463,True,False,201.0,"(212, 183, 181)"
7783,Nevada,40.64515180000001,-116.9393988,True,False,201.0,"(212, 183, 181)"
7784,Nevada,35.9457364,-114.8470616,False,False,201.0,"(212, 183, 181)"
7785,Nevada,39.16612870000001,-119.7689218,False,False,201.0,"(212, 183, 181)"
7786,Nevada,39.401407,-118.6474192,True,False,201.0,"(212, 183, 181)"
7787,Nevada,39.4029958,-118.7262017,True,False,201.0,"(212, 183, 181)"
7788,Nevada,38.999182,-119.845249,False,False,201.0,"(212, 183, 181)"
7789,Nevada,37.7080514,-117.2356831,False,False,201.0,"(212, 183, 181)"
7790,Nevada,39.292336,-119.657549,False,False,201.0,"(212, 183, 181)"
7791,Nevada,36.0586158,-115.0686549,False,False,201.0,"(212, 183, 181)"
7792,Nevada,36.0786411,-115.0575748,False,False,201.0,"(212, 183, 181)"
7793,Nevada,42.3458256,-114.5095897,False,False,201.0,"(212, 183, 181)"
7794,Nevada,36.1099696,-115.1700646,False,False,201.0,"(212, 183, 181)"
7795,Nevada,36.1715203,-115.141944,False,False,201.0,"(212, 183, 181)"
7796,Nevada,36.1140611,-115.170627,False,False,201.0,"(212, 183, 181)"
7797,Nevada,36.1126264,-115.1767051,False,False,201.0,"(212, 183, 181)"
7798,Nevada,36.1161685,-115.174499,False,False,201.0,"(212, 183, 181)"
7799,Nevada,36.1377724,-115.1653704,False,False,201.0,"(212, 183, 181)"
7800,Nevada,36.1786825,-115.0701718,False,False,201.0,"(212, 183, 181)"
7801,Nevada,36.1709011,-115.0752343,False,False,201.0,"(212, 183, 181)"
7802,Nevada,36.0989822,-115.1754724,False,False,201.0,"(212, 183, 181)"
7803,Nevada,36.1164409,-115.1707917,False,False,201.0,"(212, 183, 181)"
7804,Nevada,36.1652746,-115.1397589,False,False,201.0,"(212, 183, 181)"
7805,Nevada,36.1049006,-115.1441925,False,False,201.0,"(212, 183, 181)"
7806,Nevada,36.1243431,-115.1688717,False,False,201.0,"(212, 183, 181)"
7807,Nevada,36.09551,-115.1760672,False,False,201.0,"(212, 183, 181)"
7808,Nevada,36.102576,-115.1702533,False,False,201.0,"(212, 183, 181)"
7809,Nevada,36.1211957,-115.1740735,False,False,201.0,"(212, 183, 181)"
7810,Nevada,36.2414162,-115.0508066,False,False,201.0,"(212, 183, 181)"
7811,Nevada,36.0521124,-115.1177025,False,False,201.0,"(212, 183, 181)"
7812,Nevada,36.146285,-115.0920616,False,False,201.0,"(212, 183, 181)"
7813,Nevada,36.1587768,-115.09359,False,False,201.0,"(212, 183, 181)"
7814,Nevada,36.1699235,-115.2873719,False,False,201.0,"(212, 183, 181)"
7815,Nevada,39.352442,-74.4453267,False,False,201.0,"(212, 183, 181)"
7816,Nevada,36.0816516,-115.0692129,False,False,201.0,"(212, 183, 181)"
7817,Nevada,35.6117302,-115.3924581,True,False,201.0,"(212, 183, 181)"
7818,Nevada,36.5840728,-114.4588377,False,False,201.0,"(212, 183, 181)"
7819,Nevada,39.4901026,-119.7509284,False,False,201.0,"(212, 183, 181)"
7820,Nevada,39.5265809,-119.8043104,False,False,201.0,"(212, 183, 181)"
7821,Nevada,,,False,False,201.0,"(212, 183, 181)"
7822,Nevada,,,False,False,201.0,"(212, 183, 181)"
7823,Nevada,39.5252004,-119.8829269,False,False,201.0,"(212, 183, 181)"
7824,Nevada,39.507683,-119.7831631,False,False,201.0,"(212, 183, 181)"
7825,Nevada,39.29046779999999,-119.6574011,False,False,201.0,"(212, 183, 181)"
7826,Nevada,38.0683209,-117.2307642,False,False,201.0,"(212, 183, 181)"
7827,Nevada,38.0843774,-117.2425833,True,False,201.0,"(212, 183, 181)"
7828,Nevada,40.4454634,-118.1206953,False,False,201.0,"(212, 183, 181)"
7829,Nevada,39.3109743,-119.6492527,False,False,201.0,"(212, 183, 181)"
7830,Nevada,39.303161,-119.652269,False,False,201.0,"(212, 183, 181)"
7831,Nevada,43.6676559,-84.3677518,False,False,201.0,"(212, 183, 181)"
7832,Nevada,39.3110159,-119.6501592,False,False,201.0,"(212, 183, 181)"
7833,Nevada,39.30920709999999,-119.6480066,False,False,201.0,"(212, 183, 181)"
7834,Nevada,39.3096489,-119.6500556,False,False,201.0,"(212, 183, 181)"
7835,Nevada,39.316687,-119.644233,False,False,201.0,"(212, 183, 181)"
7836,Nevada,39.2963286,-119.7761221,False,False,201.0,"(212, 183, 181)"
7837,Hawaii,21.3849016,-157.9300814,False,False,299.0,"(194, 205, 198)"
7838,Hawaii,21.3476718,-157.9526422,False,False,299.0,"(194, 205, 198)"
7839,Hawaii,,,False,False,299.0,"(194, 205, 198)"
7840,Hawaii,21.6320605,-157.9210441,False,False,299.0,"(194, 205, 198)"
7841,Hawaii,,,False,False,299.0,"(194, 205, 198)"
7842,Hawaii,19.701015,-155.0814688,False,False,299.0,"(194, 205, 198)"
7843,Hawaii,21.3098611,-157.8636361,False,False,299.0,"(194, 205, 198)"
7844,Hawaii,21.3209005,-158.0812864,False,False,299.0,"(194, 205, 198)"
7845,Hawaii,21.315783,-157.870406,False,False,299.0,"(194, 205, 198)"
7846,Hawaii,21.3306993,-157.8722547,False,False,299.0,"(194, 205, 198)"
7847,Hawaii,21.2775782,-157.6960011,False,False,299.0,"(194, 205, 198)"
7848,Hawaii,21.3087847,-157.8515859,False,False,299.0,"(194, 205, 198)"
7849,Hawaii,21.3712453,-157.9114022,False,False,299.0,"(194, 205, 198)"
7850,Hawaii,21.2830129,-157.8376061,False,False,299.0,"(194, 205, 198)"
7851,Hawaii,21.3245132,-157.9250736,False,False,299.0,"(194, 205, 198)"
7852,Hawaii,21.3067572,-157.8587697,False,False,299.0,"(194, 205, 198)"
7853,Hawaii,21.3026125,-157.8587575,False,False,299.0,"(194, 205, 198)"
7854,Hawaii,21.3635455,-157.8420751,False,False,299.0,"(194, 205, 198)"
7855,Hawaii,21.3396842,-157.8661535,False,False,299.0,"(194, 205, 198)"
7856,Hawaii,21.3396842,-157.8661535,False,False,299.0,"(194, 205, 198)"
7857,Hawaii,21.3159023,-157.8033266,False,False,299.0,"(194, 205, 198)"
7858,Hawaii,21.3159023,-157.8033266,False,False,299.0,"(194, 205, 198)"
7859,Hawaii,21.347123,-157.9003599,False,False,299.0,"(194, 205, 198)"
7860,Hawaii,21.496105,-158.0690417,False,False,299.0,"(194, 205, 198)"
7861,Hawaii,21.3417501,-157.8271717,False,False,299.0,"(194, 205, 198)"
7862,Hawaii,21.3417501,-157.8271717,False,False,299.0,"(194, 205, 198)"
7863,Hawaii,21.3417501,-157.8271717,False,False,299.0,"(194, 205, 198)"
7864,Hawaii,21.3417501,-157.8271717,False,False,299.0,"(194, 205, 198)"
7865,Hawaii,21.3417501,-157.8271717,False,False,299.0,"(194, 205, 198)"
7866,Hawaii,21.3091601,-157.8627071,False,False,299.0,"(194, 205, 198)"
7867,Hawaii,21.3082701,-157.8537089,False,False,299.0,"(194, 205, 198)"
7868,Hawaii,21.285976,-157.806603,False,False,299.0,"(194, 205, 198)"
7869,Hawaii,21.285976,-157.806603,False,False,299.0,"(194, 205, 198)"
7870,Hawaii,21.285976,-157.806603,False,False,299.0,"(194, 205, 198)"
7871,Hawaii,21.285976,-157.806603,False,False,299.0,"(194, 205, 198)"
7872,Hawaii,21.3071951,-157.8573977,False,False,299.0,"(194, 205, 198)"
7873,Hawaii,21.3099873,-157.8406912,False,False,299.0,"(194, 205, 198)"
7874,Hawaii,21.2991857,-157.8171978,False,False,299.0,"(194, 205, 198)"
7875,Hawaii,21.2937729,-157.8424552,False,False,299.0,"(194, 205, 198)"
7876,Hawaii,21.50501,-158.017739,False,False,299.0,"(194, 205, 198)"
7877,Hawaii,21.2705629,-157.7762165,False,False,299.0,"(194, 205, 198)"
7878,Hawaii,21.2705629,-157.7762165,False,False,299.0,"(194, 205, 198)"
7879,Hawaii,21.2705629,-157.7762165,False,False,299.0,"(194, 205, 198)"
7880,Hawaii,21.2705629,-157.7762165,False,False,299.0,"(194, 205, 198)"
7881,Hawaii,21.2705629,-157.7762165,False,False,299.0,"(194, 205, 198)"
7882,Hawaii,21.2705629,-157.7762165,False,False,299.0,"(194, 205, 198)"
7883,Hawaii,21.2705629,-157.7762165,False,False,299.0,"(194, 205, 198)"
7884,Hawaii,21.2705629,-157.7762165,False,False,299.0,"(194, 205, 198)"
7885,Hawaii,21.2782807,-157.8306613,False,False,299.0,"(194, 205, 198)"
7886,Hawaii,21.3866667,-158.0091667,False,False,299.0,"(194, 205, 198)"
7887,Hawaii,21.2777001,-157.7875852,False,False,299.0,"(194, 205, 198)"
7888,Hawaii,19.6408109,-155.9973554,False,False,299.0,"(194, 205, 198)"
7889,Hawaii,21.4264245,-157.8057861,False,False,299.0,"(194, 205, 198)"
7890,Hawaii,21.9811111,-159.3711111,False,False,299.0,"(194, 205, 198)"
7891,Hawaii,21.1633623,-156.8312931,False,False,299.0,"(194, 205, 198)"
7892,Hawaii,19.632069,-155.990336,False,False,299.0,"(194, 205, 198)"
7893,Hawaii,19.7018258,-155.0821042,False,False,299.0,"(194, 205, 198)"
7894,Hawaii,20.887746,-156.6601452,False,False,299.0,"(194, 205, 198)"
7895,Hawaii,21.6498732,-157.9246794,False,False,299.0,"(194, 205, 198)"
7896,Hawaii,21.4705592,-158.212034,False,False,299.0,"(194, 205, 198)"
7897,Hawaii,21.4787464,-158.1930733,False,False,299.0,"(194, 205, 198)"
7898,Hawaii,20.8900285,-156.3159321,False,False,299.0,"(194, 205, 198)"
7899,Hawaii,20.8569444,-156.3130556,False,False,299.0,"(194, 205, 198)"
7900,Hawaii,20.7983626,-156.3319253,False,False,299.0,"(194, 205, 198)"
7901,Hawaii,20.6899733,-156.4392245,False,False,299.0,"(194, 205, 198)"
7902,Hawaii,21.4420111,-157.9878,False,False,299.0,"(194, 205, 198)"
7903,Hawaii,,,False,False,299.0,"(194, 205, 198)"
7904,Hawaii,21.636111,-158.054016,False,False,299.0,"(194, 205, 198)"
7905,Hawaii,21.3069444,-157.8583333,False,False,299.0,"(194, 205, 198)"
7906,Hawaii,21.3852575,-157.9095172,False,False,299.0,"(194, 205, 198)"
7907,Hawaii,21.3069444,-157.8583333,False,False,299.0,"(194, 205, 198)"
7908,Hawaii,21.3996475,-157.7973653,False,False,299.0,"(194, 205, 198)"
7909,Hawaii,21.430724,-157.832237,False,False,299.0,"(194, 205, 198)"
7910,Hawaii,21.6482858,-157.9225549,False,False,299.0,"(194, 205, 198)"
7911,Hawaii,21.4513314,-158.0152807,False,False,299.0,"(194, 205, 198)"
7912,Hawaii,21.581543,-158.1923532,False,False,299.0,"(194, 205, 198)"
7913,Hawaii,21.261983,-157.8059987,False,False,299.0,"(194, 205, 198)"
7914,Hawaii,21.261983,-157.8059987,False,False,299.0,"(194, 205, 198)"
7915,Hawaii,21.261983,-157.8059987,False,False,299.0,"(194, 205, 198)"
7916,Hawaii,21.261983,-157.8059987,False,False,299.0,"(194, 205, 198)"
7917,Hawaii,21.3488372,-157.9435574,False,False,299.0,"(194, 205, 198)"
7918,Hawaii,21.3935795,-157.972097,False,False,299.0,"(194, 205, 198)"
7919,Hawaii,21.4147148,-157.9531278,False,False,299.0,"(194, 205, 198)"
7920,Hawaii,21.3962412,-157.9757787,False,False,299.0,"(194, 205, 198)"
7921,Hawaii,21.3930193,-157.9692192,False,False,299.0,"(194, 205, 198)"
7922,Hawaii,21.3488372,-157.9435574,False,False,299.0,"(194, 205, 198)"
7923,Hawaii,21.3420741,-157.9642869,False,False,299.0,"(194, 205, 198)"
7924,Hawaii,,,False,False,299.0,"(194, 205, 198)"
7925,Hawaii,,,False,False,299.0,"(194, 205, 198)"
7926,Hawaii,21.4875088,-158.0480183,False,False,299.0,"(194, 205, 198)"
7927,Hawaii,21.5047648,-158.0363861,False,False,299.0,"(194, 205, 198)"
7928,Hawaii,21.493666,-158.01899,False,False,299.0,"(194, 205, 198)"
7929,Hawaii,20.9547611,-156.5343658,False,False,299.0,"(194, 205, 198)"
7930,Hawaii,21.2782807,-157.8306613,False,False,299.0,"(194, 205, 198)"
7931,Hawaii,21.4161335,-157.9984616,False,False,299.0,"(194, 205, 198)"
7932,Hawaii,21.4868251,-158.0383889,False,False,299.0,"(194, 205, 198)"
7933,Utah,40.34471,-111.782835,False,False,386.0,"(168, 200, 198)"
7934,Utah,41.6485057,-112.190707,False,False,386.0,"(168, 200, 198)"
7935,Utah,,,False,False,386.0,"(168, 200, 198)"
7936,Utah,,,False,False,386.0,"(168, 200, 198)"
7937,Utah,,,False,False,386.0,"(168, 200, 198)"
7938,Utah,40.8660656,-111.8860664,False,False,386.0,"(168, 200, 198)"
7939,Utah,,,False,False,386.0,"(168, 200, 198)"
7940,Utah,41.5102129,-112.0155015,False,False,386.0,"(168, 200, 198)"
7941,Utah,41.445146,-112.040831,False,False,386.0,"(168, 200, 198)"
7942,Utah,41.5098937,-112.0160862,False,False,386.0,"(168, 200, 198)"
7943,Utah,41.745161,-111.8097425,False,False,386.0,"(168, 200, 198)"
7944,Utah,40.6333936,-111.6118892,False,False,386.0,"(168, 200, 198)"
7945,Utah,44.8760749,-108.4644083,False,False,386.0,"(168, 200, 198)"
7946,Utah,40.7774076,-111.8881773,False,False,386.0,"(168, 200, 198)"
7947,Utah,39.2214214,-111.034483,False,False,386.0,"(168, 200, 198)"
7948,Utah,37.6757948,-113.0619982,False,False,386.0,"(168, 200, 198)"
7949,Utah,37.6602092,-113.082312,False,False,386.0,"(168, 200, 198)"
7950,Utah,,,False,False,386.0,"(168, 200, 198)"
7951,Utah,37.676444,-113.071332,False,False,386.0,"(168, 200, 198)"
7952,Utah,37.676444,-113.071332,False,False,386.0,"(168, 200, 198)"
7953,Utah,,,False,False,386.0,"(168, 200, 198)"
7954,Utah,41.0897952,-112.0259739,False,False,386.0,"(168, 200, 198)"
7955,Utah,41.0897952,-112.0259739,False,False,386.0,"(168, 200, 198)"
7956,Utah,41.0897952,-112.0259739,False,False,386.0,"(168, 200, 198)"
7957,Utah,41.0897952,-112.0259739,False,False,386.0,"(168, 200, 198)"
7958,Utah,41.0897952,-112.0259739,False,False,386.0,"(168, 200, 198)"
7959,Utah,41.1021741,-112.010932,False,False,386.0,"(168, 200, 198)"
7960,Utah,41.1226166,-112.0437938,False,False,386.0,"(168, 200, 198)"
7961,Utah,40.3881191,-111.9249559,False,False,386.0,"(168, 200, 198)"
7962,Utah,,,False,False,386.0,"(168, 200, 198)"
7963,Utah,40.977146,-111.4428567,False,False,386.0,"(168, 200, 198)"
7964,Utah,37.1630437,-113.0808663,False,False,386.0,"(168, 200, 198)"
7965,Utah,39.6977328,-110.9170354,False,False,386.0,"(168, 200, 198)"
7966,Utah,40.5245458,-112.0345959,False,False,386.0,"(168, 200, 198)"
7967,Utah,40.4254033,-111.7780687,False,False,386.0,"(168, 200, 198)"
7968,Utah,,,False,False,386.0,"(168, 200, 198)"
7969,Utah,40.4307955,-111.8072994,False,False,386.0,"(168, 200, 198)"
7970,Utah,41.10968,-111.9826984,False,False,386.0,"(168, 200, 198)"
7971,Utah,41.65919940000001,-112.0876216,False,False,386.0,"(168, 200, 198)"
7972,Utah,41.0507766,-111.9293412,False,False,386.0,"(168, 200, 198)"
7973,Utah,41.0629867,-111.9677796,False,False,386.0,"(168, 200, 198)"
7974,Utah,40.6559844,-111.9880298,False,False,386.0,"(168, 200, 198)"
7975,Utah,41.102791,-111.949176,False,False,386.0,"(168, 200, 198)"
7976,Utah,41.0671116,-111.9619371,False,False,386.0,"(168, 200, 198)"
7977,Utah,41.1017748,-111.9190863,False,False,386.0,"(168, 200, 198)"
7978,Utah,40.3899288,-111.8388783,False,False,386.0,"(168, 200, 198)"
7979,Utah,40.4252683,-111.8784398,False,False,386.0,"(168, 200, 198)"
7980,Utah,40.3880774,-111.84965,False,False,386.0,"(168, 200, 198)"
7981,Utah,40.3314126,-111.7369413,False,False,386.0,"(168, 200, 198)"
7982,Utah,41.7483189,-111.8078081,False,False,386.0,"(168, 200, 198)"
7983,Utah,,,False,False,386.0,"(168, 200, 198)"
7984,Utah,41.771188,-111.7561257,False,False,386.0,"(168, 200, 198)"
7985,Utah,41.7402088,-111.7938314,False,False,386.0,"(168, 200, 198)"
7986,Utah,40.7056089,-112.098031,False,False,386.0,"(168, 200, 198)"
7987,Utah,,,False,False,386.0,"(168, 200, 198)"
7988,Utah,40.6070972,-111.8739992,False,False,386.0,"(168, 200, 198)"
7989,Utah,40.3008324,-109.9765752,False,False,386.0,"(168, 200, 198)"
7990,Utah,40.8557222,-111.9090383,False,False,386.0,"(168, 200, 198)"
7991,Utah,41.2014491,-111.9619371,False,False,386.0,"(168, 200, 198)"
7992,Utah,41.22545059999999,-111.9919593,False,False,386.0,"(168, 200, 198)"
7993,Utah,41.25728429999999,-111.9582441,False,False,386.0,"(168, 200, 198)"
7994,Utah,41.25728429999999,-111.9582441,False,False,386.0,"(168, 200, 198)"
7995,Utah,41.2201452,-111.9701253,False,False,386.0,"(168, 200, 198)"
7996,Utah,41.2338887,-111.9599225,False,False,386.0,"(168, 200, 198)"
7997,Utah,41.1566303,-111.9388472,False,False,386.0,"(168, 200, 198)"
7998,Utah,,,False,False,386.0,"(168, 200, 198)"
7999,Utah,41.1947725,-111.9831028,False,False,386.0,"(168, 200, 198)"
8000,Utah,41.220781,-111.979673,False,False,386.0,"(168, 200, 198)"
8001,Utah,41.1924454,-111.9418739,False,False,386.0,"(168, 200, 198)"
8002,Utah,41.1924454,-111.9418739,False,False,386.0,"(168, 200, 198)"
8003,Utah,40.338954,-111.6018617,False,False,386.0,"(168, 200, 198)"
8004,Utah,40.2837158,-111.6883029,False,False,386.0,"(168, 200, 198)"
8005,Utah,,,False,False,386.0,"(168, 200, 198)"
8006,Utah,40.651056,-111.507979,False,False,386.0,"(168, 200, 198)"
8007,Utah,40.6445501,-111.496202,False,False,386.0,"(168, 200, 198)"
8008,Utah,40.6445501,-111.496202,False,False,386.0,"(168, 200, 198)"
8009,Utah,40.367655,-111.7533,False,False,386.0,"(168, 200, 198)"
8010,Utah,40.3556296,-111.7368122,False,False,386.0,"(168, 200, 198)"
8011,Utah,40.3635464,-111.7008204,False,False,386.0,"(168, 200, 198)"
8012,Utah,40.35971809999999,-111.7255794,False,False,386.0,"(168, 200, 198)"
8013,Utah,40.2518435,-111.6493156,False,False,386.0,"(168, 200, 198)"
8014,Utah,40.2576641,-111.6713358,False,False,386.0,"(168, 200, 198)"
8015,Utah,40.2673136,-111.6407335,False,False,386.0,"(168, 200, 198)"
8016,Utah,41.220424,-111.9558404,False,False,386.0,"(168, 200, 198)"
8017,Utah,41.1509262,-111.9674979,False,False,386.0,"(168, 200, 198)"
8018,Utah,40.512258,-111.944385,False,False,386.0,"(168, 200, 198)"
8019,Utah,41.1768897,-112.0326531,False,False,386.0,"(168, 200, 198)"
8020,Utah,41.1649593,-112.0315495,False,False,386.0,"(168, 200, 198)"
8021,Utah,41.1802125,-112.0323193,False,False,386.0,"(168, 200, 198)"
8022,Utah,38.935201,-111.8539322,False,False,386.0,"(168, 200, 198)"
8023,Utah,40.7690775,-111.8877396,False,False,386.0,"(168, 200, 198)"
8024,Utah,40.759137,-111.901336,False,False,386.0,"(168, 200, 198)"
8025,Utah,40.7675201,-111.8714448,False,False,386.0,"(168, 200, 198)"
8026,Utah,40.759622,-111.886826,False,False,386.0,"(168, 200, 198)"
8027,Utah,40.774036,-111.890415,False,False,386.0,"(168, 200, 198)"
8028,Utah,40.75969,-111.8868221,False,False,386.0,"(168, 200, 198)"
8029,Utah,40.7757318,-111.8613932,False,False,386.0,"(168, 200, 198)"
8030,Utah,40.7869197,-111.9819374,False,False,386.0,"(168, 200, 198)"
8031,Utah,40.5649781,-111.8389726,False,False,386.0,"(168, 200, 198)"
8032,Utah,40.764569,-111.8945009,False,False,386.0,"(168, 200, 198)"
8033,Utah,40.7654709,-111.8927249,False,False,386.0,"(168, 200, 198)"
8034,Utah,40.774036,-111.890415,False,False,386.0,"(168, 200, 198)"
8035,Utah,40.77675079999999,-111.885538,False,False,386.0,"(168, 200, 198)"
8036,Utah,40.7766104,-111.8911489,False,False,386.0,"(168, 200, 198)"
8037,Utah,40.6887282,-111.7879815,False,False,386.0,"(168, 200, 198)"
8038,Utah,40.7659475,-111.8921411,False,False,386.0,"(168, 200, 198)"
8039,Utah,40.7620098,-111.9087682,False,False,386.0,"(168, 200, 198)"
8040,Utah,40.7689137,-111.8724156,False,False,386.0,"(168, 200, 198)"
8041,Utah,40.7731779,-111.8944468,False,False,386.0,"(168, 200, 198)"
8042,Utah,40.7628786,-111.9044271,False,False,386.0,"(168, 200, 198)"
8043,Utah,40.7742989,-111.9004459,False,False,386.0,"(168, 200, 198)"
8044,Utah,40.7315104,-111.8551883,False,False,386.0,"(168, 200, 198)"
8045,Utah,40.7315104,-111.8551883,False,False,386.0,"(168, 200, 198)"
8046,Utah,40.7315104,-111.8551883,False,False,386.0,"(168, 200, 198)"
8047,Utah,,,False,False,386.0,"(168, 200, 198)"
8048,Utah,39.975419,-111.7869713,False,False,386.0,"(168, 200, 198)"
8049,Utah,39.955788,-111.7802103,False,False,386.0,"(168, 200, 198)"
8050,Utah,37.2530123,-113.3667868,False,False,386.0,"(168, 200, 198)"
8051,Utah,41.8346685,-111.8323358,False,False,386.0,"(168, 200, 198)"
8052,Utah,40.1042481,-111.6482094,False,False,386.0,"(168, 200, 198)"
8053,Utah,40.1110631,-111.6604898,False,False,386.0,"(168, 200, 198)"
8054,Utah,40.16342239999999,-111.6110469,False,False,386.0,"(168, 200, 198)"
8055,Utah,40.1644921,-111.6029863,False,False,386.0,"(168, 200, 198)"
8056,Utah,40.1663872,-111.5895782,False,False,386.0,"(168, 200, 198)"
8057,Utah,37.127645,-113.6023903,False,False,386.0,"(168, 200, 198)"
8058,Utah,41.0954157,-112.0453119,False,False,386.0,"(168, 200, 198)"
8059,Utah,40.6553949,-111.9369719,False,False,386.0,"(168, 200, 198)"
8060,Utah,40.5303964,-112.3001908,False,False,386.0,"(168, 200, 198)"
8061,Utah,40.6807773,-112.2630024,False,False,386.0,"(168, 200, 198)"
8062,Utah,40.3207801,-112.2121665,False,False,386.0,"(168, 200, 198)"
8063,Utah,40.5262252,-112.2949417,False,False,386.0,"(168, 200, 198)"
8064,Utah,,,False,False,386.0,"(168, 200, 198)"
8065,Utah,,,False,False,386.0,"(168, 200, 198)"
8066,Utah,40.6708642,-112.0430077,False,False,386.0,"(168, 200, 198)"
8067,Nebraska,42.0985286,-102.8711824,False,False,320.0,"(194, 205, 198)"
8068,Nebraska,40.2171555,-97.3623841,False,False,320.0,"(194, 205, 198)"
8069,Nebraska,,,False,False,320.0,"(194, 205, 198)"
8070,Nebraska,41.1465028,-95.9032759,False,False,320.0,"(194, 205, 198)"
8071,Nebraska,41.1535715,-95.8871644,False,False,320.0,"(194, 205, 198)"
8072,Nebraska,41.1651049,-95.9315829,False,False,320.0,"(194, 205, 198)"
8073,Nebraska,41.1273559,-95.8997797,False,False,320.0,"(194, 205, 198)"
8074,Nebraska,41.1539252,-95.8954873,False,False,320.0,"(194, 205, 198)"
8075,Nebraska,41.1501938,-95.9069581,False,False,320.0,"(194, 205, 198)"
8076,Nebraska,41.3407716,-97.2414704,False,False,320.0,"(194, 205, 198)"
8077,Nebraska,41.5501236,-96.1559915,False,False,320.0,"(194, 205, 198)"
8078,Nebraska,41.5501236,-96.1559915,False,False,320.0,"(194, 205, 198)"
8079,Nebraska,41.5501236,-96.1559915,False,False,320.0,"(194, 205, 198)"
8080,Nebraska,41.5501236,-96.1559915,False,False,320.0,"(194, 205, 198)"
8081,Nebraska,40.3948797,-95.6506945,False,False,320.0,"(194, 205, 198)"
8082,Nebraska,41.3956342,-96.610044,False,False,320.0,"(194, 205, 198)"
8083,Nebraska,42.8320863,-103.0004582,False,False,320.0,"(194, 205, 198)"
8084,Nebraska,,,False,False,320.0,"(194, 205, 198)"
8085,Nebraska,41.4574322,-97.3703065,False,False,320.0,"(194, 205, 198)"
8086,Nebraska,,,False,False,320.0,"(194, 205, 198)"
8087,Nebraska,41.440518,-97.364109,False,False,320.0,"(194, 205, 198)"
8088,Nebraska,41.4317531,-97.3500522,False,False,320.0,"(194, 205, 198)"
8089,Nebraska,,,False,False,320.0,"(194, 205, 198)"
8090,Nebraska,,,False,False,320.0,"(194, 205, 198)"
8091,Nebraska,41.4412492,-97.317091,False,False,320.0,"(194, 205, 198)"
8092,Nebraska,40.622954,-96.950967,False,False,320.0,"(194, 205, 198)"
8093,Nebraska,42.73149799999999,-97.497162,False,False,320.0,"(194, 205, 198)"
8094,Nebraska,40.6358597,-100.5106291,False,False,320.0,"(194, 205, 198)"
8095,Nebraska,40.7747288,-99.8523412,False,False,320.0,"(194, 205, 198)"
8096,Nebraska,40.6117875,-97.198728,False,False,320.0,"(194, 205, 198)"
8097,Nebraska,40.6493137,-97.1193661,False,False,320.0,"(194, 205, 198)"
8098,Nebraska,,,False,False,320.0,"(194, 205, 198)"
8099,Nebraska,41.4350323,-96.4901475,False,False,320.0,"(194, 205, 198)"
8100,Nebraska,41.43751200000001,-96.4897867,False,False,320.0,"(194, 205, 198)"
8101,Nebraska,41.4197353,-96.414463,False,False,320.0,"(194, 205, 198)"
8102,Nebraska,47.6939459,-117.4255469,False,False,320.0,"(194, 205, 198)"
8103,Nebraska,,,False,False,320.0,"(194, 205, 198)"
8104,Nebraska,40.5904193,-98.3732874,False,False,320.0,"(194, 205, 198)"
8105,Nebraska,40.5904193,-98.3732874,False,False,320.0,"(194, 205, 198)"
8106,Nebraska,42.6874935,-102.6881092,False,False,320.0,"(194, 205, 198)"
8107,Nebraska,,,False,False,320.0,"(194, 205, 198)"
8108,Nebraska,40.7024732,-99.0958616,False,False,320.0,"(194, 205, 198)"
8109,Nebraska,40.7312289,-99.0861987,False,False,320.0,"(194, 205, 198)"
8110,Nebraska,40.6836369,-99.1219042,False,False,320.0,"(194, 205, 198)"
8111,Nebraska,40.7011879,-99.1014292,False,False,320.0,"(194, 205, 198)"
8112,Nebraska,41.3938949,-97.7533104,False,False,320.0,"(194, 205, 198)"
8113,Nebraska,,,False,False,320.0,"(194, 205, 198)"
8114,Nebraska,40.7848578,-99.7407144,False,False,320.0,"(194, 205, 198)"
8115,Nebraska,40.7946536,-96.6785142,False,False,320.0,"(194, 205, 198)"
8116,Nebraska,40.8525926,-96.6858801,False,False,320.0,"(194, 205, 198)"
8117,Nebraska,,,False,False,320.0,"(194, 205, 198)"
8118,Nebraska,40.1381647,-89.358386,False,False,320.0,"(194, 205, 198)"
8119,Nebraska,40.788092,-96.694988,False,False,320.0,"(194, 205, 198)"
8120,Nebraska,40.8395997,-96.6534974,False,False,320.0,"(194, 205, 198)"
8121,Nebraska,,,False,False,320.0,"(194, 205, 198)"
8122,Nebraska,41.88527,-71.410924,False,False,320.0,"(194, 205, 198)"
8123,Nebraska,40.80806,-96.699729,False,False,320.0,"(194, 205, 198)"
8124,Nebraska,40.8201966,-96.7004763,False,False,320.0,"(194, 205, 198)"
8125,Nebraska,40.798026,-96.696658,False,False,320.0,"(194, 205, 198)"
8126,Nebraska,41.27450210000001,-98.95731200000002,False,False,320.0,"(194, 205, 198)"
8127,Nebraska,41.0210248,-96.1920089,False,False,320.0,"(194, 205, 198)"
8128,Nebraska,,,False,False,320.0,"(194, 205, 198)"
8129,Nebraska,,,False,False,320.0,"(194, 205, 198)"
8130,Nebraska,40.9142957,-96.3125307,False,False,320.0,"(194, 205, 198)"
8131,Nebraska,,,False,False,320.0,"(194, 205, 198)"
8132,Nebraska,40.6732088,-95.8594958,False,False,320.0,"(194, 205, 198)"
8133,Nebraska,42.0272258,-97.4146779,False,False,320.0,"(194, 205, 198)"
8134,Nebraska,42.0571646,-97.3877127,False,False,320.0,"(194, 205, 198)"
8135,Nebraska,41.1638566,-100.7952663,False,False,320.0,"(194, 205, 198)"
8136,Nebraska,41.1468632,-100.7641678,False,False,320.0,"(194, 205, 198)"
8137,Nebraska,42.1614555,-71.71690509999999,False,False,320.0,"(194, 205, 198)"
8138,Nebraska,41.1373233,-100.76029,False,False,320.0,"(194, 205, 198)"
8139,Nebraska,40.67313,-99.254752,False,False,320.0,"(194, 205, 198)"
8140,Nebraska,41.1323187,-101.7257041,False,False,320.0,"(194, 205, 198)"
8141,Nebraska,41.1330338,-101.7211485,False,False,320.0,"(194, 205, 198)"
8142,Nebraska,41.2430888,-95.9238826,False,False,320.0,"(194, 205, 198)"
8143,Nebraska,41.2458333,-96.0990745,False,False,320.0,"(194, 205, 198)"
8144,Nebraska,41.2634695,-95.9356872,False,False,320.0,"(194, 205, 198)"
8145,Nebraska,41.374163,-95.960962,False,False,320.0,"(194, 205, 198)"
8146,Nebraska,41.2402087,-95.9439433,False,False,320.0,"(194, 205, 198)"
8147,Nebraska,41.2503779,-96.1410999,False,False,320.0,"(194, 205, 198)"
8148,Nebraska,41.2667178,-95.9397716,False,False,320.0,"(194, 205, 198)"
8149,Nebraska,41.27339800000001,-96.002749,False,False,320.0,"(194, 205, 198)"
8150,Nebraska,41.2136804,-95.9463689,False,False,320.0,"(194, 205, 198)"
8151,Nebraska,41.2461045,-95.9298987,False,False,320.0,"(194, 205, 198)"
8152,Nebraska,40.7037728,-96.3939606,False,False,320.0,"(194, 205, 198)"
8153,Nebraska,41.1389883,-96.0424272,False,False,320.0,"(194, 205, 198)"
8154,Nebraska,40.4747647,-95.7321485,False,False,320.0,"(194, 205, 198)"
8155,Nebraska,42.3497265,-97.7920091,False,False,320.0,"(194, 205, 198)"
8156,Nebraska,41.0111996,-95.8877099,False,False,320.0,"(194, 205, 198)"
8157,Nebraska,41.1026145,-95.9414417,False,False,320.0,"(194, 205, 198)"
8158,Nebraska,42.8411336,-97.8495389,False,False,320.0,"(194, 205, 198)"
8159,Nebraska,41.4773327,-97.0685134,False,False,320.0,"(194, 205, 198)"
8160,Nebraska,,,False,False,320.0,"(194, 205, 198)"
8161,Nebraska,41.8358432,-103.7080622,False,False,320.0,"(194, 205, 198)"
8162,Nebraska,40.91437120000001,-97.0896219,False,False,320.0,"(194, 205, 198)"
8163,Nebraska,40.9287802,-97.0868946,False,False,320.0,"(194, 205, 198)"
8164,Nebraska,41.1427985,-102.9722357,False,False,320.0,"(194, 205, 198)"
8165,Nebraska,,,False,False,320.0,"(194, 205, 198)"
8166,Nebraska,41.967085,-97.290995,False,False,320.0,"(194, 205, 198)"
8167,Nebraska,,,False,False,320.0,"(194, 205, 198)"
8168,Nebraska,,,False,False,320.0,"(194, 205, 198)"
8169,Nebraska,41.3095878,-96.3416486,False,False,320.0,"(194, 205, 198)"
8170,Nebraska,41.309604,-96.342893,False,False,320.0,"(194, 205, 198)"
8171,Nebraska,42.2426999,-97.0145104,False,False,320.0,"(194, 205, 198)"
8172,Nebraska,40.8723946,-96.1360797,False,False,320.0,"(194, 205, 198)"
8173,Nebraska,,,False,False,320.0,"(194, 205, 198)"
8174,Nebraska,40.4755654,-96.9683385,False,False,320.0,"(194, 205, 198)"
8175,Nebraska,40.4755654,-96.9683385,False,False,320.0,"(194, 205, 198)"
8176,Nebraska,40.8642208,-97.5850738,False,False,320.0,"(194, 205, 198)"
8177,Nebraska,40.8773896,-97.5810992,False,False,320.0,"(194, 205, 198)"
8178,Georgia,34.1134923,-84.71477139999999,False,False,179.0,"(204, 95, 135)"
8179,Georgia,34.0659329,-84.6768796,False,False,179.0,"(204, 95, 135)"
8180,Georgia,34.0631052,-84.5975716,False,False,179.0,"(204, 95, 135)"
8181,Georgia,34.2974243,-84.9860916,False,False,179.0,"(204, 95, 135)"
8182,Georgia,34.2974243,-84.9860916,False,False,179.0,"(204, 95, 135)"
8183,Georgia,34.2974243,-84.9860916,False,False,179.0,"(204, 95, 135)"
8184,Georgia,31.6010788,-84.1107593,False,False,179.0,"(204, 95, 135)"
8185,Georgia,31.4393433,-84.2101854,False,False,179.0,"(204, 95, 135)"
8186,Georgia,31.6079012,-84.1036687,False,False,179.0,"(204, 95, 135)"
8187,Georgia,34.1004301,-84.28120659999999,False,False,179.0,"(204, 95, 135)"
8188,Georgia,,,False,False,179.0,"(204, 95, 135)"
8189,Georgia,,,False,False,179.0,"(204, 95, 135)"
8190,Georgia,,,False,False,179.0,"(204, 95, 135)"
8191,Georgia,32.0742593,-84.2426503,False,False,179.0,"(204, 95, 135)"
8192,Georgia,32.0725928,-84.23352419999999,False,False,179.0,"(204, 95, 135)"
8193,Georgia,32.2002948,-84.1303207,False,False,179.0,"(204, 95, 135)"
8194,Georgia,32.2002948,-84.1303207,False,False,179.0,"(204, 95, 135)"
8195,Georgia,32.2002948,-84.1303207,False,False,179.0,"(204, 95, 135)"
8196,Georgia,31.7238139,-82.19790119999999,False,False,179.0,"(204, 95, 135)"
8197,Georgia,33.9544387,-83.3722585,False,False,179.0,"(204, 95, 135)"
8198,Georgia,33.9519347,-83.357567,False,False,179.0,"(204, 95, 135)"
8199,Georgia,33.9327843,-84.31730370000001,False,False,179.0,"(204, 95, 135)"
8200,Georgia,33.9119941,-84.3363545,False,False,179.0,"(204, 95, 135)"
8201,Georgia,33.7725845,-84.3856028,False,False,179.0,"(204, 95, 135)"
8202,Georgia,33.7035481,-84.39716419999999,False,False,179.0,"(204, 95, 135)"
8203,Georgia,33.7517791,-84.38963729999999,False,False,179.0,"(204, 95, 135)"
8204,Georgia,33.74265320000001,-84.3444507,False,False,179.0,"(204, 95, 135)"
8205,Georgia,33.7485884,-84.3729865,False,False,179.0,"(204, 95, 135)"
8206,Georgia,33.7681757,-84.38520179999999,False,False,179.0,"(204, 95, 135)"
8207,Georgia,33.7705277,-84.55153700000001,False,False,179.0,"(204, 95, 135)"
8208,Georgia,33.8673253,-84.30895579999999,False,False,179.0,"(204, 95, 135)"
8209,Georgia,33.4758562,-82.0229739,False,False,179.0,"(204, 95, 135)"
8210,Georgia,33.4758562,-82.0229739,False,False,179.0,"(204, 95, 135)"
8211,Georgia,33.4758562,-82.0229739,False,False,179.0,"(204, 95, 135)"
8212,Georgia,33.4752202,-82.0100137,False,False,179.0,"(204, 95, 135)"
8213,Georgia,33.4588712,-82.012639,False,False,179.0,"(204, 95, 135)"
8214,Georgia,33.4726131,-81.9588606,False,False,179.0,"(204, 95, 135)"
8215,Georgia,33.7705277,-84.55153700000001,False,False,179.0,"(204, 95, 135)"
8216,Georgia,33.7705277,-84.55153700000001,False,False,179.0,"(204, 95, 135)"
8217,Georgia,33.7705277,-84.55153700000001,False,False,179.0,"(204, 95, 135)"
8218,Georgia,,,False,False,179.0,"(204, 95, 135)"
8219,Georgia,,,False,False,179.0,"(204, 95, 135)"
8220,Georgia,33.0249361,-84.1054937,False,False,179.0,"(204, 95, 135)"
8221,Georgia,,,False,False,179.0,"(204, 95, 135)"
8222,Georgia,34.211764,-84.93450759999999,False,False,179.0,"(204, 95, 135)"
8223,Georgia,,,False,False,179.0,"(204, 95, 135)"
8224,Georgia,34.8639719,-84.32408699999999,False,False,179.0,"(204, 95, 135)"
8225,Georgia,,,False,False,179.0,"(204, 95, 135)"
8226,Georgia,34.1069099,-83.762024,False,False,179.0,"(204, 95, 135)"
8227,Georgia,33.7176884,-85.1389502,False,False,179.0,"(204, 95, 135)"
8228,Georgia,,,False,False,179.0,"(204, 95, 135)"
8229,Georgia,34.109155,-84.001002,False,False,179.0,"(204, 95, 135)"
8230,Georgia,34.0939991,-84.0013527,False,False,179.0,"(204, 95, 135)"
8231,Georgia,34.4969606,-84.9508182,False,False,179.0,"(204, 95, 135)"
8232,Georgia,34.3947325,-83.2681815,False,False,179.0,"(204, 95, 135)"
8233,Georgia,33.558919,-85.0765011,False,False,179.0,"(204, 95, 135)"
8234,Georgia,34.1007583,-84.71749109999999,False,False,179.0,"(204, 95, 135)"
8235,Georgia,34.1426887,-84.9310875,False,False,179.0,"(204, 95, 135)"
8236,Georgia,34.0960231,-85.349041,False,False,179.0,"(204, 95, 135)"
8237,Georgia,,,False,False,179.0,"(204, 95, 135)"
8238,Georgia,34.6619837,-84.7096565,False,False,179.0,"(204, 95, 135)"
8239,Georgia,34.2367621,-84.4907621,False,False,179.0,"(204, 95, 135)"
8240,Georgia,34.9319286,-85.26978489999999,False,False,179.0,"(204, 95, 135)"
8241,Georgia,34.6125971,-83.5248933,False,False,179.0,"(204, 95, 135)"
8242,Georgia,34.5970402,-83.7632366,False,False,179.0,"(204, 95, 135)"
8243,Georgia,30.9513256,-82.5920811,False,False,179.0,"(204, 95, 135)"
8244,Georgia,31.1649301,-82.7179192,False,False,179.0,"(204, 95, 135)"
8245,Georgia,31.08616169999999,-84.6580829,False,False,179.0,"(204, 95, 135)"
8246,Georgia,31.0776172,-84.6823399,False,False,179.0,"(204, 95, 135)"
8247,Georgia,,,False,False,179.0,"(204, 95, 135)"
8248,Georgia,,,False,False,179.0,"(204, 95, 135)"
8249,Georgia,32.4944986,-84.96992879999999,False,False,179.0,"(204, 95, 135)"
8250,Georgia,32.4944986,-84.96992879999999,False,False,179.0,"(204, 95, 135)"
8251,Georgia,32.4630776,-84.9943244,False,False,179.0,"(204, 95, 135)"
8252,Georgia,32.465176,-84.99116099999999,False,False,179.0,"(204, 95, 135)"
8253,Georgia,32.5681609,-84.97476600000002,False,False,179.0,"(204, 95, 135)"
8254,Georgia,34.338118,-83.850545,False,False,179.0,"(204, 95, 135)"
8255,Georgia,32.295685,-84.75239789999999,False,False,179.0,"(204, 95, 135)"
8256,Georgia,,,False,False,179.0,"(204, 95, 135)"
8257,Georgia,34.531546,-83.9858825,False,False,179.0,"(204, 95, 135)"
8258,Georgia,34.5446837,-83.990499,False,False,179.0,"(204, 95, 135)"
8259,Georgia,34.5265426,-83.9879838,False,False,179.0,"(204, 95, 135)"
8260,Georgia,34.5326709,-83.9848512,False,False,179.0,"(204, 95, 135)"
8261,Georgia,34.6272485,-83.96934159999999,False,False,179.0,"(204, 95, 135)"
8262,Georgia,34.7668627,-84.9835288,False,False,179.0,"(204, 95, 135)"
8263,Georgia,34.7698007,-84.9816857,False,False,179.0,"(204, 95, 135)"
8264,Georgia,34.7695646,-84.966977,False,False,179.0,"(204, 95, 135)"
8265,Georgia,34.7591825,-84.7703066,False,False,179.0,"(204, 95, 135)"
8266,Georgia,34.789783,-84.984882,False,False,179.0,"(204, 95, 135)"
8267,Georgia,34.7713817,-84.9685619,False,False,179.0,"(204, 95, 135)"
8268,Georgia,34.3094814,-83.82951109999999,False,False,179.0,"(204, 95, 135)"
8269,Georgia,31.762882,-84.431198,False,False,179.0,"(204, 95, 135)"
8270,Georgia,34.5670596,-84.2424518,False,False,179.0,"(204, 95, 135)"
8271,Georgia,34.34243240000001,-84.1522111,False,False,179.0,"(204, 95, 135)"
8272,Georgia,34.5665363,-83.5419975,False,False,179.0,"(204, 95, 135)"
8273,Georgia,31.5111323,-82.864471,False,False,179.0,"(204, 95, 135)"
8274,Georgia,31.5078531,-82.8452739,False,False,179.0,"(204, 95, 135)"
8275,Georgia,33.6676954,-84.7922225,False,False,179.0,"(204, 95, 135)"
8276,Georgia,,,False,False,179.0,"(204, 95, 135)"
8277,Georgia,33.9346142,-84.2952821,False,False,179.0,"(204, 95, 135)"
8278,Georgia,32.561663,-82.819732,False,False,179.0,"(204, 95, 135)"
8279,Georgia,33.3273384,-83.3886716,False,False,179.0,"(204, 95, 135)"
8280,Georgia,34.2320243,-82.89442629999999,False,False,179.0,"(204, 95, 135)"
8281,Georgia,,,False,False,179.0,"(204, 95, 135)"
8282,Georgia,,,False,False,179.0,"(204, 95, 135)"
8283,Georgia,,,False,False,179.0,"(204, 95, 135)"
8284,Georgia,33.448386,-84.455962,False,False,179.0,"(204, 95, 135)"
8285,Georgia,33.3627119,-84.4175882,False,False,179.0,"(204, 95, 135)"
8286,Georgia,,,False,False,179.0,"(204, 95, 135)"
8287,Georgia,34.9319286,-85.26978489999999,False,False,179.0,"(204, 95, 135)"
8288,Georgia,34.7989451,-84.2445923,False,False,179.0,"(204, 95, 135)"
8289,Georgia,34.3039749,-83.81967519999999,False,False,179.0,"(204, 95, 135)"
8290,Georgia,34.4187883,-84.1083733,False,False,179.0,"(204, 95, 135)"
8291,Georgia,,,False,False,179.0,"(204, 95, 135)"
8292,Georgia,34.3078537,-83.741661,False,False,179.0,"(204, 95, 135)"
8293,Georgia,33.7063238,-84.28361509999999,False,False,179.0,"(204, 95, 135)"
8294,Georgia,34.3052977,-83.810397,False,False,179.0,"(204, 95, 135)"
8295,Georgia,,,False,False,179.0,"(204, 95, 135)"
8296,Georgia,34.7503624,-84.4129798,False,False,179.0,"(204, 95, 135)"
8297,Georgia,31.1595905,-81.3885517,False,False,179.0,"(204, 95, 135)"
8298,Georgia,43.23884899999999,-76.93181299999999,False,False,179.0,"(204, 95, 135)"
8299,Georgia,,,False,False,179.0,"(204, 95, 135)"
8300,Georgia,33.2436456,-84.3013071,False,False,179.0,"(204, 95, 135)"
8301,Georgia,,,False,False,179.0,"(204, 95, 135)"
8302,Georgia,33.321508,-84.1970634,False,False,179.0,"(204, 95, 135)"
8303,Georgia,33.9887165,-83.8979573,False,False,179.0,"(204, 95, 135)"
8304,Georgia,33.9562149,-83.9879625,False,False,179.0,"(204, 95, 135)"
8305,Georgia,32.3047241,-83.5007909,False,False,179.0,"(204, 95, 135)"
8306,Georgia,32.2822798,-83.3816853,False,False,179.0,"(204, 95, 135)"
8307,Georgia,32.282145,-83.468475,False,False,179.0,"(204, 95, 135)"
8308,Georgia,,,False,False,179.0,"(204, 95, 135)"
8309,Georgia,,,False,False,179.0,"(204, 95, 135)"
8310,Georgia,,,False,False,179.0,"(204, 95, 135)"
8311,Georgia,33.294081,-83.984662,False,False,179.0,"(204, 95, 135)"
8312,Georgia,33.2218339,-84.061396,False,False,179.0,"(204, 95, 135)"
8313,Georgia,,,False,False,179.0,"(204, 95, 135)"
8314,Georgia,33.5173724,-84.3828291,False,False,179.0,"(204, 95, 135)"
8315,Georgia,33.5336685,-84.3534417,False,False,179.0,"(204, 95, 135)"
8316,Georgia,33.978405,-84.6799387,False,False,179.0,"(204, 95, 135)"
8317,Georgia,33.9411142,-84.59752999999999,False,False,179.0,"(204, 95, 135)"
8318,Georgia,33.9830727,-84.5779283,False,False,179.0,"(204, 95, 135)"
8319,Georgia,33.9990502,-84.62374249999999,False,False,179.0,"(204, 95, 135)"
8320,Georgia,34.0240663,-84.64979420000002,False,False,179.0,"(204, 95, 135)"
8321,Georgia,34.0380784,-84.5815717,False,False,179.0,"(204, 95, 135)"
8322,Georgia,34.026052,-83.07341699999999,False,False,179.0,"(204, 95, 135)"
8323,Georgia,34.2318468,-84.94766059999999,False,False,179.0,"(204, 95, 135)"
8324,Georgia,30.9863766,-83.203779,False,False,179.0,"(204, 95, 135)"
8325,Georgia,34.4387514,-83.1084091,False,False,179.0,"(204, 95, 135)"
8326,Georgia,33.91028,-84.1064213,False,False,179.0,"(204, 95, 135)"
8327,Georgia,38.2642199,-104.6141549,False,False,179.0,"(204, 95, 135)"
8328,Georgia,,,False,False,179.0,"(204, 95, 135)"
8329,Georgia,35.0190759,-85.33936670000001,False,False,179.0,"(204, 95, 135)"
8330,Georgia,33.4404921,-84.3218146,False,False,179.0,"(204, 95, 135)"
8331,Georgia,,,False,False,179.0,"(204, 95, 135)"
8332,Georgia,,,False,False,179.0,"(204, 95, 135)"
8333,Georgia,32.2029365,-82.3303078,False,False,179.0,"(204, 95, 135)"
8334,Georgia,33.8369841,-84.54794369999999,False,False,179.0,"(204, 95, 135)"
8335,Georgia,,,False,False,179.0,"(204, 95, 135)"
8336,Georgia,32.8403287,-83.6335886,False,False,179.0,"(204, 95, 135)"
8337,Georgia,32.8288194,-83.6497765,False,False,179.0,"(204, 95, 135)"
8338,Georgia,32.293769,-84.0610191,False,False,179.0,"(204, 95, 135)"
8339,Georgia,33.5991379,-83.4668991,False,False,179.0,"(204, 95, 135)"
8340,Georgia,33.5942257,-83.46998789999999,False,False,179.0,"(204, 95, 135)"
8341,Georgia,33.9149198,-84.4984839,False,False,179.0,"(204, 95, 135)"
8342,Georgia,,,False,False,179.0,"(204, 95, 135)"
8343,Georgia,33.9526112,-84.5508718,False,False,179.0,"(204, 95, 135)"
8344,Georgia,33.9461951,-84.5494101,False,False,179.0,"(204, 95, 135)"
8345,Georgia,33.95199300000001,-84.543335,False,False,179.0,"(204, 95, 135)"
8346,Georgia,33.9528759,-84.54902969999999,False,False,179.0,"(204, 95, 135)"
8347,Georgia,33.95199300000001,-84.543335,False,False,179.0,"(204, 95, 135)"
8348,Georgia,33.498662,-84.0991863,False,False,179.0,"(204, 95, 135)"
8349,Georgia,,,False,False,179.0,"(204, 95, 135)"
8350,Georgia,,,False,False,179.0,"(204, 95, 135)"
8351,Georgia,32.8835741,-82.2068779,False,False,179.0,"(204, 95, 135)"
8352,Georgia,33.0796692,-83.23146419999999,False,False,179.0,"(204, 95, 135)"
8353,Georgia,33.0506705,-83.22199549999999,False,False,179.0,"(204, 95, 135)"
8354,Georgia,29.284711,-94.807822,True,False,179.0,"(204, 95, 135)"
8355,Georgia,34.9687695,-84.1793295,False,False,179.0,"(204, 95, 135)"
8356,Georgia,,,False,False,179.0,"(204, 95, 135)"
8357,Georgia,32.279274,-84.0163329,False,False,179.0,"(204, 95, 135)"
8358,Georgia,33.9241907,-83.9174941,False,False,179.0,"(204, 95, 135)"
8359,Georgia,33.4612813,-84.7345923,False,False,179.0,"(204, 95, 135)"
8360,Georgia,33.3782654,-84.7439481,False,False,179.0,"(204, 95, 135)"
8361,Georgia,33.35772499999999,-84.7548685,False,False,179.0,"(204, 95, 135)"
8362,Georgia,33.4682004,-84.66599959999999,False,False,179.0,"(204, 95, 135)"
8363,Georgia,33.3704666,-84.7942664,False,False,179.0,"(204, 95, 135)"
8364,Georgia,33.3936152,-84.7437286,False,False,179.0,"(204, 95, 135)"
8365,Georgia,33.9197089,-84.1694773,False,False,179.0,"(204, 95, 135)"
8366,Georgia,33.974004,-84.759146,False,False,179.0,"(204, 95, 135)"
8367,Georgia,33.928705,-84.3006,False,False,179.0,"(204, 95, 135)"
8368,Georgia,,,False,False,179.0,"(204, 95, 135)"
8369,Georgia,34.4970902,-84.60110100000001,False,False,179.0,"(204, 95, 135)"
8370,Georgia,34.9818278,-83.30599,False,False,179.0,"(204, 95, 135)"
8371,Georgia,34.9237721,-85.16803,False,False,179.0,"(204, 95, 135)"
8372,Georgia,34.9319286,-85.26978489999999,False,False,179.0,"(204, 95, 135)"
8373,Georgia,32.5921395,-83.5878582,False,False,179.0,"(204, 95, 135)"
8374,Georgia,34.290361,-85.189199,False,False,179.0,"(204, 95, 135)"
8375,Georgia,34.290361,-85.189199,False,False,179.0,"(204, 95, 135)"
8376,Georgia,34.290361,-85.189199,False,False,179.0,"(204, 95, 135)"
8377,Georgia,34.2799726,-85.18124519999999,False,False,179.0,"(204, 95, 135)"
8378,Georgia,34.034118,-84.338843,False,False,179.0,"(204, 95, 135)"
8379,Georgia,34.0184013,-84.36269329999999,False,False,179.0,"(204, 95, 135)"
8380,Georgia,34.02841960000001,-84.4228486,False,False,179.0,"(204, 95, 135)"
8381,Georgia,34.0298767,-84.3565052,False,False,179.0,"(204, 95, 135)"
8382,Georgia,34.014399,-84.36111179999999,False,False,179.0,"(204, 95, 135)"
8383,Georgia,31.2878085,-84.0574603,False,False,179.0,"(204, 95, 135)"
8384,Georgia,32.0768575,-81.0887733,False,False,179.0,"(204, 95, 135)"
8385,Georgia,32.0444235,-81.0466575,False,False,179.0,"(204, 95, 135)"
8386,Georgia,32.02706,-80.89048679999999,False,False,179.0,"(204, 95, 135)"
8387,Georgia,31.9519028,-81.2036097,False,False,179.0,"(204, 95, 135)"
8388,Georgia,,,False,False,179.0,"(204, 95, 135)"
8389,Georgia,,,False,False,179.0,"(204, 95, 135)"
8390,Georgia,31.9818802,-81.0609446,False,False,179.0,"(204, 95, 135)"
8391,Georgia,38.3886776,-84.296408,False,False,179.0,"(204, 95, 135)"
8392,Georgia,32.077087,-81.09240199999999,False,False,179.0,"(204, 95, 135)"
8393,Georgia,32.07715,-81.088381,False,False,179.0,"(204, 95, 135)"
8394,Georgia,32.0740651,-81.09633269999999,False,False,179.0,"(204, 95, 135)"
8395,Georgia,32.0772805,-81.0957292,False,False,179.0,"(204, 95, 135)"
8396,Georgia,32.0034982,-81.1159132,False,False,179.0,"(204, 95, 135)"
8397,Georgia,32.078075,-81.083885,False,False,179.0,"(204, 95, 135)"
8398,Georgia,32.0729232,-81.0940516,False,False,179.0,"(204, 95, 135)"
8399,Georgia,32.0729232,-81.0940516,False,False,179.0,"(204, 95, 135)"
8400,Georgia,32.085862,-81.09989999999999,False,False,179.0,"(204, 95, 135)"
8401,Georgia,32.0751368,-81.0899175,False,False,179.0,"(204, 95, 135)"
8402,Georgia,32.078075,-81.083885,False,False,179.0,"(204, 95, 135)"
8403,Georgia,32.077997,-81.095079,False,False,179.0,"(204, 95, 135)"
8404,Georgia,32.077997,-81.095079,False,False,179.0,"(204, 95, 135)"
8405,Georgia,34.0828636,-84.9877624,False,False,179.0,"(204, 95, 135)"
8406,Georgia,,,False,False,179.0,"(204, 95, 135)"
8407,Georgia,32.7468105,-81.6390522,False,False,179.0,"(204, 95, 135)"
8408,Georgia,30.7243064,-81.5481045,False,False,179.0,"(204, 95, 135)"
8409,Georgia,31.2202966,-81.38795840000002,False,False,179.0,"(204, 95, 135)"
8410,Georgia,31.1882866,-81.38704159999999,False,False,179.0,"(204, 95, 135)"
8411,Georgia,31.07349189999999,-81.4114142,False,False,179.0,"(204, 95, 135)"
8412,Georgia,31.1340516,-81.3934662,False,False,179.0,"(204, 95, 135)"
8413,Georgia,32.456707,-81.767848,False,False,179.0,"(204, 95, 135)"
8414,Georgia,32.4328726,-82.2208046,False,False,179.0,"(204, 95, 135)"
8415,Georgia,31.583352,-83.573256,False,False,179.0,"(204, 95, 135)"
8416,Georgia,33.543043,-84.2311192,False,False,179.0,"(204, 95, 135)"
8417,Georgia,33.5640676,-84.20268109999999,False,False,179.0,"(204, 95, 135)"
8418,Georgia,33.8122526,-84.1716045,False,False,179.0,"(204, 95, 135)"
8419,Georgia,33.8122526,-84.1716045,False,False,179.0,"(204, 95, 135)"
8420,Georgia,33.8083382,-84.1444266,False,False,179.0,"(204, 95, 135)"
8421,Georgia,33.8154335,-84.14473629999999,False,False,179.0,"(204, 95, 135)"
8422,Georgia,33.811494,-84.17075799999999,False,False,179.0,"(204, 95, 135)"
8423,Georgia,34.5524705,-85.2320739,False,False,179.0,"(204, 95, 135)"
8424,Georgia,,,False,False,179.0,"(204, 95, 135)"
8425,Georgia,,,False,False,179.0,"(204, 95, 135)"
8426,Georgia,,,False,False,179.0,"(204, 95, 135)"
8427,Georgia,,,False,False,179.0,"(204, 95, 135)"
8428,Georgia,33.7357148,-85.0312883,False,False,179.0,"(204, 95, 135)"
8429,Georgia,,,False,False,179.0,"(204, 95, 135)"
8430,Georgia,,,False,False,179.0,"(204, 95, 135)"
8431,Georgia,33.1026219,-85.1866095,False,False,179.0,"(204, 95, 135)"
8432,Georgia,31.527105,-83.608464,False,False,179.0,"(204, 95, 135)"
8433,Georgia,35.620178,-82.542868,False,False,179.0,"(204, 95, 135)"
8434,Georgia,32.0221802,-80.8454667,False,False,179.0,"(204, 95, 135)"
8435,Georgia,32.2668558,-83.73844179999999,False,False,179.0,"(204, 95, 135)"
8436,Georgia,30.7880984,-83.4616683,False,False,179.0,"(204, 95, 135)"
8437,Georgia,,,False,False,179.0,"(204, 95, 135)"
8438,Georgia,33.9910843,-85.04395699999999,False,False,179.0,"(204, 95, 135)"
8439,Georgia,34.90510769999999,-84.9885189,False,False,179.0,"(204, 95, 135)"
8440,Georgia,31.6074365,-81.8853924,False,False,179.0,"(204, 95, 135)"
8441,Georgia,33.3512355,-84.12234079999999,False,False,179.0,"(204, 95, 135)"
8442,Georgia,,,False,False,179.0,"(204, 95, 135)"
8443,Georgia,32.6894422,-84.7144127,False,False,179.0,"(204, 95, 135)"
8444,Georgia,34.3209328,-84.55053079999999,False,False,179.0,"(204, 95, 135)"
8445,Georgia,34.3209328,-84.55053079999999,False,False,179.0,"(204, 95, 135)"
8446,Georgia,34.3209328,-84.55053079999999,False,False,179.0,"(204, 95, 135)"
8447,Georgia,31.2611339,-82.4035542,False,False,179.0,"(204, 95, 135)"
8448,Georgia,34.5729039,-83.729253,False,False,179.0,"(204, 95, 135)"
8449,Georgia,34.6853046,-83.705761,False,False,179.0,"(204, 95, 135)"
8450,Georgia,34.6920396,-83.6457308,False,False,179.0,"(204, 95, 135)"
8451,Georgia,34.6896868,-83.7118393,False,False,179.0,"(204, 95, 135)"
8452,Georgia,34.681188,-83.68812299999999,False,False,179.0,"(204, 95, 135)"
8453,Georgia,,,False,False,179.0,"(204, 95, 135)"
8454,Georgia,34.684993,-83.708257,False,False,179.0,"(204, 95, 135)"
8455,Georgia,34.711967,-83.65753099999999,False,False,179.0,"(204, 95, 135)"
8456,Georgia,34.8392626,-85.03541349999999,False,False,179.0,"(204, 95, 135)"
8457,Georgia,34.0019275,-83.7152517,False,False,179.0,"(204, 95, 135)"
8458,Georgia,34.1530612,-84.4441645,False,False,179.0,"(204, 95, 135)"
8459,Georgia,34.124763,-84.408602,False,False,179.0,"(204, 95, 135)"
8460,Georgia,31.5344718,-83.8498762,False,False,179.0,"(204, 95, 135)"
8461,Georgia,,,False,False,179.0,"(204, 95, 135)"
8462,Georgia,31.6614397,-83.8741388,False,False,179.0,"(204, 95, 135)"
8463,Georgia,,,False,False,179.0,"(204, 95, 135)"
8464,Georgia,34.932492,-83.84682,False,False,179.0,"(204, 95, 135)"
8465,Georgia,34.932492,-83.84682,False,False,179.0,"(204, 95, 135)"
8466,Georgia,34.932492,-83.84682,False,False,179.0,"(204, 95, 135)"
8467,Texas,32.7573626,-94.3451926,True,False,157.0,"(199, 52, 119)"
8468,Texas,30.2751212,-103.8828184,False,False,157.0,"(199, 52, 119)"
8469,Texas,32.5121755,-94.3186585,False,False,157.0,"(199, 52, 119)"
8470,Texas,32.5121755,-94.3186585,False,False,157.0,"(199, 52, 119)"
8471,Texas,30.5260069,-97.703358,False,False,157.0,"(199, 52, 119)"
8472,Texas,34.0122056,-100.8220795,False,False,157.0,"(199, 52, 119)"
8473,Texas,30.9867166,-97.8301538,False,False,157.0,"(199, 52, 119)"
8474,Texas,32.2980233,-96.9485083,False,False,157.0,"(199, 52, 119)"
8475,Texas,26.20511,-98.234794,False,False,157.0,"(199, 52, 119)"
8476,Texas,26.1879881,-98.2345106,False,False,157.0,"(199, 52, 119)"
8477,Texas,32.9958442,-96.8533811,False,False,157.0,"(199, 52, 119)"
8478,Texas,33.1976105,-96.6153439,True,False,157.0,"(199, 52, 119)"
8479,Texas,33.1737219,-96.7062843,True,False,157.0,"(199, 52, 119)"
8480,Texas,32.8152098,-96.6597162,False,False,157.0,"(199, 52, 119)"
8481,Texas,32.7707245,-96.6354195,False,False,157.0,"(199, 52, 119)"
8482,Texas,40.7480601,-73.9901844,False,False,157.0,"(199, 52, 119)"
8483,Texas,,,False,False,157.0,"(199, 52, 119)"
8484,Texas,33.3514033,-97.181011,False,False,157.0,"(199, 52, 119)"
8485,Texas,,,False,False,157.0,"(199, 52, 119)"
8486,Texas,31.683347,-96.456538,False,False,157.0,"(199, 52, 119)"
8487,Texas,31.993304,-102.092519,False,False,157.0,"(199, 52, 119)"
8488,Texas,32.809529,-98.1113994,False,False,157.0,"(199, 52, 119)"
8489,Texas,32.8087217,-98.1265774,False,False,157.0,"(199, 52, 119)"
8490,Texas,32.8381967,-98.0622468,False,False,157.0,"(199, 52, 119)"
8491,Texas,,,False,False,157.0,"(199, 52, 119)"
8492,Texas,26.2188583,-98.3333978,False,False,157.0,"(199, 52, 119)"
8493,Texas,26.1577543,-98.3305476,False,False,157.0,"(199, 52, 119)"
8494,Texas,26.2199269,-98.3215058,False,False,157.0,"(199, 52, 119)"
8495,Texas,26.2210028,-98.3301169,False,False,157.0,"(199, 52, 119)"
8496,Texas,31.58703109999999,-102.8938848,False,False,157.0,"(199, 52, 119)"
8497,Texas,31.5889549,-102.8762924,False,False,157.0,"(199, 52, 119)"
8498,Texas,,,False,False,157.0,"(199, 52, 119)"
8499,Texas,30.4057215,-95.7014484,True,False,157.0,"(199, 52, 119)"
8500,Texas,30.3118769,-95.4560512,False,False,157.0,"(199, 52, 119)"
8501,Texas,30.1658207,-95.4612625,False,False,157.0,"(199, 52, 119)"
8502,Texas,31.286443,-97.3687574,False,False,157.0,"(199, 52, 119)"
8503,Texas,33.136756,-94.968524,True,False,157.0,"(199, 52, 119)"
8504,Texas,31.6219236,-94.6462581,True,False,157.0,"(199, 52, 119)"
8505,Texas,31.6219236,-94.6462581,True,False,157.0,"(199, 52, 119)"
8506,Texas,31.6219236,-94.6462581,True,False,157.0,"(199, 52, 119)"
8507,Texas,31.6219236,-94.6462581,True,False,157.0,"(199, 52, 119)"
8508,Texas,31.6219236,-94.6462581,True,False,157.0,"(199, 52, 119)"
8509,Texas,31.6005146,-94.6506865,False,False,157.0,"(199, 52, 119)"
8510,Texas,31.6217577,-94.6520175,True,False,157.0,"(199, 52, 119)"
8511,Texas,,,False,False,157.0,"(199, 52, 119)"
8512,Texas,29.7014365,-98.1230252,True,False,157.0,"(199, 52, 119)"
8513,Texas,30.48752859999999,-97.2386531,False,False,157.0,"(199, 52, 119)"
8514,Texas,32.8713536,-97.1872877,False,False,157.0,"(199, 52, 119)"
8515,Texas,12.994918,80.201056,False,False,157.0,"(199, 52, 119)"
8516,Texas,31.8514043,-102.382456,False,False,157.0,"(199, 52, 119)"
8517,Texas,33.3691758,-98.764244,False,False,157.0,"(199, 52, 119)"
8518,Texas,33.3252975,-98.72243,False,False,157.0,"(199, 52, 119)"
8519,Texas,33.3076849,-98.9479086,False,False,157.0,"(199, 52, 119)"
8520,Texas,33.3536872,-98.7632321,False,False,157.0,"(199, 52, 119)"
8521,Texas,31.7649348,-95.626149,False,False,157.0,"(199, 52, 119)"
8522,Texas,35.5365305,-100.9659608,False,False,157.0,"(199, 52, 119)"
8523,Texas,,,False,False,157.0,"(199, 52, 119)"
8524,Texas,,,False,False,157.0,"(199, 52, 119)"
8525,Texas,29.7063793,-95.1619362,True,False,157.0,"(199, 52, 119)"
8526,Texas,29.7031578,-95.161345,True,False,157.0,"(199, 52, 119)"
8527,Texas,29.71404099999999,-95.198663,True,False,157.0,"(199, 52, 119)"
8528,Texas,29.6598536,-95.1669436,True,False,157.0,"(199, 52, 119)"
8529,Texas,29.7097429,-95.2128409,True,False,157.0,"(199, 52, 119)"
8530,Texas,28.8971702,-99.0841949,False,False,157.0,"(199, 52, 119)"
8531,Texas,31.4262099,-103.4892033,False,False,157.0,"(199, 52, 119)"
8532,Texas,31.4207013,-103.4851161,False,False,157.0,"(199, 52, 119)"
8533,Texas,31.433933,-103.4993475,False,False,157.0,"(199, 52, 119)"
8534,Texas,31.4049294,-103.5069469,False,False,157.0,"(199, 52, 119)"
8535,Texas,28.89487,-99.111658,False,False,157.0,"(199, 52, 119)"
8536,Texas,30.4476866,-97.6635988,False,False,157.0,"(199, 52, 119)"
8537,Texas,30.4852557,-97.5527235,False,False,157.0,"(199, 52, 119)"
8538,Texas,,,False,False,157.0,"(199, 52, 119)"
8539,Texas,26.1471207,-98.2158883,False,False,157.0,"(199, 52, 119)"
8540,Texas,34.206207,-101.717118,False,False,157.0,"(199, 52, 119)"
8541,Texas,34.1858886,-101.7026626,False,False,157.0,"(199, 52, 119)"
8542,Texas,,,False,False,157.0,"(199, 52, 119)"
8543,Texas,34.196803,-101.725973,False,False,157.0,"(199, 52, 119)"
8544,Texas,34.196803,-101.725973,False,False,157.0,"(199, 52, 119)"
8545,Texas,,,False,False,157.0,"(199, 52, 119)"
8546,Texas,27.8376569,-97.0601109,False,False,157.0,"(199, 52, 119)"
8547,Texas,,,False,False,157.0,"(199, 52, 119)"
8548,Texas,26.0779717,-97.2071178,False,False,157.0,"(199, 52, 119)"
8549,Texas,29.9997217,-93.9604157,True,False,157.0,"(199, 52, 119)"
8550,Texas,32.8609777,-98.4839817,False,False,157.0,"(199, 52, 119)"
8551,Texas,33.1909283,-101.3781941,False,False,157.0,"(199, 52, 119)"
8552,Texas,,,False,False,157.0,"(199, 52, 119)"
8553,Texas,29.5602226,-104.3579993,False,False,157.0,"(199, 52, 119)"
8554,Texas,40.3439888,-74.6514481,False,False,157.0,"(199, 52, 119)"
8555,Texas,28.2966626,-97.2758175,False,False,157.0,"(199, 52, 119)"
8556,Texas,32.9417765,-96.6974651,False,False,157.0,"(199, 52, 119)"
8557,Texas,29.5739294,-95.7530507,False,False,157.0,"(199, 52, 119)"
8558,Texas,26.2312851,-97.5660275,False,False,157.0,"(199, 52, 119)"
8559,Texas,32.75063710000001,-100.3793747,False,False,157.0,"(199, 52, 119)"
8560,Texas,26.5060807,-99.0748321,False,False,157.0,"(199, 52, 119)"
8561,Texas,32.65158,-96.9081618,False,False,157.0,"(199, 52, 119)"
8562,Texas,33.1163048,-97.5201554,False,False,157.0,"(199, 52, 119)"
8563,Texas,31.4382686,-100.4602762,True,False,157.0,"(199, 52, 119)"
8564,Texas,31.4382686,-100.4602762,True,False,157.0,"(199, 52, 119)"
8565,Texas,31.4598601,-100.4443529,True,False,157.0,"(199, 52, 119)"
8566,Texas,31.4488235,-100.4533544,True,False,157.0,"(199, 52, 119)"
8567,Texas,31.4276905,-100.4989761,False,False,157.0,"(199, 52, 119)"
8568,Texas,31.45479,-100.4306566,True,False,157.0,"(199, 52, 119)"
8569,Texas,31.45479,-100.4306566,True,False,157.0,"(199, 52, 119)"
8570,Texas,31.4780528,-100.4443663,True,False,157.0,"(199, 52, 119)"
8571,Texas,29.4259671,-98.4861419,False,False,157.0,"(199, 52, 119)"
8572,Texas,29.495291,-98.480473,False,False,157.0,"(199, 52, 119)"
8573,Texas,29.4199483,-98.4878006,False,False,157.0,"(199, 52, 119)"
8574,Texas,29.4169834,-98.4788143,False,False,157.0,"(199, 52, 119)"
8575,Texas,29.4241219,-98.4936282,False,False,157.0,"(199, 52, 119)"
8576,Texas,29.394101,-98.4908441,False,False,157.0,"(199, 52, 119)"
8577,Texas,29.4241219,-98.4936282,False,False,157.0,"(199, 52, 119)"
8578,Texas,29.4241219,-98.4936282,False,False,157.0,"(199, 52, 119)"
8579,Texas,29.4241219,-98.4936282,False,False,157.0,"(199, 52, 119)"
8580,Texas,29.4241219,-98.4936282,False,False,157.0,"(199, 52, 119)"
8581,Texas,29.4148697,-98.4911999,False,False,157.0,"(199, 52, 119)"
8582,Texas,29.3493683,-98.4395121,False,False,157.0,"(199, 52, 119)"
8583,Texas,29.42229399999999,-98.495018,False,False,157.0,"(199, 52, 119)"
8584,Texas,29.4268009,-98.491175,False,False,157.0,"(199, 52, 119)"
8585,Texas,29.31134089999999,-98.5327918,False,False,157.0,"(199, 52, 119)"
8586,Texas,29.5744196,-98.3769877,False,False,157.0,"(199, 52, 119)"
8587,Texas,29.4273335,-98.4895429,False,False,157.0,"(199, 52, 119)"
8588,Texas,29.246764,-98.5520566,False,False,157.0,"(199, 52, 119)"
8589,Texas,29.412995,-98.474095,False,False,157.0,"(199, 52, 119)"
8590,Texas,29.4728201,-98.5057504,False,False,157.0,"(199, 52, 119)"
8591,Texas,29.540084,-98.508523,False,False,157.0,"(199, 52, 119)"
8592,Texas,29.428341,-98.5684251,False,False,157.0,"(199, 52, 119)"
8593,Texas,29.426565,-98.485758,False,False,157.0,"(199, 52, 119)"
8594,Texas,29.3498672,-98.4681888,False,False,157.0,"(199, 52, 119)"
8595,Texas,29.4569597,-98.4458421,False,False,157.0,"(199, 52, 119)"
8596,Texas,29.4662651,-98.4494594,False,False,157.0,"(199, 52, 119)"
8597,Texas,29.3893974,-98.4421705,False,False,157.0,"(199, 52, 119)"
8598,Texas,29.361157,-98.478431,False,False,157.0,"(199, 52, 119)"
8599,Texas,29.3692078,-98.4540616,False,False,157.0,"(199, 52, 119)"
8600,Texas,29.4166725,-98.4822513,False,False,157.0,"(199, 52, 119)"
8601,Texas,29.4857322,-98.4574985,False,False,157.0,"(199, 52, 119)"
8602,Texas,29.4246985,-98.485988,False,False,157.0,"(199, 52, 119)"
8603,Texas,29.5183138,-98.496294,False,False,157.0,"(199, 52, 119)"
8604,Texas,29.5162178,-98.6051725,False,False,157.0,"(199, 52, 119)"
8605,Texas,29.5842547,-98.3677224,False,False,157.0,"(199, 52, 119)"
8606,Texas,29.4941896,-98.6165613,False,False,157.0,"(199, 52, 119)"
8607,Texas,30.2070177,-97.7660627,True,False,157.0,"(199, 52, 119)"
8608,Texas,29.4264099,-98.5433654,False,False,157.0,"(199, 52, 119)"
8609,Texas,29.4188902,-98.4889203,False,False,157.0,"(199, 52, 119)"
8610,Texas,29.3174553,-98.4427296,False,False,157.0,"(199, 52, 119)"
8611,Texas,29.4244233,-98.4850523,False,False,157.0,"(199, 52, 119)"
8612,Texas,29.51288509999999,-98.589833,False,False,157.0,"(199, 52, 119)"
8613,Texas,29.317215,-98.443407,False,False,157.0,"(199, 52, 119)"
8614,Texas,29.355055,-98.523728,False,False,157.0,"(199, 52, 119)"
8615,Texas,29.4273335,-98.4895429,False,False,157.0,"(199, 52, 119)"
8616,Texas,29.4252594,-98.5426193,False,False,157.0,"(199, 52, 119)"
8617,Texas,29.33893789999999,-98.468016,False,False,157.0,"(199, 52, 119)"
8618,Texas,29.4976355,-98.721713,False,False,157.0,"(199, 52, 119)"
8619,Texas,29.4246985,-98.485988,False,False,157.0,"(199, 52, 119)"
8620,Texas,29.44281,-98.46845,False,False,157.0,"(199, 52, 119)"
8621,Texas,29.4618444,-98.4831622,False,False,157.0,"(199, 52, 119)"
8622,Texas,29.4675939,-98.4676217,False,False,157.0,"(199, 52, 119)"
8623,Texas,29.4675939,-98.4676217,False,False,157.0,"(199, 52, 119)"
8624,Texas,29.487454,-98.4166019,False,False,157.0,"(199, 52, 119)"
8625,Texas,29.3174553,-98.4427296,False,False,157.0,"(199, 52, 119)"
8626,Texas,26.1416839,-97.6522078,False,False,157.0,"(199, 52, 119)"
8627,Texas,31.5862771,-106.2735887,False,False,157.0,"(199, 52, 119)"
8628,Texas,26.1836854,-98.1488981,False,False,157.0,"(199, 52, 119)"
8629,Texas,26.2082597,-98.143679,False,False,157.0,"(199, 52, 119)"
8630,Texas,26.204922,-98.1517083,False,False,157.0,"(199, 52, 119)"
8631,Texas,26.1767775,-98.1683159,False,False,157.0,"(199, 52, 119)"
8632,Texas,26.2012183,-98.1550312,False,False,157.0,"(199, 52, 119)"
8633,Texas,29.8761461,-97.95428,True,False,157.0,"(199, 52, 119)"
8634,Texas,29.885154,-97.8894763,False,False,157.0,"(199, 52, 119)"
8635,Texas,29.8893758,-97.9389417,True,False,157.0,"(199, 52, 119)"
8636,Texas,29.888411,-97.938351,True,False,157.0,"(199, 52, 119)"
8637,Montana,47.1648357,-114.0827594,False,False,375.0,"(173, 203, 200)"
8638,Texas,29.888411,-97.938351,True,False,157.0,"(199, 52, 119)"
8639,Texas,29.8994347,-97.9147004,False,False,157.0,"(199, 52, 119)"
8640,Texas,28.0373108,-97.5147048,True,False,157.0,"(199, 52, 119)"
8641,Texas,26.468379,-97.6080822,False,False,157.0,"(199, 52, 119)"
8642,Texas,33.7436228,-117.8740904,False,False,157.0,"(199, 52, 119)"
8643,Texas,26.0786883,-97.8494421,False,False,157.0,"(199, 52, 119)"
8644,Texas,30.3570471,-94.5467471,False,False,157.0,"(199, 52, 119)"
8645,Texas,30.350975,-94.550465,False,False,157.0,"(199, 52, 119)"
8646,Texas,,,False,False,157.0,"(199, 52, 119)"
8647,Texas,32.540837,-94.2330151,False,False,157.0,"(199, 52, 119)"
8648,Texas,29.587451,-94.998174,True,False,157.0,"(199, 52, 119)"
8649,Texas,29.5776809,-95.0089959,False,False,157.0,"(199, 52, 119)"
8650,Texas,29.76214,-96.174422,False,False,157.0,"(199, 52, 119)"
8651,Texas,29.76214,-96.174422,False,False,157.0,"(199, 52, 119)"
8652,Texas,29.771769,-96.16135,False,False,157.0,"(199, 52, 119)"
8653,Texas,,,False,False,157.0,"(199, 52, 119)"
8654,Texas,35.5405665,-82.5523204,False,False,157.0,"(199, 52, 119)"
8655,Texas,32.706097,-100.887001,False,False,157.0,"(199, 52, 119)"
8656,Texas,27.7022112,-97.3602579,True,False,157.0,"(199, 52, 119)"
8657,Montana,45.16068079999999,-112.992021,False,False,375.0,"(173, 203, 200)"
8658,Montana,45.7795891,-111.1727854,False,False,375.0,"(173, 203, 200)"
8659,Montana,45.783773,-108.499235,True,False,375.0,"(173, 203, 200)"
8660,Montana,,,False,False,375.0,"(173, 203, 200)"
8661,Montana,45.7774423,-108.5267,True,False,375.0,"(173, 203, 200)"
8662,Montana,45.7863637,-108.5075627,True,False,375.0,"(173, 203, 200)"
8663,Montana,45.77965,-108.516024,True,False,375.0,"(173, 203, 200)"
8664,Montana,45.782577,-108.503898,True,False,375.0,"(173, 203, 200)"
8665,Montana,45.7878299,-108.5083298,True,False,375.0,"(173, 203, 200)"
8666,Montana,45.6514199,-110.9462,False,False,375.0,"(173, 203, 200)"
8667,Montana,46.0154112,-112.5367252,False,False,375.0,"(173, 203, 200)"
8668,Montana,46.014405,-112.540233,False,False,375.0,"(173, 203, 200)"
8669,Montana,45.33862509999999,-110.6922233,False,False,375.0,"(173, 203, 200)"
8670,Montana,45.8748285,-106.6257295,False,False,375.0,"(173, 203, 200)"
8671,Montana,46.3924635,-112.7365235,False,False,375.0,"(173, 203, 200)"
8672,Montana,,,False,False,375.0,"(173, 203, 200)"
8673,Montana,46.8253719,-113.3386399,False,False,375.0,"(173, 203, 200)"
8674,Montana,46.884709,-104.9326905,False,False,375.0,"(173, 203, 200)"
8675,Montana,47.5189107,-111.2390903,False,False,375.0,"(173, 203, 200)"
8676,Montana,47.505022,-111.2981564,False,False,375.0,"(173, 203, 200)"
8677,Montana,46.4389733,-109.8276251,False,False,375.0,"(173, 203, 200)"
8678,Montana,,,False,False,375.0,"(173, 203, 200)"
8679,Montana,46.600734,-112.03888,False,False,375.0,"(173, 203, 200)"
8680,Montana,45.6766429,-108.7627,False,False,375.0,"(173, 203, 200)"
8681,Montana,48.398264,-115.574988,False,False,375.0,"(173, 203, 200)"
8682,Montana,,,False,False,375.0,"(173, 203, 200)"
8683,Montana,47.5042584,-111.1790622,False,False,375.0,"(173, 203, 200)"
8684,Montana,46.396824,-105.821245,False,False,375.0,"(173, 203, 200)"
8685,Montana,46.8703707,-113.9895298,False,False,375.0,"(173, 203, 200)"
8686,Montana,46.8600672,-113.9852081,False,False,375.0,"(173, 203, 200)"
8687,Texas,32.9206125,-97.1364704,False,False,157.0,"(199, 52, 119)"
8688,Texas,29.983708,-95.5082212,False,False,157.0,"(199, 52, 119)"
8689,Texas,26.1409171,-97.1717441,False,False,157.0,"(199, 52, 119)"
8690,Texas,32.1327199,-101.7895271,False,False,157.0,"(199, 52, 119)"
8691,Texas,,,False,False,157.0,"(199, 52, 119)"
8692,Texas,32.8285558,-96.5693721,False,False,157.0,"(199, 52, 119)"
8693,Texas,,,False,False,157.0,"(199, 52, 119)"
8694,Texas,32.4805042,-100.4055945,False,False,157.0,"(199, 52, 119)"
8695,Texas,32.4286471,-100.3090981,False,False,157.0,"(199, 52, 119)"
8696,Texas,32.4096412,-99.7742642,False,False,157.0,"(199, 52, 119)"
8697,Texas,33.4623093,-94.058364,False,False,157.0,"(199, 52, 119)"
8698,Texas,29.4070864,-95.0254002,True,False,157.0,"(199, 52, 119)"
8699,Texas,30.1005064,-95.6526943,True,False,157.0,"(199, 52, 119)"
8700,Texas,32.3337516,-95.2833841,False,False,157.0,"(199, 52, 119)"
8701,Texas,29.5551501,-98.3209129,True,False,157.0,"(199, 52, 119)"
8702,Texas,29.2217795,-99.7926186,False,False,157.0,"(199, 52, 119)"
8703,Texas,31.603016,-97.6221994,True,False,157.0,"(199, 52, 119)"
8704,Texas,32.6981846,-95.8852438,False,False,157.0,"(199, 52, 119)"
8705,Texas,,,False,False,157.0,"(199, 52, 119)"
8706,Texas,28.852345,-96.9199383,True,False,157.0,"(199, 52, 119)"
8707,Texas,28.818557,-96.968316,True,False,157.0,"(199, 52, 119)"
8708,Texas,28.7900732,-96.9940776,True,False,157.0,"(199, 52, 119)"
8709,Texas,28.8481,-96.978508,True,False,157.0,"(199, 52, 119)"
8710,Texas,28.7684788,-97.0439127,True,False,157.0,"(199, 52, 119)"
8711,Texas,28.80017879999999,-97.0072365,True,False,157.0,"(199, 52, 119)"
8712,Texas,31.549841,-97.1143146,False,False,157.0,"(199, 52, 119)"
8713,Texas,31.549841,-97.1143146,False,False,157.0,"(199, 52, 119)"
8714,Texas,31.5835534,-97.1561955,True,False,157.0,"(199, 52, 119)"
8715,Texas,31.5835534,-97.1561955,True,False,157.0,"(199, 52, 119)"
8716,Montana,46.8600672,-113.9852081,False,False,375.0,"(173, 203, 200)"
8717,Montana,46.8600672,-113.9852081,False,False,375.0,"(173, 203, 200)"
8718,Montana,46.8600672,-113.9852081,False,False,375.0,"(173, 203, 200)"
8719,Montana,48.1125628,-105.2034182,False,False,375.0,"(173, 203, 200)"
8720,Montana,46.0443947,-104.4707361,False,False,375.0,"(173, 203, 200)"
8721,Montana,45.187195,-109.2467424,False,False,375.0,"(173, 203, 200)"
8722,Montana,48.2502654,-109.8007576,False,False,375.0,"(173, 203, 200)"
8723,Montana,46.5067471,-114.0841457,False,False,375.0,"(173, 203, 200)"
8724,Montana,45.293354,-111.9472142,False,False,375.0,"(173, 203, 200)"
8725,Montana,45.2934963,-111.9460879,False,False,375.0,"(173, 203, 200)"
8726,Montana,36.9896816,-85.7178691,False,False,375.0,"(173, 203, 200)"
8727,Texas,31.504484,-97.13665,False,False,157.0,"(199, 52, 119)"
8728,Texas,,,False,False,157.0,"(199, 52, 119)"
8729,Texas,,,False,False,157.0,"(199, 52, 119)"
8730,Texas,32.3905796,-96.8534543,False,False,157.0,"(199, 52, 119)"
8731,Texas,,,False,False,157.0,"(199, 52, 119)"
8732,Texas,32.7452955,-97.6978726,False,False,157.0,"(199, 52, 119)"
8733,Texas,32.60892210000001,-97.8582446,False,False,157.0,"(199, 52, 119)"
8734,Texas,32.7837273,-97.6900846,False,False,157.0,"(199, 52, 119)"
8735,Texas,27.5305671,-99.4803241,False,False,157.0,"(199, 52, 119)"
8736,Texas,26.1656489,-97.9726249,False,False,157.0,"(199, 52, 119)"
8737,Texas,26.168088,-98.001484,False,False,157.0,"(199, 52, 119)"
8738,Texas,26.168088,-98.001484,False,False,157.0,"(199, 52, 119)"
8739,Texas,34.18928,-79.80079599999999,False,False,157.0,"(199, 52, 119)"
8740,Texas,26.154729,-97.9867473,False,False,157.0,"(199, 52, 119)"
8741,Texas,32.5711171,-94.8548036,True,False,157.0,"(199, 52, 119)"
8742,Texas,32.254502,-95.201769,True,False,157.0,"(199, 52, 119)"
8743,Texas,,,False,False,157.0,"(199, 52, 119)"
8744,Texas,33.82074370000001,-98.5397758,False,False,157.0,"(199, 52, 119)"
8745,Texas,33.9173772,-98.5153655,False,False,157.0,"(199, 52, 119)"
8746,Texas,33.8418279,-98.5266171,False,False,157.0,"(199, 52, 119)"
8747,Texas,,,False,False,157.0,"(199, 52, 119)"
8748,Texas,33.901643,-98.5049679,False,False,157.0,"(199, 52, 119)"
8749,Texas,,,False,False,157.0,"(199, 52, 119)"
8750,Texas,,,False,False,157.0,"(199, 52, 119)"
8751,Texas,30.126243,-95.4489705,False,False,157.0,"(199, 52, 119)"
8752,Texas,30.8335542,-94.2626723,True,False,157.0,"(199, 52, 119)"
8753,Texas,30.8095509,-94.5177171,True,False,157.0,"(199, 52, 119)"
8754,Texas,27.5713993,-99.4994811,False,False,157.0,"(199, 52, 119)"
8755,Texas,,,False,False,157.0,"(199, 52, 119)"
8756,Texas,32.4329094,-99.6940104,False,False,157.0,"(199, 52, 119)"
8757,Texas,32.5945611,-99.68704590000002,True,False,157.0,"(199, 52, 119)"
8758,Texas,32.4915166,-99.7476449,False,False,157.0,"(199, 52, 119)"
8759,Texas,32.7257537,-99.2977692,True,False,157.0,"(199, 52, 119)"
8760,Texas,27.7550748,-98.0511229,False,False,157.0,"(199, 52, 119)"
8761,Texas,27.7550748,-98.0511229,False,False,157.0,"(199, 52, 119)"
8762,Texas,27.7647665,-98.0418408,False,False,157.0,"(199, 52, 119)"
8763,Texas,27.7524463,-98.088852,False,False,157.0,"(199, 52, 119)"
8764,Texas,,,False,False,157.0,"(199, 52, 119)"
8765,Texas,27.7502457,-98.0735497,False,False,157.0,"(199, 52, 119)"
8766,Texas,27.7528764,-98.0578098,False,False,157.0,"(199, 52, 119)"
8767,Texas,27.7551601,-98.067886,False,False,157.0,"(199, 52, 119)"
8768,Texas,,,False,False,157.0,"(199, 52, 119)"
8769,Texas,33.1139566,-96.6570466,False,False,157.0,"(199, 52, 119)"
8770,Texas,,,False,False,157.0,"(199, 52, 119)"
8771,Texas,29.4380718,-95.2576704,True,False,157.0,"(199, 52, 119)"
8772,Texas,35.161422,-101.8757419,False,False,157.0,"(199, 52, 119)"
8773,Texas,35.1700342,-101.8274338,False,False,157.0,"(199, 52, 119)"
8774,Texas,29.8170474,-95.6218082,True,False,157.0,"(199, 52, 119)"
8775,Texas,32.3237497,-102.5517297,False,False,157.0,"(199, 52, 119)"
8776,Texas,32.4132524,-102.6483624,False,False,157.0,"(199, 52, 119)"
8777,Texas,,,False,False,157.0,"(199, 52, 119)"
8778,Texas,,,False,False,157.0,"(199, 52, 119)"
8779,Texas,,,False,False,157.0,"(199, 52, 119)"
8780,Texas,,,False,False,157.0,"(199, 52, 119)"
8781,Texas,32.7078351,-97.0644732,False,False,157.0,"(199, 52, 119)"
8782,Texas,32.72078510000001,-97.1167816,True,False,157.0,"(199, 52, 119)"
8783,Texas,32.6625704,-97.0719177,False,False,157.0,"(199, 52, 119)"
8784,Texas,32.7438928,-97.0571019,False,False,157.0,"(199, 52, 119)"
8785,Texas,32.6828759,-97.1796003,False,False,157.0,"(199, 52, 119)"
8786,Texas,32.7196554,-97.055612,False,False,157.0,"(199, 52, 119)"
8787,Texas,32.7903322,-97.1144413,True,False,157.0,"(199, 52, 119)"
8788,Texas,32.7903322,-97.1144413,True,False,157.0,"(199, 52, 119)"
8789,Texas,32.7903322,-97.1144413,True,False,157.0,"(199, 52, 119)"
8790,Texas,32.7903322,-97.1144413,True,False,157.0,"(199, 52, 119)"
8791,Texas,32.7546323,-97.0703546,False,False,157.0,"(199, 52, 119)"
8792,Texas,32.7301078,-97.1162524,True,False,157.0,"(199, 52, 119)"
8793,Texas,32.202686,-95.867094,True,False,157.0,"(199, 52, 119)"
8794,Texas,30.2356151,-97.8590452,True,False,157.0,"(199, 52, 119)"
8795,Texas,30.307434,-97.739661,True,False,157.0,"(199, 52, 119)"
8796,Texas,30.195123,-97.7871785,False,False,157.0,"(199, 52, 119)"
8797,Texas,30.213196,-97.7966913,True,False,157.0,"(199, 52, 119)"
8798,Texas,30.2685378,-97.7416331,True,False,157.0,"(199, 52, 119)"
8799,Texas,30.212007,-97.800518,True,False,157.0,"(199, 52, 119)"
8800,Texas,30.2920712,-97.7315334,True,False,157.0,"(199, 52, 119)"
8801,Texas,30.228824,-97.8246769,True,False,157.0,"(199, 52, 119)"
8802,Texas,30.2243097,-97.8513324,True,False,157.0,"(199, 52, 119)"
8803,Texas,30.2938622,-97.7294253,True,False,157.0,"(199, 52, 119)"
8804,Texas,30.2678288,-97.7412602,True,False,157.0,"(199, 52, 119)"
8805,Texas,30.2547154,-97.7219604,True,False,157.0,"(199, 52, 119)"
8806,Texas,30.26898199999999,-97.740335,True,False,157.0,"(199, 52, 119)"
8807,Texas,30.1699655,-97.6699483,True,False,157.0,"(199, 52, 119)"
8808,Texas,29.4250145,-98.4780862,False,False,157.0,"(199, 52, 119)"
8809,Texas,30.2297224,-97.7538582,True,False,157.0,"(199, 52, 119)"
8810,Texas,30.2297224,-97.7538582,True,False,157.0,"(199, 52, 119)"
8811,Texas,30.2297224,-97.7538582,True,False,157.0,"(199, 52, 119)"
8812,Texas,30.277075,-97.7511169,True,False,157.0,"(199, 52, 119)"
8813,Texas,30.2881368,-97.7407791,True,False,157.0,"(199, 52, 119)"
8814,Texas,30.2200455,-97.7454124,True,False,157.0,"(199, 52, 119)"
8815,Texas,32.8515077,-96.8196822,False,False,157.0,"(199, 52, 119)"
8816,Texas,31.7495262,-99.9621333,False,False,157.0,"(199, 52, 119)"
8817,Texas,29.8439628,-95.0969855,False,False,157.0,"(199, 52, 119)"
8818,Texas,29.7231426,-98.9347206,True,False,157.0,"(199, 52, 119)"
8819,Texas,31.7183459,-99.1265872,False,False,157.0,"(199, 52, 119)"
8820,Texas,30.2149705,-94.6049429,True,False,157.0,"(199, 52, 119)"
8821,Texas,29.7997608,-94.9853247,True,False,157.0,"(199, 52, 119)"
8822,Texas,30.7758199,-95.9479416,True,False,157.0,"(199, 52, 119)"
8823,Texas,34.172453,-118.1187737,False,False,157.0,"(199, 52, 119)"
8824,Texas,32.3328918,-101.4151228,True,False,157.0,"(199, 52, 119)"
8825,Texas,29.1487946,-95.4935119,True,False,157.0,"(199, 52, 119)"
8826,Texas,30.1261157,-94.1015963,True,False,157.0,"(199, 52, 119)"
8827,Texas,30.0794282,-94.1770043,True,False,157.0,"(199, 52, 119)"
8828,Texas,30.040144,-94.075231,True,False,157.0,"(199, 52, 119)"
8829,Texas,32.8389671,-97.1329616,True,False,157.0,"(199, 52, 119)"
8830,Texas,,,False,False,157.0,"(199, 52, 119)"
8831,Texas,31.0701756,-97.4666818,True,False,157.0,"(199, 52, 119)"
8832,Texas,31.0818836,-97.4607927,True,False,157.0,"(199, 52, 119)"
8833,Texas,32.2463041,-101.4657043,False,False,157.0,"(199, 52, 119)"
8834,Texas,32.2250866,-101.5272223,False,False,157.0,"(199, 52, 119)"
8835,Texas,32.2458446,-101.4712288,False,False,157.0,"(199, 52, 119)"
8836,Texas,32.10911240000001,-96.8473486,False,False,157.0,"(199, 52, 119)"
8837,Texas,29.7981514,-98.7313718,True,False,157.0,"(199, 52, 119)"
8838,Texas,29.7227493,-98.6684342,True,False,157.0,"(199, 52, 119)"
8839,Texas,29.3064207,-100.4194417,False,False,157.0,"(199, 52, 119)"
8840,Texas,31.1339129,-99.3330975,False,False,157.0,"(199, 52, 119)"
8841,Texas,,,False,False,157.0,"(199, 52, 119)"
8842,Texas,30.3584919,-103.6610115,False,False,157.0,"(199, 52, 119)"
8843,Texas,,,False,False,157.0,"(199, 52, 119)"
8844,Texas,27.2269872,-98.1441714,False,False,157.0,"(199, 52, 119)"
8845,Texas,33.1710021,-102.2726758,False,False,157.0,"(199, 52, 119)"
8846,Texas,25.9896921,-97.529977,False,False,157.0,"(199, 52, 119)"
8847,Texas,25.9804505,-97.5086773,False,False,157.0,"(199, 52, 119)"
8848,Texas,25.8984584,-97.4916265,False,False,157.0,"(199, 52, 119)"
8849,Texas,25.9467355,-97.4295694,False,False,157.0,"(199, 52, 119)"
8850,Texas,25.9861041,-97.4838438,False,False,157.0,"(199, 52, 119)"
8851,Texas,25.9395138,-97.4159457,False,False,157.0,"(199, 52, 119)"
8852,Texas,25.9395138,-97.4159457,False,False,157.0,"(199, 52, 119)"
8853,Texas,25.9067245,-97.4618777,False,False,157.0,"(199, 52, 119)"
8854,Texas,25.893722,-97.486664,False,False,157.0,"(199, 52, 119)"
8855,Texas,25.893722,-97.486664,False,False,157.0,"(199, 52, 119)"
8856,Texas,26.0751207,-97.4993452,False,False,157.0,"(199, 52, 119)"
8857,Texas,25.9395138,-97.4159457,False,False,157.0,"(199, 52, 119)"
8858,Texas,31.9867596,-102.1014974,False,False,157.0,"(199, 52, 119)"
8859,Texas,31.8556425,-99.0222344,False,False,157.0,"(199, 52, 119)"
8860,Texas,30.6175619,-96.3079044,False,False,157.0,"(199, 52, 119)"
8861,Texas,30.6175619,-96.3079044,False,False,157.0,"(199, 52, 119)"
8862,Texas,30.6175619,-96.3079044,False,False,157.0,"(199, 52, 119)"
8863,Texas,33.1293197,-97.1041289,True,False,157.0,"(199, 52, 119)"
8864,Texas,31.0237805,-93.6603585,True,False,157.0,"(199, 52, 119)"
8865,Texas,32.4853743,-97.2812461,True,False,157.0,"(199, 52, 119)"
8866,Texas,30.8205245,-98.0305042,False,False,157.0,"(199, 52, 119)"
8867,Texas,34.9829122,-101.9158947,False,False,157.0,"(199, 52, 119)"
8868,Texas,31.7906744,-106.2288638,False,False,157.0,"(199, 52, 119)"
8869,Texas,30.5484321,-96.6741275,False,False,157.0,"(199, 52, 119)"
8870,Texas,25.9017472,-97.4974838,False,False,157.0,"(199, 52, 119)"
8871,Texas,34.980323,-101.917255,False,False,157.0,"(199, 52, 119)"
8872,Texas,28.522088,-99.859936,False,False,157.0,"(199, 52, 119)"
8873,Texas,28.5194218,-99.8632477,False,False,157.0,"(199, 52, 119)"
8874,Texas,32.9584479,-96.896306,False,False,157.0,"(199, 52, 119)"
8875,Texas,32.9790746,-96.8922292,False,False,157.0,"(199, 52, 119)"
8876,Texas,,,False,False,157.0,"(199, 52, 119)"
8877,Texas,,,False,False,157.0,"(199, 52, 119)"
8878,Texas,32.6059257,-97.0366437,False,False,157.0,"(199, 52, 119)"
8879,Texas,32.5583486,-97.0012138,False,False,157.0,"(199, 52, 119)"
8880,Texas,32.6155205,-96.975224,False,False,157.0,"(199, 52, 119)"
8881,Texas,,,False,False,157.0,"(199, 52, 119)"
8882,Texas,31.64497639999999,-97.3446436,True,False,157.0,"(199, 52, 119)"
8883,Texas,31.687667,-97.2593856,True,False,157.0,"(199, 52, 119)"
8884,Texas,32.3038068,-97.3985305,False,False,157.0,"(199, 52, 119)"
8885,Texas,32.3463983,-97.3860927,False,False,157.0,"(199, 52, 119)"
8886,Texas,32.3018951,-101.3037622,False,False,157.0,"(199, 52, 119)"
8887,Texas,32.3018951,-101.3037622,False,False,157.0,"(199, 52, 119)"
8888,Texas,32.809529,-98.1113994,False,False,157.0,"(199, 52, 119)"
8889,Texas,32.3949445,-100.8486743,False,False,157.0,"(199, 52, 119)"
8890,Texas,29.9338377,-98.1530878,True,False,157.0,"(199, 52, 119)"
8891,Texas,29.740118,-98.101817,True,False,157.0,"(199, 52, 119)"
8892,Texas,26.2941904,-97.7747132,False,False,157.0,"(199, 52, 119)"
8893,Texas,30.624139,-96.3304465,False,False,157.0,"(199, 52, 119)"
8894,Texas,30.321586,-95.4849174,False,False,157.0,"(199, 52, 119)"
8895,Texas,32.9586252,-96.976232,False,False,157.0,"(199, 52, 119)"
8896,Texas,33.1293197,-97.1041289,True,False,157.0,"(199, 52, 119)"
8897,Texas,30.3139275,-95.3887705,False,False,157.0,"(199, 52, 119)"
8898,Texas,27.6539313,-97.377318,False,False,157.0,"(199, 52, 119)"
8899,Texas,27.717336,-97.349616,True,False,157.0,"(199, 52, 119)"
8900,Texas,27.8576317,-97.635614,False,False,157.0,"(199, 52, 119)"
8901,Texas,27.714343,-97.3225443,True,False,157.0,"(199, 52, 119)"
8902,Texas,27.7944494,-97.3965167,False,False,157.0,"(199, 52, 119)"
8903,Texas,27.7211634,-97.4005631,False,False,157.0,"(199, 52, 119)"
8904,Texas,27.7635746,-97.4076327,False,False,157.0,"(199, 52, 119)"
8905,Texas,27.8005828,-97.396381,False,False,157.0,"(199, 52, 119)"
8906,Texas,27.8063547,-97.3952284,False,False,157.0,"(199, 52, 119)"
8907,Texas,27.8378022,-97.4883268,False,False,157.0,"(199, 52, 119)"
8908,Texas,27.7949108,-97.4005405,False,False,157.0,"(199, 52, 119)"
8909,Texas,27.8150729,-97.3887026,True,False,157.0,"(199, 52, 119)"
8910,Texas,27.7955517,-97.3970778,False,False,157.0,"(199, 52, 119)"
8911,Texas,32.1439577,-96.5266853,False,False,157.0,"(199, 52, 119)"
8912,Texas,32.0953512,-96.4685188,False,False,157.0,"(199, 52, 119)"
8913,Texas,32.085086,-96.503762,False,False,157.0,"(199, 52, 119)"
8914,Texas,28.4355886,-99.2401069,False,False,157.0,"(199, 52, 119)"
8915,Texas,29.8823675,-95.0629377,False,False,157.0,"(199, 52, 119)"
8916,Texas,33.6584863,-101.2399344,False,False,157.0,"(199, 52, 119)"
8917,Texas,,,False,False,157.0,"(199, 52, 119)"
8918,Texas,37.685735,-97.332742,False,False,157.0,"(199, 52, 119)"
8919,Texas,32.8186897,-96.998779,False,False,157.0,"(199, 52, 119)"
8920,Texas,30.2746652,-97.7403505,True,False,157.0,"(199, 52, 119)"
8921,Texas,32.8118471,-96.702428,False,False,157.0,"(199, 52, 119)"
8922,Texas,32.743001,-96.8317448,False,False,157.0,"(199, 52, 119)"
8923,Texas,32.8866875,-96.7271606,False,False,157.0,"(199, 52, 119)"
8924,Texas,32.7772215,-96.8071016,False,False,157.0,"(199, 52, 119)"
8925,Texas,32.9183144,-96.7490298,False,False,157.0,"(199, 52, 119)"
8926,Texas,32.718924,-96.7839614,False,False,157.0,"(199, 52, 119)"
8927,Texas,32.7732638,-96.7887031,False,False,157.0,"(199, 52, 119)"
8928,Texas,32.7362591,-96.8645856,False,False,157.0,"(199, 52, 119)"
8929,Texas,32.7362591,-96.8645856,False,False,157.0,"(199, 52, 119)"
8930,Texas,32.804181,-96.815413,False,False,157.0,"(199, 52, 119)"
8931,Texas,32.7352723,-96.678013,False,False,157.0,"(199, 52, 119)"
8932,Texas,32.691563,-96.6444012,False,False,157.0,"(199, 52, 119)"
8933,Texas,32.8310513,-96.7699716,False,False,157.0,"(199, 52, 119)"
8934,Texas,32.828066,-96.7253164,False,False,157.0,"(199, 52, 119)"
8935,Texas,32.7971186,-96.8027781,False,False,157.0,"(199, 52, 119)"
8936,Texas,29.75628249999999,-95.089709,False,False,157.0,"(199, 52, 119)"
8937,Texas,,,False,False,157.0,"(199, 52, 119)"
8938,Texas,33.207488,-97.1525862,False,False,157.0,"(199, 52, 119)"
8939,Texas,33.207488,-97.1525862,False,False,157.0,"(199, 52, 119)"
8940,Texas,31.1926292,-94.7681288,False,False,157.0,"(199, 52, 119)"
8941,Texas,,,False,False,157.0,"(199, 52, 119)"
8942,Texas,,,False,False,157.0,"(199, 52, 119)"
8943,Texas,35.861551,-101.964927,False,False,157.0,"(199, 52, 119)"
8944,Texas,,,False,False,157.0,"(199, 52, 119)"
8945,Texas,28.6817727,-100.4675995,False,False,157.0,"(199, 52, 119)"
8946,Texas,29.5267569,-96.0656338,False,False,157.0,"(199, 52, 119)"
8947,Texas,34.259418,-102.3594802,False,False,157.0,"(199, 52, 119)"
8948,Texas,26.3038065,-98.1540881,False,False,157.0,"(199, 52, 119)"
8949,Texas,26.302264,-98.1510158,False,False,157.0,"(199, 52, 119)"
8950,Texas,26.3027948,-98.1613463,False,False,157.0,"(199, 52, 119)"
8951,Texas,26.2887958,-98.1704766,False,False,157.0,"(199, 52, 119)"
8952,Texas,26.3069259,-98.17476990000002,False,False,157.0,"(199, 52, 119)"
8953,Texas,,,False,False,157.0,"(199, 52, 119)"
8954,Texas,31.7674972,-106.4938984,False,False,157.0,"(199, 52, 119)"
8955,Texas,31.7609918,-106.4883515,False,False,157.0,"(199, 52, 119)"
8956,Texas,31.592337,-106.2241449,False,False,157.0,"(199, 52, 119)"
8957,Texas,31.7799682,-106.4467775,False,False,157.0,"(199, 52, 119)"
8958,Texas,31.7395798,-106.3404465,False,False,157.0,"(199, 52, 119)"
8959,Texas,31.79247749999999,-106.455127,False,False,157.0,"(199, 52, 119)"
8960,Texas,31.69278589999999,-106.2965325,False,False,157.0,"(199, 52, 119)"
8961,Texas,31.7551864,-106.3056405,False,False,157.0,"(199, 52, 119)"
8962,Texas,31.886595,-106.438272,False,False,157.0,"(199, 52, 119)"
8963,Texas,31.7729195,-106.491033,False,False,157.0,"(199, 52, 119)"
8964,Texas,31.7585876,-106.4902692,False,False,157.0,"(199, 52, 119)"
8965,Texas,31.6521545,-106.2909883,False,False,157.0,"(199, 52, 119)"
8966,Texas,31.8057192,-106.2573301,False,False,157.0,"(199, 52, 119)"
8967,Texas,34.67665849999999,-82.8223847,False,False,157.0,"(199, 52, 119)"
8968,Texas,31.812438,-106.4213208,False,False,157.0,"(199, 52, 119)"
8969,Texas,31.812438,-106.4213208,False,False,157.0,"(199, 52, 119)"
8970,Texas,31.859039,-106.589966,False,False,157.0,"(199, 52, 119)"
8971,Texas,31.764269,-106.425612,False,False,157.0,"(199, 52, 119)"
8972,Texas,31.69261209999999,-106.2074793,False,False,157.0,"(199, 52, 119)"
8973,Texas,31.69261209999999,-106.2074793,False,False,157.0,"(199, 52, 119)"
8974,Texas,31.756348,-106.476649,False,False,157.0,"(199, 52, 119)"
8975,Texas,31.8139415,-106.5539065,False,False,157.0,"(199, 52, 119)"
8976,Texas,31.68574499999999,-106.332697,False,False,157.0,"(199, 52, 119)"
8977,Texas,31.68574499999999,-106.332697,False,False,157.0,"(199, 52, 119)"
8978,Texas,31.7063067,-106.3117572,False,False,157.0,"(199, 52, 119)"
8979,Texas,31.787071,-106.434001,False,False,157.0,"(199, 52, 119)"
8980,Texas,31.7579715,-106.4833232,False,False,157.0,"(199, 52, 119)"
8981,Texas,31.8306337,-106.4757807,False,False,157.0,"(199, 52, 119)"
8982,Texas,31.7590901,-106.4896401,False,False,157.0,"(199, 52, 119)"
8983,Texas,31.7573397,-106.495939,False,False,157.0,"(199, 52, 119)"
8984,Texas,31.7534636,-106.4862847,False,False,157.0,"(199, 52, 119)"
8985,Texas,31.6769476,-106.2662123,False,False,157.0,"(199, 52, 119)"
8986,Texas,31.8496471,-106.510034,False,False,157.0,"(199, 52, 119)"
8987,Texas,31.8994213,-106.3905349,False,False,157.0,"(199, 52, 119)"
8988,Texas,31.7708544,-106.5046216,False,False,157.0,"(199, 52, 119)"
8989,Texas,31.7708544,-106.5046216,False,False,157.0,"(199, 52, 119)"
8990,Texas,31.699902,-106.3415078,False,False,157.0,"(199, 52, 119)"
8991,Texas,30.3496347,-97.3797666,False,False,157.0,"(199, 52, 119)"
8992,Texas,31.0441065,-95.8258503,True,False,157.0,"(199, 52, 119)"
8993,Texas,31.400975,-100.088818,True,False,157.0,"(199, 52, 119)"
8994,Texas,32.8452073,-97.0851053,False,False,157.0,"(199, 52, 119)"
8995,Texas,32.825161,-97.124059,True,False,157.0,"(199, 52, 119)"
8996,Texas,31.4970002,-106.1523972,False,False,157.0,"(199, 52, 119)"
8997,Texas,31.5618326,-106.0672306,False,False,157.0,"(199, 52, 119)"
8998,Texas,31.4994459,-106.1518567,False,False,157.0,"(199, 52, 119)"
8999,Texas,,,False,False,157.0,"(199, 52, 119)"
9000,Texas,31.5020645,-106.144494,False,False,157.0,"(199, 52, 119)"
9001,Texas,,,False,False,157.0,"(199, 52, 119)"
9002,Texas,,,False,False,157.0,"(199, 52, 119)"
9003,Texas,31.81134549999999,-106.4341504,False,False,157.0,"(199, 52, 119)"
9004,Texas,,,False,False,157.0,"(199, 52, 119)"
9005,Texas,30.5997079,-103.8941013,False,False,157.0,"(199, 52, 119)"
9006,Texas,30.383996,-103.670737,False,False,157.0,"(199, 52, 119)"
9007,Texas,31.1410166,-97.5512961,True,False,157.0,"(199, 52, 119)"
9008,Texas,31.1950013,-97.7413143,True,False,157.0,"(199, 52, 119)"
9009,Texas,32.7512519,-97.3308523,False,False,157.0,"(199, 52, 119)"
9010,Texas,32.794352,-97.4753432,False,False,157.0,"(199, 52, 119)"
9011,Texas,32.7625991,-97.392326,False,False,157.0,"(199, 52, 119)"
9012,Texas,32.7520394,-97.3298447,False,False,157.0,"(199, 52, 119)"
9013,Texas,32.7229695,-97.3566895,False,False,157.0,"(199, 52, 119)"
9014,Texas,32.8087304,-97.4624776,False,False,157.0,"(199, 52, 119)"
9015,Texas,32.720224,-97.36159,False,False,157.0,"(199, 52, 119)"
9016,Texas,32.7560387,-97.3270708,False,False,157.0,"(199, 52, 119)"
9017,Texas,32.7514103,-97.3298289,False,False,157.0,"(199, 52, 119)"
9018,Texas,32.67675,-97.395462,False,False,157.0,"(199, 52, 119)"
9019,Texas,32.7467865,-97.3691633,False,False,157.0,"(199, 52, 119)"
9020,Texas,32.6788566,-97.12610490000002,False,False,157.0,"(199, 52, 119)"
9021,Texas,32.7885617,-97.3462341,False,False,157.0,"(199, 52, 119)"
9022,Texas,32.664578,-97.405724,False,False,157.0,"(199, 52, 119)"
9023,Texas,32.678639,-97.398763,False,False,157.0,"(199, 52, 119)"
9024,Texas,30.2731041,-98.8676849,True,False,157.0,"(199, 52, 119)"
9025,Texas,33.1638864,-96.8766722,True,False,157.0,"(199, 52, 119)"
9026,Texas,29.300242,-94.792837,True,False,157.0,"(199, 52, 119)"
9027,Texas,29.292609,-94.786181,True,False,157.0,"(199, 52, 119)"
9028,Texas,29.307399,-94.795414,True,False,157.0,"(199, 52, 119)"
9029,Texas,29.2072795,-94.9493095,True,False,157.0,"(199, 52, 119)"
9030,Texas,29.3110199,-94.7777698,True,False,157.0,"(199, 52, 119)"
9031,Texas,32.8575318,-96.5761307,False,False,157.0,"(199, 52, 119)"
9032,Texas,32.9082427,-96.5998632,False,False,157.0,"(199, 52, 119)"
9033,Texas,31.4855155,-97.7292681,True,False,157.0,"(199, 52, 119)"
9034,Texas,28.3340454,-98.1139354,False,False,157.0,"(199, 52, 119)"
9035,Texas,30.627444,-97.6661432,False,False,157.0,"(199, 52, 119)"
9036,Texas,32.7837122,-94.9893772,False,False,157.0,"(199, 52, 119)"
9037,Texas,28.6572315,-97.3866347,True,False,157.0,"(199, 52, 119)"
9038,Texas,28.6477385,-97.3827953,True,False,157.0,"(199, 52, 119)"
9039,Texas,32.4322033,-97.7751199,False,False,157.0,"(199, 52, 119)"
9040,Texas,32.397619,-97.64994,False,False,157.0,"(199, 52, 119)"
9041,Texas,32.6058765,-97.0520288,False,False,157.0,"(199, 52, 119)"
9042,Texas,32.698349,-96.991545,False,False,157.0,"(199, 52, 119)"
9043,Texas,,,False,False,157.0,"(199, 52, 119)"
9044,Texas,32.7605037,-97.0037022,False,False,157.0,"(199, 52, 119)"
9045,Texas,32.9847426,-97.0874964,False,False,157.0,"(199, 52, 119)"
9046,Texas,32.9429222,-97.0855764,False,False,157.0,"(199, 52, 119)"
9047,Texas,33.6356618,-96.6088805,False,False,157.0,"(199, 52, 119)"
9048,Texas,32.5007037,-94.7404891,True,False,157.0,"(199, 52, 119)"
9049,Texas,26.213408,-97.6756125,False,False,157.0,"(199, 52, 119)"
9050,Texas,32.8096157,-97.2694286,False,False,157.0,"(199, 52, 119)"
9051,Texas,32.8187561,-97.27439,False,False,157.0,"(199, 52, 119)"
9052,Texas,31.69870079999999,-98.1227746,True,False,157.0,"(199, 52, 119)"
9053,Texas,32.9490989,-97.3395514,False,False,157.0,"(199, 52, 119)"
9054,Texas,26.4461665,-98.0156769,False,False,157.0,"(199, 52, 119)"
9055,Texas,31.0913184,-97.6578628,True,False,157.0,"(199, 52, 119)"
9056,Texas,26.2523089,-97.7308918,False,False,157.0,"(199, 52, 119)"
9057,Texas,26.1631512,-97.6722054,False,False,157.0,"(199, 52, 119)"
9058,Texas,26.215314,-97.6826577,False,False,157.0,"(199, 52, 119)"
9059,Texas,26.2171859,-97.7110313,False,False,157.0,"(199, 52, 119)"
9060,Texas,29.563636,-98.6502835,False,False,157.0,"(199, 52, 119)"
9061,Texas,32.1491471,-94.7992971,False,False,157.0,"(199, 52, 119)"
9062,Texas,32.0009378,-102.16275,False,False,157.0,"(199, 52, 119)"
9063,Texas,26.0976582,-98.2530712,False,False,157.0,"(199, 52, 119)"
9064,Texas,26.2159066,-98.3252932,False,False,157.0,"(199, 52, 119)"
9065,Texas,,,False,False,157.0,"(199, 52, 119)"
9066,Texas,32.008191,-97.1275252,False,False,157.0,"(199, 52, 119)"
9067,Texas,29.7808935,-95.1631708,True,False,157.0,"(199, 52, 119)"
9068,Texas,32.0125419,-97.1260583,False,False,157.0,"(199, 52, 119)"
9069,Texas,30.0578156,-95.9099981,True,False,157.0,"(199, 52, 119)"
9070,Texas,29.7799559,-95.5613638,True,False,157.0,"(199, 52, 119)"
9071,Texas,29.731909,-95.331051,False,False,157.0,"(199, 52, 119)"
9072,Texas,29.7057858,-95.4588299,True,False,157.0,"(199, 52, 119)"
9073,Texas,29.8484362,-95.2093505,True,False,157.0,"(199, 52, 119)"
9074,Texas,29.9196714,-95.3571646,False,False,157.0,"(199, 52, 119)"
9075,Texas,29.8468251,-95.4963837,False,False,157.0,"(199, 52, 119)"
9076,Texas,29.8922279,-95.7200616,True,False,157.0,"(199, 52, 119)"
9077,Texas,29.7419492,-95.2998776,True,False,157.0,"(199, 52, 119)"
9078,Texas,29.714783,-95.4575821,True,False,157.0,"(199, 52, 119)"
9079,Texas,29.7611259,-95.3674576,False,False,157.0,"(199, 52, 119)"
9080,Texas,29.6666324,-95.4550117,True,False,157.0,"(199, 52, 119)"
9081,Texas,29.698457,-95.29491,False,False,157.0,"(199, 52, 119)"
9082,Texas,29.7895313,-95.3860209,False,False,157.0,"(199, 52, 119)"
9083,Texas,29.73451279999999,-95.325609,True,False,157.0,"(199, 52, 119)"
9084,Texas,29.7687673,-95.3679963,False,False,157.0,"(199, 52, 119)"
9085,Texas,29.6878656,-95.5096447,True,False,157.0,"(199, 52, 119)"
9086,Texas,30.061196,-95.478701,False,False,157.0,"(199, 52, 119)"
9087,Texas,29.7631165,-95.3618493,False,False,157.0,"(199, 52, 119)"
9088,Texas,29.8574021,-95.3295771,False,False,157.0,"(199, 52, 119)"
9089,Texas,29.7107917,-95.2774671,True,False,157.0,"(199, 52, 119)"
9090,Texas,29.8111886,-95.1742381,True,False,157.0,"(199, 52, 119)"
9091,Texas,29.7684808,-95.642305,True,False,157.0,"(199, 52, 119)"
9092,Texas,29.8507214,-95.6897927,True,False,157.0,"(199, 52, 119)"
9093,Texas,29.7023832,-95.413962,False,False,157.0,"(199, 52, 119)"
9094,Texas,29.4482889,-98.1886208,True,False,157.0,"(199, 52, 119)"
9095,Texas,29.813318,-95.631177,True,False,157.0,"(199, 52, 119)"
9096,Texas,29.7729614,-95.4062049,False,False,157.0,"(199, 52, 119)"
9097,Texas,29.506251,-95.343843,True,False,157.0,"(199, 52, 119)"
9098,Texas,29.4250145,-98.4780862,False,False,157.0,"(199, 52, 119)"
9099,Texas,32.7826585,-96.8075636,False,False,157.0,"(199, 52, 119)"
9100,Texas,29.7589504,-95.3691522,False,False,157.0,"(199, 52, 119)"
9101,Texas,29.7751513,-95.3764852,False,False,157.0,"(199, 52, 119)"
9102,Texas,29.7957095,-95.4945914,True,False,157.0,"(199, 52, 119)"
9103,Texas,31.3555195,-94.8439619,True,False,157.0,"(199, 52, 119)"
9104,Texas,,,False,False,157.0,"(199, 52, 119)"
9105,Texas,30.001903,-95.2663515,False,False,157.0,"(199, 52, 119)"
9106,Texas,,,False,False,157.0,"(199, 52, 119)"
9107,Texas,30.003478,-95.2777361,False,False,157.0,"(199, 52, 119)"
9108,Texas,,,False,False,157.0,"(199, 52, 119)"
9109,Texas,30.7271742,-95.5423701,False,False,157.0,"(199, 52, 119)"
9110,Texas,30.7155851,-95.5519693,False,False,157.0,"(199, 52, 119)"
9111,Texas,30.7217818,-95.5465364,False,False,157.0,"(199, 52, 119)"
9112,Texas,32.822055,-97.161779,True,False,157.0,"(199, 52, 119)"
9113,Texas,32.6431729,-96.6751725,False,False,157.0,"(199, 52, 119)"
9114,Texas,30.5474058,-97.5481007,False,False,157.0,"(199, 52, 119)"
9115,Texas,30.4630015,-97.565301,False,False,157.0,"(199, 52, 119)"
9116,Texas,,,False,False,157.0,"(199, 52, 119)"
9117,Texas,32.8344477,-96.9779778,False,False,157.0,"(199, 52, 119)"
9118,Texas,32.8067036,-96.9375563,False,False,157.0,"(199, 52, 119)"
9119,Texas,31.9701358,-95.2926095,True,False,157.0,"(199, 52, 119)"
9120,Texas,32.0545728,-95.342847,True,False,157.0,"(199, 52, 119)"
9121,Texas,31.9550499,-95.27713740000002,True,False,157.0,"(199, 52, 119)"
9122,Texas,32.7559985,-94.345568,True,False,157.0,"(199, 52, 119)"
9123,Texas,32.7559692,-94.3448478,True,False,157.0,"(199, 52, 119)"
9124,Texas,30.4954748,-97.9233468,True,False,157.0,"(199, 52, 119)"
9125,Texas,29.7994556,-95.8390102,True,False,157.0,"(199, 52, 119)"
9126,Texas,32.9296991,-97.227137,False,False,157.0,"(199, 52, 119)"
9127,Texas,,,False,False,157.0,"(199, 52, 119)"
9128,Texas,30.0581905,-99.1631314,True,False,157.0,"(199, 52, 119)"
9129,Texas,30.0316696,-99.1293846,True,False,157.0,"(199, 52, 119)"
9130,Texas,30.0372837,-99.1091907,True,False,157.0,"(199, 52, 119)"
9131,Texas,30.06596519999999,-99.1169015,True,False,157.0,"(199, 52, 119)"
9132,Texas,30.06596519999999,-99.1169015,True,False,157.0,"(199, 52, 119)"
9133,Texas,32.4015742,-94.829024,False,False,157.0,"(199, 52, 119)"
9134,Texas,32.3777399,-94.8719078,False,False,157.0,"(199, 52, 119)"
9135,Texas,31.8442934,-94.7880413,False,False,157.0,"(199, 52, 119)"
9136,Texas,32.4548697,-94.8763135,False,False,157.0,"(199, 52, 119)"
9137,Texas,41.1130475,-100.7618299,False,False,157.0,"(199, 52, 119)"
9138,Texas,30.4948856,-97.6542152,False,False,157.0,"(199, 52, 119)"
9139,Texas,27.5163256,-97.8435736,False,False,157.0,"(199, 52, 119)"
9140,Texas,27.5241654,-97.8786094,False,False,157.0,"(199, 52, 119)"
9141,Texas,30.624139,-96.3304465,False,False,157.0,"(199, 52, 119)"
9142,Texas,30.624139,-96.3304465,False,False,157.0,"(199, 52, 119)"
9143,Texas,30.624139,-96.3304465,False,False,157.0,"(199, 52, 119)"
9144,Texas,27.5257665,-97.8849594,False,False,157.0,"(199, 52, 119)"
9145,Texas,26.1525757,-97.8266633,False,False,157.0,"(199, 52, 119)"
9146,Texas,26.2534517,-98.4728944,False,False,157.0,"(199, 52, 119)"
9147,Texas,26.24664,-98.469543,False,False,157.0,"(199, 52, 119)"
9148,Texas,29.0369147,-95.4479663,True,False,157.0,"(199, 52, 119)"
9149,Texas,31.0559814,-98.1763646,False,False,157.0,"(199, 52, 119)"
9150,Texas,29.3759054,-94.9940578,True,False,157.0,"(199, 52, 119)"
9151,Texas,29.75628249999999,-95.089709,False,False,157.0,"(199, 52, 119)"
9152,Texas,27.535793,-99.4899314,False,False,157.0,"(199, 52, 119)"
9153,Texas,27.4301762,-99.4573655,False,False,157.0,"(199, 52, 119)"
9154,Texas,27.5533362,-99.498313,False,False,157.0,"(199, 52, 119)"
9155,Texas,27.5493305,-99.4981512,False,False,157.0,"(199, 52, 119)"
9156,Texas,27.4725036,-99.4698811,False,False,157.0,"(199, 52, 119)"
9157,Texas,27.5635563,-99.4733825,False,False,157.0,"(199, 52, 119)"
9158,Texas,27.5213193,-99.5053206,False,False,157.0,"(199, 52, 119)"
9159,Texas,27.5085423,-99.5197036,False,False,157.0,"(199, 52, 119)"
9160,Texas,27.5081021,-99.5103637,False,False,157.0,"(199, 52, 119)"
9161,Texas,34.67665849999999,-82.8223847,False,False,157.0,"(199, 52, 119)"
9162,Texas,27.5067031,-99.5083667,False,False,157.0,"(199, 52, 119)"
9163,Texas,27.5200679,-99.4905224,False,False,157.0,"(199, 52, 119)"
9164,Texas,27.506117,-99.483037,False,False,157.0,"(199, 52, 119)"
9165,Texas,,,False,False,157.0,"(199, 52, 119)"
9166,Texas,27.501921,-99.5062168,False,False,157.0,"(199, 52, 119)"
9167,Texas,27.5291065,-99.4425289,False,False,157.0,"(199, 52, 119)"
9168,Texas,27.5018194,-99.5116101,False,False,157.0,"(199, 52, 119)"
9169,Texas,27.5741424,-99.4746547,False,False,157.0,"(199, 52, 119)"
9170,Texas,27.5101805,-99.5012044,False,False,157.0,"(199, 52, 119)"
9171,Texas,27.5177042,-99.505444,False,False,157.0,"(199, 52, 119)"
9172,Texas,27.513698,-99.4943892,False,False,157.0,"(199, 52, 119)"
9173,Texas,27.5324877,-99.47798120000002,False,False,157.0,"(199, 52, 119)"
9174,Texas,27.5248882,-99.4752178,False,False,157.0,"(199, 52, 119)"
9175,Texas,27.50979,-99.488122,False,False,157.0,"(199, 52, 119)"
9176,Texas,27.5392135,-99.4706567,False,False,157.0,"(199, 52, 119)"
9177,Texas,27.5012261,-99.5131271,False,False,157.0,"(199, 52, 119)"
9178,Texas,27.5305671,-99.4803241,False,False,157.0,"(199, 52, 119)"
9179,Texas,27.514611,-99.507695,False,False,157.0,"(199, 52, 119)"
9180,Texas,27.6260407,-99.4654905,False,False,157.0,"(199, 52, 119)"
9181,Texas,27.5731363,-99.47925,False,False,157.0,"(199, 52, 119)"
9182,Texas,27.5222667,-99.4751799,False,False,157.0,"(199, 52, 119)"
9183,Texas,27.5324842,-99.483941,False,False,157.0,"(199, 52, 119)"
9184,Texas,,,False,False,157.0,"(199, 52, 119)"
9185,Texas,29.5534623,-95.0827588,True,False,157.0,"(199, 52, 119)"
9186,Texas,,,False,False,157.0,"(199, 52, 119)"
9187,Texas,32.5083229,-95.4035451,False,False,157.0,"(199, 52, 119)"
9188,Texas,,,False,False,157.0,"(199, 52, 119)"
9189,Texas,29.884354,-97.6718607,True,False,157.0,"(199, 52, 119)"
9190,Texas,28.81956959999999,-96.6172592,False,False,157.0,"(199, 52, 119)"
9191,Texas,32.9151533,-102.4163505,False,False,157.0,"(199, 52, 119)"
9192,Texas,26.0767044,-97.5005949,False,False,157.0,"(199, 52, 119)"
9193,Texas,33.5844575,-101.8558954,False,False,157.0,"(199, 52, 119)"
9194,Texas,33.5657426,-101.8542132,False,False,157.0,"(199, 52, 119)"
9195,Texas,33.5842591,-101.8782822,False,False,157.0,"(199, 52, 119)"
9196,Texas,33.5842591,-101.8782822,False,False,157.0,"(199, 52, 119)"
9197,Texas,33.5842591,-101.8782822,False,False,157.0,"(199, 52, 119)"
9198,Texas,33.5842591,-101.8782822,False,False,157.0,"(199, 52, 119)"
9199,Texas,33.5842591,-101.8782822,False,False,157.0,"(199, 52, 119)"
9200,Texas,33.5842591,-101.8782822,False,False,157.0,"(199, 52, 119)"
9201,Texas,29.6914692,-97.6986336,True,False,157.0,"(199, 52, 119)"
9202,Texas,29.673084,-97.654459,True,False,157.0,"(199, 52, 119)"
9203,Texas,32.4703916,-101.4651283,False,False,157.0,"(199, 52, 119)"
9204,Texas,26.3715964,-97.8135321,False,False,157.0,"(199, 52, 119)"
9205,Tennessee,36.5910671,-87.0547466,False,False,188.0,"(205, 109, 140)"
9206,Tennessee,35.7802412,-83.96522759999999,False,False,188.0,"(205, 109, 140)"
9207,Tennessee,36.3624977,-88.12997279999999,False,False,188.0,"(205, 109, 140)"
9208,Tennessee,35.445317,-84.594427,False,False,188.0,"(205, 109, 140)"
9209,Tennessee,35.4076913,-89.79872259999999,False,False,188.0,"(205, 109, 140)"
9210,Tennessee,36.2282401,-88.0860275,False,False,188.0,"(205, 109, 140)"
9211,Tennessee,36.5617974,-82.56635229999999,False,False,188.0,"(205, 109, 140)"
9212,Tennessee,,,False,False,188.0,"(205, 109, 140)"
9213,Tennessee,,,False,False,188.0,"(205, 109, 140)"
9214,Tennessee,36.505472,-82.2089146,False,False,188.0,"(205, 109, 140)"
9215,Tennessee,36.5251812,-82.18516780000002,False,False,188.0,"(205, 109, 140)"
9216,Tennessee,36.305687,-84.23154300000002,False,False,188.0,"(205, 109, 140)"
9217,Tennessee,36.305687,-84.23154300000002,False,False,188.0,"(205, 109, 140)"
9218,Tennessee,36.439387,-86.831367,False,False,188.0,"(205, 109, 140)"
9219,Tennessee,35.0589818,-85.2411,False,False,188.0,"(205, 109, 140)"
9220,Tennessee,35.0459702,-85.31106109999999,False,False,188.0,"(205, 109, 140)"
9221,Tennessee,36.4400229,-82.21325,False,False,188.0,"(205, 109, 140)"
9222,Tennessee,36.4619321,-82.5453964,False,False,188.0,"(205, 109, 140)"
9223,Tennessee,35.8577112,-88.47832509999999,False,False,188.0,"(205, 109, 140)"
9224,Tennessee,,,False,False,188.0,"(205, 109, 140)"
9225,Tennessee,36.53498,-87.3548855,False,False,188.0,"(205, 109, 140)"
9226,Tennessee,36.53498,-87.3548855,False,False,188.0,"(205, 109, 140)"
9227,Tennessee,36.581584,-87.26960629999999,False,False,188.0,"(205, 109, 140)"
9228,Tennessee,36.43877,-87.48810499999999,False,False,188.0,"(205, 109, 140)"
9229,Tennessee,36.5345241,-87.3640714,False,False,188.0,"(205, 109, 140)"
9230,Tennessee,35.1782223,-84.9016382,False,False,188.0,"(205, 109, 140)"
9231,Tennessee,,,False,False,188.0,"(205, 109, 140)"
9232,Tennessee,35.1683865,-87.728313,False,False,188.0,"(205, 109, 140)"
9233,Tennessee,35.4231307,-86.93194799999999,False,False,188.0,"(205, 109, 140)"
9234,Tennessee,35.6042277,-87.03048419999999,False,False,188.0,"(205, 109, 140)"
9235,Tennessee,,,False,False,188.0,"(205, 109, 140)"
9236,Tennessee,35.1880861,-89.8124546,False,False,188.0,"(205, 109, 140)"
9237,Tennessee,36.2170479,-85.77661800000001,False,False,188.0,"(205, 109, 140)"
9238,Tennessee,36.4046396,-86.34214879999999,False,False,188.0,"(205, 109, 140)"
9239,Tennessee,36.4046396,-86.34214879999999,False,False,188.0,"(205, 109, 140)"
9240,Tennessee,,,False,False,188.0,"(205, 109, 140)"
9241,Tennessee,35.9781226,-83.4831756,False,False,188.0,"(205, 109, 140)"
9242,Tennessee,35.2229676,-86.1011733,False,False,188.0,"(205, 109, 140)"
9243,Tennessee,36.4953082,-87.85695249999999,False,False,188.0,"(205, 109, 140)"
9244,Tennessee,36.4953082,-87.85695249999999,False,False,188.0,"(205, 109, 140)"
9245,Tennessee,36.4953082,-87.85695249999999,False,False,188.0,"(205, 109, 140)"
9246,Tennessee,36.487224,-87.83981399999999,False,False,188.0,"(205, 109, 140)"
9247,Tennessee,,,False,False,188.0,"(205, 109, 140)"
9248,Tennessee,36.0331276,-89.3533301,False,False,188.0,"(205, 109, 140)"
9249,Tennessee,,,False,False,188.0,"(205, 109, 140)"
9250,Tennessee,36.3543648,-82.154065,False,False,188.0,"(205, 109, 140)"
9251,Tennessee,,,False,False,188.0,"(205, 109, 140)"
9252,Tennessee,35.7835883,-86.56964570000001,False,False,188.0,"(205, 109, 140)"
9253,Tennessee,35.3770063,-84.5030444,False,False,188.0,"(205, 109, 140)"
9254,Tennessee,35.3272064,-84.53407849999999,False,False,188.0,"(205, 109, 140)"
9255,Tennessee,35.0594606,-86.4133531,False,False,188.0,"(205, 109, 140)"
9256,Tennessee,35.06258589999999,-86.42026050000001,False,False,188.0,"(205, 109, 140)"
9257,Tennessee,35.903931,-86.85828900000001,False,False,188.0,"(205, 109, 140)"
9258,Tennessee,35.903931,-86.85828900000001,False,False,188.0,"(205, 109, 140)"
9259,Tennessee,35.91705,-86.873435,False,False,188.0,"(205, 109, 140)"
9260,Tennessee,35.903931,-86.85828900000001,False,False,188.0,"(205, 109, 140)"
9261,Tennessee,36.3892147,-86.4475739,False,False,188.0,"(205, 109, 140)"
9262,Tennessee,35.7247961,-83.4845656,False,False,188.0,"(205, 109, 140)"
9263,Tennessee,35.7061704,-83.5179642,False,False,188.0,"(205, 109, 140)"
9264,Tennessee,35.7061704,-83.5179642,False,False,188.0,"(205, 109, 140)"
9265,Tennessee,35.7061704,-83.5179642,False,False,188.0,"(205, 109, 140)"
9266,Tennessee,35.6542611,-83.43682670000001,False,False,188.0,"(205, 109, 140)"
9267,Tennessee,35.7124971,-83.5182234,False,False,188.0,"(205, 109, 140)"
9268,Tennessee,35.7121301,-83.5165368,False,False,188.0,"(205, 109, 140)"
9269,Tennessee,35.457417,-85.1171169,False,False,188.0,"(205, 109, 140)"
9270,Tennessee,,,False,False,188.0,"(205, 109, 140)"
9271,Tennessee,36.1710001,-82.798816,False,False,188.0,"(205, 109, 140)"
9272,Tennessee,36.1723296,-82.7607956,False,False,188.0,"(205, 109, 140)"
9273,Tennessee,36.1723296,-82.7607956,False,False,188.0,"(205, 109, 140)"
9274,Tennessee,36.1723296,-82.7607956,False,False,188.0,"(205, 109, 140)"
9275,Tennessee,35.918561,-84.5169702,False,False,188.0,"(205, 109, 140)"
9276,Tennessee,35.918561,-84.5169702,False,False,188.0,"(205, 109, 140)"
9277,Tennessee,35.1860446,-85.11007420000001,False,False,188.0,"(205, 109, 140)"
9278,Tennessee,36.576972,-83.66076009999999,False,False,188.0,"(205, 109, 140)"
9279,Tennessee,36.576972,-83.66076009999999,False,False,188.0,"(205, 109, 140)"
9280,Tennessee,36.576972,-83.66076009999999,False,False,188.0,"(205, 109, 140)"
9281,Tennessee,36.3057995,-86.60538609999999,False,False,188.0,"(205, 109, 140)"
9282,Tennessee,36.30335050000001,-86.6054698,False,False,188.0,"(205, 109, 140)"
9283,Tennessee,36.3233562,-86.56455199999999,False,False,188.0,"(205, 109, 140)"
9284,Tennessee,,,False,False,188.0,"(205, 109, 140)"
9285,Tennessee,36.2492237,-88.1530946,False,False,188.0,"(205, 109, 140)"
9286,Tennessee,35.1150543,-89.2157278,False,False,188.0,"(205, 109, 140)"
9287,Tennessee,36.0055757,-88.3819255,False,False,188.0,"(205, 109, 140)"
9288,Tennessee,35.9761585,-87.76702709999999,False,False,188.0,"(205, 109, 140)"
9289,Tennessee,35.9761585,-87.76702709999999,False,False,188.0,"(205, 109, 140)"
9290,Tennessee,35.0752334,-85.58729240000001,False,False,188.0,"(205, 109, 140)"
9291,Tennessee,36.1416896,-83.46460569999999,False,False,188.0,"(205, 109, 140)"
9292,Tennessee,36.127909,-83.483222,False,False,188.0,"(205, 109, 140)"
9293,Tennessee,38.590277,-92.252507,False,False,188.0,"(205, 109, 140)"
9294,Tennessee,36.0512446,-83.4671893,False,False,188.0,"(205, 109, 140)"
9295,Tennessee,36.1094069,-83.51251250000001,False,False,188.0,"(205, 109, 140)"
9296,Tennessee,36.5897858,-84.12630209999999,False,False,188.0,"(205, 109, 140)"
9297,Tennessee,36.3025374,-82.3701933,False,False,188.0,"(205, 109, 140)"
9298,Tennessee,36.3025374,-82.3701933,False,False,188.0,"(205, 109, 140)"
9299,Tennessee,36.3025374,-82.3701933,False,False,188.0,"(205, 109, 140)"
9300,Tennessee,36.3025374,-82.3701933,False,False,188.0,"(205, 109, 140)"
9301,Tennessee,36.27662189999999,-82.3118616,False,False,188.0,"(205, 109, 140)"
9302,Tennessee,,,False,False,188.0,"(205, 109, 140)"
9303,Tennessee,36.4745636,-81.80483799999999,False,False,188.0,"(205, 109, 140)"
9304,Tennessee,,,False,False,188.0,"(205, 109, 140)"
9305,Tennessee,35.1069615,-86.45513,False,False,188.0,"(205, 109, 140)"
9306,Tennessee,36.5864578,-82.46791999999999,False,False,188.0,"(205, 109, 140)"
9307,Tennessee,36.582607,-82.48602389999999,False,False,188.0,"(205, 109, 140)"
9308,Tennessee,36.5520812,-82.6003678,False,False,188.0,"(205, 109, 140)"
9309,Tennessee,36.5487071,-82.6164434,False,False,188.0,"(205, 109, 140)"
9310,Tennessee,36.5805009,-82.6264221,False,False,188.0,"(205, 109, 140)"
9311,Tennessee,35.9122186,-84.0818553,False,False,188.0,"(205, 109, 140)"
9312,Tennessee,35.9623478,-83.9170961,False,False,188.0,"(205, 109, 140)"
9313,Tennessee,36.0607055,-83.8930431,False,False,188.0,"(205, 109, 140)"
9314,Tennessee,35.9189211,-83.9945661,False,False,188.0,"(205, 109, 140)"
9315,Tennessee,35.9061037,-84.07063339999999,False,False,188.0,"(205, 109, 140)"
9316,Tennessee,35.97404,-83.925887,False,False,188.0,"(205, 109, 140)"
9317,Tennessee,35.9544013,-83.92945639999999,False,False,188.0,"(205, 109, 140)"
9318,Tennessee,36.3587182,-83.9983197,False,False,188.0,"(205, 109, 140)"
9319,Tennessee,,,False,False,188.0,"(205, 109, 140)"
9320,Tennessee,36.0427571,-86.4851233,False,False,188.0,"(205, 109, 140)"
9321,Tennessee,36.2042605,-86.2994004,False,False,188.0,"(205, 109, 140)"
9322,Tennessee,36.2042605,-86.2994004,False,False,188.0,"(205, 109, 140)"
9323,Tennessee,35.506524,-86.7477861,False,False,188.0,"(205, 109, 140)"
9324,Tennessee,36.3863945,-85.4261923,False,False,188.0,"(205, 109, 140)"
9325,Tennessee,35.500225,-86.084544,False,False,188.0,"(205, 109, 140)"
9326,Tennessee,35.4295786,-86.1077219,False,False,188.0,"(205, 109, 140)"
9327,Tennessee,36.3419358,-88.8644041,False,False,188.0,"(205, 109, 140)"
9328,Tennessee,35.6772371,-84.00505009999999,False,False,188.0,"(205, 109, 140)"
9329,Tennessee,35.7514166,-83.96416339999999,False,False,188.0,"(205, 109, 140)"
9330,Tennessee,35.8043953,-83.8688385,False,False,188.0,"(205, 109, 140)"
9331,Tennessee,35.4557738,-89.51792449999999,False,False,188.0,"(205, 109, 140)"
9332,Tennessee,35.2372734,-88.56636209999999,False,False,188.0,"(205, 109, 140)"
9333,Tennessee,,,False,False,188.0,"(205, 109, 140)"
9334,Tennessee,35.8169892,-88.7498896,False,False,188.0,"(205, 109, 140)"
9335,Tennessee,35.0291702,-90.0350358,False,False,188.0,"(205, 109, 140)"
9336,Tennessee,35.2474092,-89.92717429999999,False,False,188.0,"(205, 109, 140)"
9337,Tennessee,35.1189238,-89.9908614,False,False,188.0,"(205, 109, 140)"
9338,Tennessee,35.1233856,-90.0741641,False,False,188.0,"(205, 109, 140)"
9339,Tennessee,35.1545514,-90.04287579999999,False,False,188.0,"(205, 109, 140)"
9340,Tennessee,35.1461904,-89.988516,False,False,188.0,"(205, 109, 140)"
9341,Tennessee,35.1288553,-89.8593899,False,False,188.0,"(205, 109, 140)"
9342,Tennessee,35.14012719999999,-90.05503929999999,False,False,188.0,"(205, 109, 140)"
9343,Tennessee,35.118741,-89.937141,False,False,188.0,"(205, 109, 140)"
9344,Tennessee,35.118741,-89.937141,False,False,188.0,"(205, 109, 140)"
9345,Tennessee,35.1449246,-90.03782319999999,False,False,188.0,"(205, 109, 140)"
9346,Tennessee,,,False,False,188.0,"(205, 109, 140)"
9347,Tennessee,35.3455944,-89.89802739999999,False,False,188.0,"(205, 109, 140)"
9348,Tennessee,35.3491525,-89.9519244,False,False,188.0,"(205, 109, 140)"
9349,Tennessee,,,False,False,188.0,"(205, 109, 140)"
9350,Tennessee,36.141346,-86.81845299999999,False,False,188.0,"(205, 109, 140)"
9351,Tennessee,36.2475937,-83.2279463,False,False,188.0,"(205, 109, 140)"
9352,Tennessee,35.8771781,-86.4353295,False,False,188.0,"(205, 109, 140)"
9353,Tennessee,36.1328981,-86.7940699,False,False,188.0,"(205, 109, 140)"
9354,Tennessee,36.13985,-86.819887,False,False,188.0,"(205, 109, 140)"
9355,Tennessee,36.2218581,-86.7623381,False,False,188.0,"(205, 109, 140)"
9356,Tennessee,36.1702819,-86.67279189999999,False,False,188.0,"(205, 109, 140)"
9357,Tennessee,,,False,False,188.0,"(205, 109, 140)"
9358,Tennessee,36.2150124,-86.61294939999999,False,False,188.0,"(205, 109, 140)"
9359,Tennessee,36.25620019999999,-86.7143516,False,False,188.0,"(205, 109, 140)"
9360,Tennessee,36.1643285,-86.7781688,False,False,188.0,"(205, 109, 140)"
9361,Tennessee,36.21144140000001,-86.6944992,False,False,188.0,"(205, 109, 140)"
9362,Tennessee,36.21144140000001,-86.6944992,False,False,188.0,"(205, 109, 140)"
9363,Tennessee,36.1897728,-86.6775243,False,False,188.0,"(205, 109, 140)"
9364,Tennessee,,,False,False,188.0,"(205, 109, 140)"
9365,Tennessee,,,False,False,188.0,"(205, 109, 140)"
9366,Tennessee,35.9674777,-83.19307549999999,False,False,188.0,"(205, 109, 140)"
9367,Tennessee,35.0915726,-85.3019047,False,False,188.0,"(205, 109, 140)"
9368,Tennessee,36.0288982,-84.2419372,False,False,188.0,"(205, 109, 140)"
9369,Tennessee,35.8909417,-84.41635819999999,False,False,188.0,"(205, 109, 140)"
9370,Tennessee,35.9384103,-84.372427,False,False,188.0,"(205, 109, 140)"
9371,Tennessee,36.008488,-84.323236,False,False,188.0,"(205, 109, 140)"
9372,Tennessee,36.0437878,-84.3387668,False,False,188.0,"(205, 109, 140)"
9373,Tennessee,35.0869466,-85.0705661,False,False,188.0,"(205, 109, 140)"
9374,Tennessee,36.3020023,-88.32671069999999,False,False,188.0,"(205, 109, 140)"
9375,Tennessee,35.779649,-83.546905,False,False,188.0,"(205, 109, 140)"
9376,Tennessee,35.6567076,-85.2150585,False,False,188.0,"(205, 109, 140)"
9377,Tennessee,36.0284134,-84.0726919,False,False,188.0,"(205, 109, 140)"
9378,Tennessee,,,False,False,188.0,"(205, 109, 140)"
9379,Tennessee,35.2306489,-88.5403662,False,False,188.0,"(205, 109, 140)"
9380,Tennessee,36.0445222,-84.34437179999999,False,False,188.0,"(205, 109, 140)"
9381,Tennessee,36.3805359,-84.88649509999999,False,False,188.0,"(205, 109, 140)"
9382,Tennessee,36.3603531,-84.70077599999999,False,False,188.0,"(205, 109, 140)"
9383,Tennessee,36.4709004,-84.6513846,False,False,188.0,"(205, 109, 140)"
9384,Tennessee,36.3555422,-84.7187807,False,False,188.0,"(205, 109, 140)"
9385,Tennessee,36.3587318,-84.69714019999999,False,False,188.0,"(205, 109, 140)"
9386,Tennessee,,,False,False,188.0,"(205, 109, 140)"
9387,Tennessee,36.253143,-83.207672,False,False,188.0,"(205, 109, 140)"
9388,Tennessee,35.4057389,-85.0798751,False,False,188.0,"(205, 109, 140)"
9389,Tennessee,35.7483973,-88.33155570000001,False,False,188.0,"(205, 109, 140)"
9390,Tennessee,36.5043495,-84.51539489999999,False,False,188.0,"(205, 109, 140)"
9391,Tennessee,,,False,False,188.0,"(205, 109, 140)"
9392,Tennessee,35.8172613,-83.57882099999999,False,False,188.0,"(205, 109, 140)"
9393,Tennessee,,,False,False,188.0,"(205, 109, 140)"
9394,Tennessee,35.2413536,-85.8269754,False,False,188.0,"(205, 109, 140)"
9395,Tennessee,35.20518,-85.91766059999999,False,False,188.0,"(205, 109, 140)"
9396,Tennessee,35.20518,-85.91766059999999,False,False,188.0,"(205, 109, 140)"
9397,Tennessee,35.20518,-85.91766059999999,False,False,188.0,"(205, 109, 140)"
9398,Tennessee,35.335591,-90.0529372,False,False,188.0,"(205, 109, 140)"
9399,Tennessee,35.4820557,-86.4112865,False,False,188.0,"(205, 109, 140)"
9400,Tennessee,35.1513467,-88.3223333,False,False,188.0,"(205, 109, 140)"
9401,Tennessee,35.142937,-88.3408499,False,False,188.0,"(205, 109, 140)"
9402,Tennessee,35.142937,-88.3408499,False,False,188.0,"(205, 109, 140)"
9403,Tennessee,35.1703488,-85.3007927,False,False,188.0,"(205, 109, 140)"
9404,Tennessee,35.144105,-85.3326823,False,False,188.0,"(205, 109, 140)"
9405,Tennessee,36.3832809,-85.845315,False,False,188.0,"(205, 109, 140)"
9406,Tennessee,36.0427571,-86.4851233,False,False,188.0,"(205, 109, 140)"
9407,Tennessee,35.0121139,-85.7096229,False,False,188.0,"(205, 109, 140)"
9408,Tennessee,36.5817089,-86.5163833,False,False,188.0,"(205, 109, 140)"
9409,Tennessee,36.3877813,-84.62943469999999,False,False,188.0,"(205, 109, 140)"
9410,Tennessee,36.3047735,-86.6199957,False,False,188.0,"(205, 109, 140)"
9411,Tennessee,36.495202,-82.82416099999999,False,False,188.0,"(205, 109, 140)"
9412,Tennessee,35.5356294,-84.43103839999999,False,False,188.0,"(205, 109, 140)"
9413,Tennessee,36.3776881,-89.47488229999999,False,False,188.0,"(205, 109, 140)"
9414,Tennessee,35.8654854,-86.6883893,False,False,188.0,"(205, 109, 140)"
9415,Tennessee,35.3841517,-86.23470429999999,False,False,188.0,"(205, 109, 140)"
9416,Tennessee,,,False,False,188.0,"(205, 109, 140)"
9417,Tennessee,36.1488868,-82.39622709999999,False,False,188.0,"(205, 109, 140)"
9418,Tennessee,36.2496269,-83.79912360000002,False,False,188.0,"(205, 109, 140)"
9419,Tennessee,36.2467684,-83.80772859999999,False,False,188.0,"(205, 109, 140)"
9420,Tennessee,36.0713716,-84.52204569999999,False,False,188.0,"(205, 109, 140)"
9421,Tennessee,35.5273493,-86.3344315,False,False,188.0,"(205, 109, 140)"
9422,Tennessee,36.3067013,-83.6120457,False,False,188.0,"(205, 109, 140)"
9423,Tennessee,36.1673665,-82.474768,False,False,188.0,"(205, 109, 140)"
9424,Tennessee,36.3060288,-82.36022299999999,False,False,188.0,"(205, 109, 140)"
9425,Tennessee,,,False,False,188.0,"(205, 109, 140)"
9426,Florida,29.8051149,-82.47696789999999,False,False,206.0,"(193, 143, 150)"
9427,Florida,30.6676799,-81.4638428,False,False,206.0,"(193, 143, 150)"
9428,Florida,27.5138368,-82.7236349,False,False,206.0,"(193, 143, 150)"
9429,Florida,29.7260486,-84.98358549999999,False,False,206.0,"(193, 143, 150)"
9430,Florida,28.6909276,-81.5489144,False,False,206.0,"(193, 143, 150)"
9431,Florida,37.3923486,-80.4547795,False,False,206.0,"(193, 143, 150)"
9432,Florida,,,False,False,206.0,"(193, 143, 150)"
9433,Florida,29.122027,-81.510986,False,False,206.0,"(193, 143, 150)"
9434,Florida,28.0212846,-81.69261019999999,False,False,206.0,"(193, 143, 150)"
9435,Florida,28.0689488,-81.7934701,False,False,206.0,"(193, 143, 150)"
9436,Florida,27.8387675,-81.5332103,False,False,206.0,"(193, 143, 150)"
9437,Florida,27.8968167,-81.8427846,False,False,206.0,"(193, 143, 150)"
9438,Florida,30.5976461,-87.0405316,False,False,206.0,"(193, 143, 150)"
9439,Florida,27.9438177,-82.8102609,False,False,206.0,"(193, 143, 150)"
9440,Florida,30.4537873,-86.07240159999999,False,False,206.0,"(193, 143, 150)"
9441,Florida,,,False,False,206.0,"(193, 143, 150)"
9442,Florida,26.373528,-80.10221779999999,False,False,206.0,"(193, 143, 150)"
9443,Florida,26.3359116,-80.0711537,False,False,206.0,"(193, 143, 150)"
9444,Florida,26.3618015,-80.07033179999999,False,False,206.0,"(193, 143, 150)"
9445,Florida,27.5912019,-82.0116913,False,False,206.0,"(193, 143, 150)"
9446,Florida,26.524925,-80.0883309,False,False,206.0,"(193, 143, 150)"
9447,Florida,27.4513185,-82.6924095,False,False,206.0,"(193, 143, 150)"
9448,Florida,27.9283046,-82.3112752,False,False,206.0,"(193, 143, 150)"
9449,Florida,28.3180688,-80.6659842,False,False,206.0,"(193, 143, 150)"
9450,Florida,28.555291,-82.386712,False,False,206.0,"(193, 143, 150)"
9451,Florida,28.5559606,-82.3811718,False,False,206.0,"(193, 143, 150)"
9452,Florida,28.5467529,-82.4027071,False,False,206.0,"(193, 143, 150)"
9453,Florida,28.5559606,-82.3811718,False,False,206.0,"(193, 143, 150)"
9454,Florida,28.5553257,-82.3901455,False,False,206.0,"(193, 143, 150)"
9455,Florida,28.5525669,-82.4522671,False,False,206.0,"(193, 143, 150)"
9456,Florida,28.5536247,-82.3815772,False,False,206.0,"(193, 143, 150)"
9457,Florida,28.556025,-82.388119,False,False,206.0,"(193, 143, 150)"
9458,Florida,26.5256487,-82.1907806,False,False,206.0,"(193, 143, 150)"
9459,Florida,25.9543292,-80.2464248,False,False,206.0,"(193, 143, 150)"
9460,Florida,28.9662319,-81.2365633,False,False,206.0,"(193, 143, 150)"
9461,Florida,28.9662794,-81.23697589999999,False,False,206.0,"(193, 143, 150)"
9462,Florida,29.1380525,-83.0275044,False,False,206.0,"(193, 143, 150)"
9463,Florida,29.4331424,-82.9351983,False,False,206.0,"(193, 143, 150)"
9464,Florida,,,False,False,206.0,"(193, 143, 150)"
9465,Florida,,,False,False,206.0,"(193, 143, 150)"
9466,Florida,27.9775301,-82.82708459999999,False,False,206.0,"(193, 143, 150)"
9467,Florida,27.9690613,-82.72061509999999,False,False,206.0,"(193, 143, 150)"
9468,Florida,25.7408089,-80.27867859999999,False,False,206.0,"(193, 143, 150)"
9469,Florida,25.7408089,-80.27867859999999,False,False,206.0,"(193, 143, 150)"
9470,Florida,25.7457846,-80.28113859999999,False,False,206.0,"(193, 143, 150)"
9471,Florida,26.248251,-80.28079699999999,False,False,206.0,"(193, 143, 150)"
9472,Florida,26.2685807,-80.2557415,False,False,206.0,"(193, 143, 150)"
9473,Florida,26.2414005,-80.2491254,False,False,206.0,"(193, 143, 150)"
9474,Florida,30.8165249,-86.62843439999999,False,False,206.0,"(193, 143, 150)"
9475,Florida,30.72362699999999,-86.571092,False,False,206.0,"(193, 143, 150)"
9476,Florida,28.092861,-82.7807816,False,False,206.0,"(193, 143, 150)"
9477,Florida,26.0681177,-80.3943067,False,False,206.0,"(193, 143, 150)"
9478,Florida,26.0902404,-80.2274371,False,False,206.0,"(193, 143, 150)"
9479,Florida,29.238215,-81.02090799999999,False,False,206.0,"(193, 143, 150)"
9480,Florida,28.682014,-81.335663,False,False,206.0,"(193, 143, 150)"
9481,Florida,29.2272529,-81.01177899999999,False,False,206.0,"(193, 143, 150)"
9482,Florida,29.2029603,-81.0307862,False,False,206.0,"(193, 143, 150)"
9483,Florida,,,False,False,206.0,"(193, 143, 150)"
9484,Florida,30.7241761,-86.0940244,False,False,206.0,"(193, 143, 150)"
9485,Florida,28.8870363,-81.16185300000001,False,False,206.0,"(193, 143, 150)"
9486,Florida,29.0772318,-82.41432789999999,False,False,206.0,"(193, 143, 150)"
9487,Florida,30.6253013,-87.0331348,False,False,206.0,"(193, 143, 150)"
9488,Florida,28.8539106,-81.6855638,False,False,206.0,"(193, 143, 150)"
9489,Florida,28.8233087,-81.68714539999999,False,False,206.0,"(193, 143, 150)"
9490,Florida,25.8100279,-81.3624823,False,False,206.0,"(193, 143, 150)"
9491,Florida,30.670071,-81.43463799999999,False,False,206.0,"(193, 143, 150)"
9492,Florida,,,False,False,206.0,"(193, 143, 150)"
9493,Florida,30.6696818,-81.46259189999999,False,False,206.0,"(193, 143, 150)"
9494,Florida,28.772064,-82.29039999999999,False,False,206.0,"(193, 143, 150)"
9495,Florida,,,False,False,206.0,"(193, 143, 150)"
9496,Florida,27.454972,-80.32959799999999,False,False,206.0,"(193, 143, 150)"
9497,Florida,27.4291448,-80.3270118,False,False,206.0,"(193, 143, 150)"
9498,Florida,27.4899201,-80.3422295,True,False,206.0,"(193, 143, 150)"
9499,Florida,27.4249914,-80.3623234,False,False,206.0,"(193, 143, 150)"
9500,Florida,30.4011603,-86.6005531,False,False,206.0,"(193, 143, 150)"
9501,Florida,26.1010797,-80.1234659,False,False,206.0,"(193, 143, 150)"
9502,Florida,26.1195078,-80.1239712,False,False,206.0,"(193, 143, 150)"
9503,Florida,27.6464355,-81.68045839999999,False,False,206.0,"(193, 143, 150)"
9504,Florida,27.4456643,-80.3226658,False,False,206.0,"(193, 143, 150)"
9505,Florida,,,False,False,206.0,"(193, 143, 150)"
9506,Florida,27.4232701,-80.35792409999999,False,False,206.0,"(193, 143, 150)"
9507,Florida,29.5844524,-81.20786989999999,False,False,206.0,"(193, 143, 150)"
9508,Florida,29.6269982,-82.3771459,False,False,206.0,"(193, 143, 150)"
9509,Florida,29.636069,-82.339857,False,False,206.0,"(193, 143, 150)"
9510,Florida,29.7082081,-82.356391,False,False,206.0,"(193, 143, 150)"
9511,Florida,29.6088254,-82.40705410000001,False,False,206.0,"(193, 143, 150)"
9512,Florida,24.5939874,-81.66421509999999,False,False,206.0,"(193, 143, 150)"
9513,Florida,29.6436325,-82.3549302,False,False,206.0,"(193, 143, 150)"
9514,Florida,29.6436325,-82.3549302,False,False,206.0,"(193, 143, 150)"
9515,Florida,29.6516022,-82.31852549999999,False,False,206.0,"(193, 143, 150)"
9516,Florida,29.6436325,-82.3549302,False,False,206.0,"(193, 143, 150)"
9517,Florida,29.4101337,-82.2509567,False,False,206.0,"(193, 143, 150)"
9518,Florida,30.8658626,-85.2513872,False,False,206.0,"(193, 143, 150)"
9519,Florida,28.8789692,-81.7493911,False,False,206.0,"(193, 143, 150)"
9520,Florida,30.0092854,-81.6958442,False,False,206.0,"(193, 143, 150)"
9521,Florida,25.8657662,-80.27612820000002,False,False,206.0,"(193, 143, 150)"
9522,Florida,25.8950887,-80.3066324,False,False,206.0,"(193, 143, 150)"
9523,Florida,25.8950887,-80.3066324,False,False,206.0,"(193, 143, 150)"
9524,Florida,,,False,False,206.0,"(193, 143, 150)"
9525,Florida,26.001445,-80.265968,False,False,206.0,"(193, 143, 150)"
9526,Florida,26.0123056,-80.1161948,False,False,206.0,"(193, 143, 150)"
9527,Florida,25.5008829,-80.4598432,False,False,206.0,"(193, 143, 150)"
9528,Florida,,,False,False,206.0,"(193, 143, 150)"
9529,Florida,25.5008829,-80.4598432,False,False,206.0,"(193, 143, 150)"
9530,Florida,28.3644485,-82.69343429999999,False,False,206.0,"(193, 143, 150)"
9531,Florida,28.8364611,-82.32973109999999,False,False,206.0,"(193, 143, 150)"
9532,Florida,,,False,False,206.0,"(193, 143, 150)"
9533,Florida,30.2875489,-81.41022219999999,False,False,206.0,"(193, 143, 150)"
9534,Florida,30.35365729999999,-81.56224519999999,False,False,206.0,"(193, 143, 150)"
9535,Florida,30.1660736,-81.706484,False,False,206.0,"(193, 143, 150)"
9536,Florida,27.2279161,-80.2128401,False,False,206.0,"(193, 143, 150)"
9537,Florida,26.932121,-80.100842,False,False,206.0,"(193, 143, 150)"
9538,Florida,26.9483512,-80.0843529,False,False,206.0,"(193, 143, 150)"
9539,Florida,27.0034834,-80.1013412,False,False,206.0,"(193, 143, 150)"
9540,Florida,28.5217945,-80.56112399999999,False,False,206.0,"(193, 143, 150)"
9541,Florida,36.3936515,-105.5782263,False,False,206.0,"(193, 143, 150)"
9542,Florida,24.55668,-81.803223,False,False,206.0,"(193, 143, 150)"
9543,Florida,24.5550593,-81.7799871,False,False,206.0,"(193, 143, 150)"
9544,Florida,24.5606289,-81.8069814,False,False,206.0,"(193, 143, 150)"
9545,Florida,24.5512044,-81.80061549999999,False,False,206.0,"(193, 143, 150)"
9546,Florida,28.333475,-81.4766339,False,False,206.0,"(193, 143, 150)"
9547,Florida,28.3252878,-81.5331286,False,False,206.0,"(193, 143, 150)"
9548,Florida,,,False,False,206.0,"(193, 143, 150)"
9549,Florida,28.2948082,-81.4072771,False,False,206.0,"(193, 143, 150)"
9550,Florida,28.9124945,-81.936858,False,False,206.0,"(193, 143, 150)"
9551,Florida,27.9119304,-81.5823537,False,False,206.0,"(193, 143, 150)"
9552,Florida,26.6157805,-80.0558927,False,False,206.0,"(193, 143, 150)"
9553,Florida,26.6167555,-80.0684479,False,False,206.0,"(193, 143, 150)"
9554,Florida,28.0313288,-81.94491649999999,False,False,206.0,"(193, 143, 150)"
9555,Florida,27.897234,-82.8483703,False,False,206.0,"(193, 143, 150)"
9556,Florida,28.842588,-81.899232,False,False,206.0,"(193, 143, 150)"
9557,Florida,28.852069,-81.867756,False,False,206.0,"(193, 143, 150)"
9558,Florida,,,False,False,206.0,"(193, 143, 150)"
9559,Florida,27.305978,-82.5714852,False,False,206.0,"(193, 143, 150)"
9560,Florida,28.689955,-81.329161,False,False,206.0,"(193, 143, 150)"
9561,Florida,28.6164616,-81.3644192,False,False,206.0,"(193, 143, 150)"
9562,Florida,29.1669226,-81.79146999999999,False,False,206.0,"(193, 143, 150)"
9563,Florida,25.973073,-81.7313399,False,False,206.0,"(193, 143, 150)"
9564,Florida,26.2435118,-80.1957885,False,False,206.0,"(193, 143, 150)"
9565,Florida,27.9449486,-82.4930388,False,False,206.0,"(193, 143, 150)"
9566,Florida,28.0781009,-80.61024669999999,False,False,206.0,"(193, 143, 150)"
9567,Florida,28.2873306,-80.6745396,False,False,206.0,"(193, 143, 150)"
9568,Florida,28.521709,-81.30891199999999,False,False,206.0,"(193, 143, 150)"
9569,Florida,25.7307897,-80.2377078,False,False,206.0,"(193, 143, 150)"
9570,Florida,25.674481,-80.44184899999999,False,False,206.0,"(193, 143, 150)"
9571,Florida,40.759261,-73.989201,False,False,206.0,"(193, 143, 150)"
9572,Florida,25.8796677,-80.16547249999999,False,False,206.0,"(193, 143, 150)"
9573,Florida,25.7542507,-80.4891056,False,False,206.0,"(193, 143, 150)"
9574,Florida,33.40804019999999,-110.8351743,False,False,206.0,"(193, 143, 150)"
9575,Florida,25.790654,-80.1300455,False,False,206.0,"(193, 143, 150)"
9576,Florida,25.7711059,-80.2359743,False,False,206.0,"(193, 143, 150)"
9577,Florida,25.8223198,-80.289495,False,False,206.0,"(193, 143, 150)"
9578,Florida,25.722601,-80.33894099999999,False,False,206.0,"(193, 143, 150)"
9579,Florida,25.722601,-80.33894099999999,False,False,206.0,"(193, 143, 150)"
9580,Florida,29.5063893,-82.2800883,False,False,206.0,"(193, 143, 150)"
9581,Florida,30.8165249,-86.62843439999999,False,False,206.0,"(193, 143, 150)"
9582,Florida,30.4654222,-87.2343175,False,False,206.0,"(193, 143, 150)"
9583,Florida,30.6229619,-87.0489984,False,False,206.0,"(193, 143, 150)"
9584,Florida,28.56534,-81.68477089999999,False,False,206.0,"(193, 143, 150)"
9585,Florida,28.597584,-81.675186,False,False,206.0,"(193, 143, 150)"
9586,Florida,26.156888,-81.685428,False,False,206.0,"(193, 143, 150)"
9587,Florida,,,False,False,206.0,"(193, 143, 150)"
9588,Florida,,,False,False,206.0,"(193, 143, 150)"
9589,Florida,29.6380867,-82.61694039999999,False,False,206.0,"(193, 143, 150)"
9590,Florida,29.009607,-80.918905,False,False,206.0,"(193, 143, 150)"
9591,Florida,29.0384984,-80.90424469999999,False,False,206.0,"(193, 143, 150)"
9592,Florida,26.7112191,-81.9008063,False,False,206.0,"(193, 143, 150)"
9593,Florida,26.6598617,-81.885784,False,False,206.0,"(193, 143, 150)"
9594,Florida,29.1867488,-82.1281079,False,False,206.0,"(193, 143, 150)"
9595,Florida,29.187371,-82.1233323,False,False,206.0,"(193, 143, 150)"
9596,Florida,29.1752546,-82.1109244,False,False,206.0,"(193, 143, 150)"
9597,Florida,,,False,False,206.0,"(193, 143, 150)"
9598,Florida,29.0435619,-81.92788519999999,False,False,206.0,"(193, 143, 150)"
9599,Florida,28.039227,-82.660705,False,False,206.0,"(193, 143, 150)"
9600,Florida,30.2188406,-82.38451169999999,False,False,206.0,"(193, 143, 150)"
9601,Florida,28.9481475,-81.33796679999999,False,False,206.0,"(193, 143, 150)"
9602,Florida,29.027853,-81.3004077,False,False,206.0,"(193, 143, 150)"
9603,Florida,28.9233376,-81.29717250000002,False,False,206.0,"(193, 143, 150)"
9604,Florida,28.5930546,-81.34797689999999,False,False,206.0,"(193, 143, 150)"
9605,Florida,28.539269,-81.3784263,False,False,206.0,"(193, 143, 150)"
9606,Florida,28.563401,-81.19887,False,False,206.0,"(193, 143, 150)"
9607,Florida,28.385233,-81.563874,False,False,206.0,"(193, 143, 150)"
9608,Florida,28.385233,-81.563874,False,False,206.0,"(193, 143, 150)"
9609,Florida,28.579318,-81.4485844,False,False,206.0,"(193, 143, 150)"
9610,Florida,28.5697967,-81.3563829,False,False,206.0,"(193, 143, 150)"
9611,Florida,28.6200536,-81.2009222,False,False,206.0,"(193, 143, 150)"
9612,Florida,28.6252916,-81.3990568,False,False,206.0,"(193, 143, 150)"
9613,Florida,28.5772767,-81.3389327,False,False,206.0,"(193, 143, 150)"
9614,Florida,28.669997,-81.20812029999999,False,False,206.0,"(193, 143, 150)"
9615,Florida,28.669997,-81.20812029999999,False,False,206.0,"(193, 143, 150)"
9616,Florida,28.669997,-81.20812029999999,False,False,206.0,"(193, 143, 150)"
9617,Florida,28.669997,-81.20812029999999,False,False,206.0,"(193, 143, 150)"
9618,Florida,28.669997,-81.20812029999999,False,False,206.0,"(193, 143, 150)"
9619,Florida,28.669997,-81.20812029999999,False,False,206.0,"(193, 143, 150)"
9620,Florida,28.669997,-81.20812029999999,False,False,206.0,"(193, 143, 150)"
9621,Florida,28.669997,-81.20812029999999,False,False,206.0,"(193, 143, 150)"
9622,Florida,28.669997,-81.20812029999999,False,False,206.0,"(193, 143, 150)"
9623,Florida,28.669997,-81.20812029999999,False,False,206.0,"(193, 143, 150)"
9624,Florida,28.669997,-81.20812029999999,False,False,206.0,"(193, 143, 150)"
9625,Florida,28.669997,-81.20812029999999,False,False,206.0,"(193, 143, 150)"
9626,Florida,28.4272766,-81.4671716,False,False,206.0,"(193, 143, 150)"
9627,Florida,28.6083129,-81.22468870000002,False,False,206.0,"(193, 143, 150)"
9628,Florida,28.385233,-81.563874,False,False,206.0,"(193, 143, 150)"
9629,Florida,28.385233,-81.563874,False,False,206.0,"(193, 143, 150)"
9630,Florida,28.5727774,-81.4866684,False,False,206.0,"(193, 143, 150)"
9631,Florida,28.4640137,-81.4612424,False,False,206.0,"(193, 143, 150)"
9632,Florida,28.5429979,-81.37935999999999,False,False,206.0,"(193, 143, 150)"
9633,Florida,28.3657981,-81.5295597,False,False,206.0,"(193, 143, 150)"
9634,Florida,28.4756905,-81.4694246,False,False,206.0,"(193, 143, 150)"
9635,Florida,28.5671525,-81.2456938,False,False,206.0,"(193, 143, 150)"
9636,Florida,30.6008767,-87.11700019999999,False,False,206.0,"(193, 143, 150)"
9637,Florida,30.6008767,-87.11700019999999,False,False,206.0,"(193, 143, 150)"
9638,Florida,29.6456448,-81.592176,False,False,206.0,"(193, 143, 150)"
9639,Florida,26.7138151,-80.043522,False,False,206.0,"(193, 143, 150)"
9640,Florida,30.153347,-85.767655,False,False,206.0,"(193, 143, 150)"
9641,Florida,30.1828721,-85.8175936,False,False,206.0,"(193, 143, 150)"
9642,Florida,30.1434151,-85.6212492,False,False,206.0,"(193, 143, 150)"
9643,Florida,26.0094156,-80.3914994,False,False,206.0,"(193, 143, 150)"
9644,Florida,30.40976,-87.21292,False,False,206.0,"(193, 143, 150)"
9645,Florida,30.4094706,-87.21039259999999,False,False,206.0,"(193, 143, 150)"
9646,Florida,30.327303,-87.290514,False,False,206.0,"(193, 143, 150)"
9647,Florida,30.41104139999999,-87.2093412,False,False,206.0,"(193, 143, 150)"
9648,Florida,30.3461291,-87.3080801,False,False,206.0,"(193, 143, 150)"
9649,Florida,30.406206,-87.213295,False,False,206.0,"(193, 143, 150)"
9650,Florida,30.7143327,-87.01789149999999,False,False,206.0,"(193, 143, 150)"
9651,Florida,30.4764215,-87.21195569999999,False,False,206.0,"(193, 143, 150)"
9652,Florida,30.40976,-87.21292,False,False,206.0,"(193, 143, 150)"
9653,Florida,30.4142607,-87.2094833,False,False,206.0,"(193, 143, 150)"
9654,Florida,,,False,False,206.0,"(193, 143, 150)"
9655,Florida,26.705896,-82.163793,False,False,206.0,"(193, 143, 150)"
9656,Florida,28.1825147,-81.8239676,False,False,206.0,"(193, 143, 150)"
9657,Florida,27.0078898,-82.1228855,False,False,206.0,"(193, 143, 150)"
9658,Florida,30.7219885,-85.9363114,False,False,206.0,"(193, 143, 150)"
9659,Florida,27.280132,-80.4086663,False,False,206.0,"(193, 143, 150)"
9660,Florida,27.280132,-80.4086663,False,False,206.0,"(193, 143, 150)"
9661,Florida,27.3649492,-80.3847681,False,False,206.0,"(193, 143, 150)"
9662,Florida,30.5895152,-84.5747846,False,False,206.0,"(193, 143, 150)"
9663,Florida,26.778872,-80.08192129999999,False,False,206.0,"(193, 143, 150)"
9664,Florida,28.3330763,-80.72478389999999,False,False,206.0,"(193, 143, 150)"
9665,Florida,27.990771,-82.68744099999999,False,False,206.0,"(193, 143, 150)"
9666,Florida,28.8120837,-81.27062719999999,False,False,206.0,"(193, 143, 150)"
9667,Florida,28.7859195,-81.28732509999999,False,False,206.0,"(193, 143, 150)"
9668,Florida,27.3786138,-82.5467524,False,False,206.0,"(193, 143, 150)"
9669,Florida,27.3602556,-82.5476801,False,False,206.0,"(193, 143, 150)"
9670,Florida,27.337772,-82.54854,False,False,206.0,"(193, 143, 150)"
9671,Florida,27.3405281,-82.517104,False,False,206.0,"(193, 143, 150)"
9672,Florida,27.4681936,-81.4699806,False,False,206.0,"(193, 143, 150)"
9673,Florida,27.4866682,-81.44022199999999,False,False,206.0,"(193, 143, 150)"
9674,Florida,30.4684657,-86.5924287,False,False,206.0,"(193, 143, 150)"
9675,Florida,29.1867444,-82.1089105,False,False,206.0,"(193, 143, 150)"
9676,Florida,,,False,False,206.0,"(193, 143, 150)"
9677,Florida,28.502508,-82.523473,False,False,206.0,"(193, 143, 150)"
9678,Florida,,,False,False,206.0,"(193, 143, 150)"
9679,Florida,,,False,False,206.0,"(193, 143, 150)"
9680,Florida,29.9012437,-81.31243409999999,False,False,206.0,"(193, 143, 150)"
9681,Florida,29.895625,-81.312794,False,False,206.0,"(193, 143, 150)"
9682,Florida,29.8947824,-81.31105900000001,False,False,206.0,"(193, 143, 150)"
9683,Florida,29.89786179999999,-81.31151870000001,False,False,206.0,"(193, 143, 150)"
9684,Florida,29.8927054,-81.3148867,False,False,206.0,"(193, 143, 150)"
9685,Florida,29.9137497,-81.3157871,False,False,206.0,"(193, 143, 150)"
9686,Florida,29.89786179999999,-81.31151870000001,False,False,206.0,"(193, 143, 150)"
9687,Florida,29.8982243,-81.3142396,False,False,206.0,"(193, 143, 150)"
9688,Florida,29.8978461,-81.3136018,False,False,206.0,"(193, 143, 150)"
9689,Florida,29.908013,-81.318612,False,False,206.0,"(193, 143, 150)"
9690,Florida,29.8850046,-81.2879213,False,False,206.0,"(193, 143, 150)"
9691,Florida,29.8918644,-81.31157569999999,False,False,206.0,"(193, 143, 150)"
9692,Florida,29.88809,-81.3111107,False,False,206.0,"(193, 143, 150)"
9693,Florida,29.9137497,-81.3157871,False,False,206.0,"(193, 143, 150)"
9694,Florida,28.248282,-81.28325199999999,False,False,206.0,"(193, 143, 150)"
9695,Florida,,,False,False,206.0,"(193, 143, 150)"
9696,Florida,28.3201992,-81.2370682,False,False,206.0,"(193, 143, 150)"
9697,Florida,28.3382082,-82.2578413,False,False,206.0,"(193, 143, 150)"
9698,Florida,27.6326329,-82.71894209999999,False,False,206.0,"(193, 143, 150)"
9699,Florida,27.7559836,-82.6332676,False,False,206.0,"(193, 143, 150)"
9700,Florida,27.7092704,-82.7373199,False,False,206.0,"(193, 143, 150)"
9701,Florida,27.7713333,-82.6608265,False,False,206.0,"(193, 143, 150)"
9702,Florida,27.7092704,-82.7373199,False,False,206.0,"(193, 143, 150)"
9703,Florida,27.6231331,-82.6577282,False,False,206.0,"(193, 143, 150)"
9704,Florida,27.8175887,-82.6414669,False,False,206.0,"(193, 143, 150)"
9705,Florida,27.8293893,-82.6491905,False,False,206.0,"(193, 143, 150)"
9706,Florida,27.7779616,-82.6682151,False,False,206.0,"(193, 143, 150)"
9707,Florida,27.7779773,-82.6301077,False,False,206.0,"(193, 143, 150)"
9708,Florida,27.847677,-82.60730699999999,False,False,206.0,"(193, 143, 150)"
9709,Florida,30.258548,-85.96346199999999,False,False,206.0,"(193, 143, 150)"
9710,Florida,30.4418778,-84.2984889,False,False,206.0,"(193, 143, 150)"
9711,Florida,30.4418778,-84.2984889,False,False,206.0,"(193, 143, 150)"
9712,Florida,30.4418778,-84.2984889,False,False,206.0,"(193, 143, 150)"
9713,Florida,30.51004,-83.79830869999999,False,False,206.0,"(193, 143, 150)"
9714,Florida,30.4373927,-84.3353492,False,False,206.0,"(193, 143, 150)"
9715,Florida,30.404874,-84.344263,False,False,206.0,"(193, 143, 150)"
9716,Florida,30.3969102,-84.3315257,False,False,206.0,"(193, 143, 150)"
9717,Florida,30.4312544,-84.251511,False,False,206.0,"(193, 143, 150)"
9718,Florida,30.6591,-85.154782,False,False,206.0,"(193, 143, 150)"
9719,Florida,30.4438624,-84.3389698,False,False,206.0,"(193, 143, 150)"
9720,Florida,30.5016003,-84.22251370000001,False,False,206.0,"(193, 143, 150)"
9721,Florida,27.90584,-82.504796,False,False,206.0,"(193, 143, 150)"
9722,Florida,27.997644,-82.4332486,False,False,206.0,"(193, 143, 150)"
9723,Florida,27.9583387,-82.465811,False,False,206.0,"(193, 143, 150)"
9724,Florida,27.9583387,-82.465811,False,False,206.0,"(193, 143, 150)"
9725,Florida,27.9583387,-82.465811,False,False,206.0,"(193, 143, 150)"
9726,Florida,27.9583387,-82.465811,False,False,206.0,"(193, 143, 150)"
9727,Florida,27.9450863,-82.4647797,False,False,206.0,"(193, 143, 150)"
9728,Florida,,,False,False,206.0,"(193, 143, 150)"
9729,Florida,27.95034,-82.45895399999999,False,False,206.0,"(193, 143, 150)"
9730,Florida,27.9474881,-82.4671717,False,False,206.0,"(193, 143, 150)"
9731,Florida,27.9474881,-82.4671717,False,False,206.0,"(193, 143, 150)"
9732,Florida,28.1365788,-82.6945793,False,False,206.0,"(193, 143, 150)"
9733,Florida,,,False,False,206.0,"(193, 143, 150)"
9734,Florida,28.1486506,-82.73576059999999,False,False,206.0,"(193, 143, 150)"
9735,Florida,28.6112428,-80.80848399999999,False,False,206.0,"(193, 143, 150)"
9736,Florida,27.780114,-82.781547,False,False,206.0,"(193, 143, 150)"
9737,Florida,28.933687,-81.666608,False,False,206.0,"(193, 143, 150)"
9738,Florida,28.92588679999999,-81.6803765,False,False,206.0,"(193, 143, 150)"
9739,Florida,27.1242773,-82.4686839,False,False,206.0,"(193, 143, 150)"
9740,Florida,27.5447565,-81.81041540000001,False,False,206.0,"(193, 143, 150)"
9741,Florida,,,False,False,206.0,"(193, 143, 150)"
9742,Florida,26.7241254,-80.0528562,False,False,206.0,"(193, 143, 150)"
9743,Florida,26.683743,-80.21633899999999,False,False,206.0,"(193, 143, 150)"
9744,Florida,26.7037972,-80.0524567,False,False,206.0,"(193, 143, 150)"
9745,Florida,26.6732366,-80.0532303,False,False,206.0,"(193, 143, 150)"
9746,Florida,29.6292651,-82.3160217,False,False,206.0,"(193, 143, 150)"
9747,Florida,,,False,False,206.0,"(193, 143, 150)"
9748,Florida,28.023829,-81.77137800000001,False,False,206.0,"(193, 143, 150)"
9749,Florida,,,False,False,206.0,"(193, 143, 150)"
9750,Florida,28.595759,-81.351182,False,False,206.0,"(193, 143, 150)"
9751,Florida,28.5930546,-81.34797689999999,False,False,206.0,"(193, 143, 150)"
9752,Florida,28.592242,-81.348326,False,False,206.0,"(193, 143, 150)"
9753,Florida,28.6771373,-81.25351839999999,False,False,206.0,"(193, 143, 150)"
9754,Missouri,,,False,False,246.0,"(211, 180, 178)"
9755,Missouri,39.603341,-94.654874,False,False,246.0,"(211, 180, 178)"
9756,Missouri,,,False,False,246.0,"(211, 180, 178)"
9757,Missouri,,,False,False,246.0,"(211, 180, 178)"
9758,Missouri,37.582839,-90.628924,False,False,246.0,"(211, 180, 178)"
9759,Missouri,38.4099595,-90.3860432,False,False,246.0,"(211, 180, 178)"
9760,Missouri,36.957206,-93.70894,False,False,246.0,"(211, 180, 178)"
9761,Missouri,,,False,False,246.0,"(211, 180, 178)"
9762,Missouri,38.821295,-90.2175341,False,False,246.0,"(211, 180, 178)"
9763,Missouri,37.7100974,-90.7487825,False,False,246.0,"(211, 180, 178)"
9764,Missouri,,,False,False,246.0,"(211, 180, 178)"
9765,Missouri,38.5784683,-91.9648186,False,False,246.0,"(211, 180, 178)"
9766,Missouri,39.070669,-94.2892752,False,False,246.0,"(211, 180, 178)"
9767,Missouri,37.61874,-93.4162958,False,False,246.0,"(211, 180, 178)"
9768,Missouri,37.920602,-90.539077,False,False,246.0,"(211, 180, 178)"
9769,Missouri,38.9715405,-92.7463245,False,False,246.0,"(211, 180, 178)"
9770,Missouri,38.9715405,-92.7463245,False,False,246.0,"(211, 180, 178)"
9771,Missouri,38.9715405,-92.7463245,False,False,246.0,"(211, 180, 178)"
9772,Missouri,38.9715405,-92.7463245,False,False,246.0,"(211, 180, 178)"
9773,Missouri,38.9715405,-92.7463245,False,False,246.0,"(211, 180, 178)"
9774,Missouri,36.6282515,-93.2912098,False,False,246.0,"(211, 180, 178)"
9775,Missouri,36.6550619,-93.2960164,False,False,246.0,"(211, 180, 178)"
9776,Missouri,36.6667456,-93.3054701,False,False,246.0,"(211, 180, 178)"
9777,Missouri,36.6430003,-93.2520004,False,False,246.0,"(211, 180, 178)"
9778,Missouri,36.6845509,-93.3061855,False,False,246.0,"(211, 180, 178)"
9779,Missouri,36.694502,-93.2751263,False,False,246.0,"(211, 180, 178)"
9780,Missouri,,,False,False,246.0,"(211, 180, 178)"
9781,Missouri,38.7471887,-90.3994077,False,False,246.0,"(211, 180, 178)"
9782,Missouri,,,False,False,246.0,"(211, 180, 178)"
9783,Missouri,38.0236314,-92.7911222,False,False,246.0,"(211, 180, 178)"
9784,Missouri,37.326629,-89.523093,False,False,246.0,"(211, 180, 178)"
9785,Missouri,37.348565,-89.573549,False,False,246.0,"(211, 180, 178)"
9786,Missouri,,,False,False,246.0,"(211, 180, 178)"
9787,Missouri,37.3148783,-89.52804379999999,False,False,246.0,"(211, 180, 178)"
9788,Missouri,37.3148783,-89.52804379999999,False,False,246.0,"(211, 180, 178)"
9789,Missouri,37.3148783,-89.52804379999999,False,False,246.0,"(211, 180, 178)"
9790,Missouri,37.174845,-94.568213,False,False,246.0,"(211, 180, 178)"
9791,Missouri,36.9550512,-89.36674289999999,False,False,246.0,"(211, 180, 178)"
9792,Missouri,,,False,False,246.0,"(211, 180, 178)"
9793,Missouri,37.0303327,-93.4729712,False,False,246.0,"(211, 180, 178)"
9794,Missouri,,,False,False,246.0,"(211, 180, 178)"
9795,Missouri,38.3931596,-93.7687339,False,False,246.0,"(211, 180, 178)"
9796,Missouri,38.3855415,-93.7726566,False,False,246.0,"(211, 180, 178)"
9797,Missouri,38.9578722,-92.3264079,False,False,246.0,"(211, 180, 178)"
9798,Missouri,38.8587085,-92.4261526,False,False,246.0,"(211, 180, 178)"
9799,Missouri,38.9536151,-92.3195515,False,False,246.0,"(211, 180, 178)"
9800,Missouri,38.9536151,-92.3195515,False,False,246.0,"(211, 180, 178)"
9801,Missouri,38.9536151,-92.3195515,False,False,246.0,"(211, 180, 178)"
9802,Missouri,38.9536151,-92.3195515,False,False,246.0,"(211, 180, 178)"
9803,Missouri,38.9493032,-92.3277407,False,False,246.0,"(211, 180, 178)"
9804,Missouri,38.7262223,-90.4854635,False,False,246.0,"(211, 180, 178)"
9805,Missouri,,,False,False,246.0,"(211, 180, 178)"
9806,Missouri,38.2162607,-90.3884717,False,False,246.0,"(211, 180, 178)"
9807,Missouri,38.0552902,-91.4023287,False,False,246.0,"(211, 180, 178)"
9808,Missouri,37.81196660000001,-91.1808559,False,False,246.0,"(211, 180, 178)"
9809,Missouri,38.6746192,-90.2107527,False,False,246.0,"(211, 180, 178)"
9810,Missouri,38.127268,-90.5692235,False,False,246.0,"(211, 180, 178)"
9811,Missouri,38.1151495,-90.5978013,False,False,246.0,"(211, 180, 178)"
9812,Missouri,37.86781209999999,-90.2508896,False,False,246.0,"(211, 180, 178)"
9813,Missouri,37.9909443,-92.1044764,False,False,246.0,"(211, 180, 178)"
9814,Missouri,36.6523128,-90.7600522,False,False,246.0,"(211, 180, 178)"
9815,Missouri,,,False,False,246.0,"(211, 180, 178)"
9816,Missouri,,,False,False,246.0,"(211, 180, 178)"
9817,Missouri,36.13423360000001,-90.1598183,False,False,246.0,"(211, 180, 178)"
9818,Missouri,36.8779906,-89.58501509999999,False,False,246.0,"(211, 180, 178)"
9819,Missouri,38.3494491,-92.5835865,False,False,246.0,"(211, 180, 178)"
9820,Missouri,,,False,False,246.0,"(211, 180, 178)"
9821,Missouri,39.1616068,-90.7940698,False,False,246.0,"(211, 180, 178)"
9822,Missouri,,,False,False,246.0,"(211, 180, 178)"
9823,Missouri,37.1543995,-91.441741,False,False,246.0,"(211, 180, 178)"
9824,Missouri,,,False,False,246.0,"(211, 180, 178)"
9825,Missouri,38.3484597,-92.4639575,False,False,246.0,"(211, 180, 178)"
9826,Missouri,38.5807537,-90.6297461,False,False,246.0,"(211, 180, 178)"
9827,Missouri,38.507303,-90.680116,False,False,246.0,"(211, 180, 178)"
9828,Missouri,39.3370105,-94.2259483,False,False,246.0,"(211, 180, 178)"
9829,Missouri,39.3486207,-94.2503996,False,False,246.0,"(211, 180, 178)"
9830,Missouri,39.3391712,-94.2260559,False,False,246.0,"(211, 180, 178)"
9831,Missouri,39.3357982,-94.2038703,False,False,246.0,"(211, 180, 178)"
9832,Missouri,39.37202,-94.2718876,False,False,246.0,"(211, 180, 178)"
9833,Missouri,39.2971756,-94.1711595,False,False,246.0,"(211, 180, 178)"
9834,Missouri,39.3391712,-94.2260559,False,False,246.0,"(211, 180, 178)"
9835,Missouri,,,False,False,246.0,"(211, 180, 178)"
9836,Missouri,37.8825521,-90.4054007,False,False,246.0,"(211, 180, 178)"
9837,Missouri,37.789953,-90.4268223,False,False,246.0,"(211, 180, 178)"
9838,Missouri,39.633016,-94.813378,False,False,246.0,"(211, 180, 178)"
9839,Missouri,,,False,False,246.0,"(211, 180, 178)"
9840,Missouri,38.2187735,-90.4161505,False,False,246.0,"(211, 180, 178)"
9841,Missouri,,,False,False,246.0,"(211, 180, 178)"
9842,Missouri,,,False,False,246.0,"(211, 180, 178)"
9843,Missouri,,,False,False,246.0,"(211, 180, 178)"
9844,Missouri,38.7949604,-90.30309,False,False,246.0,"(211, 180, 178)"
9845,Missouri,37.7944939,-92.1348413,False,False,246.0,"(211, 180, 178)"
9846,Missouri,37.782756,-92.135757,False,False,246.0,"(211, 180, 178)"
9847,Missouri,37.7488715,-92.1000441,False,False,246.0,"(211, 180, 178)"
9848,Missouri,38.2081045,-91.1604207,False,False,246.0,"(211, 180, 178)"
9849,Missouri,,,False,False,246.0,"(211, 180, 178)"
9850,Missouri,38.8435368,-91.9657558,False,False,246.0,"(211, 180, 178)"
9851,Missouri,,,False,False,246.0,"(211, 180, 178)"
9852,Missouri,,,False,False,246.0,"(211, 180, 178)"
9853,Missouri,38.778943,-90.356559,False,False,246.0,"(211, 180, 178)"
9854,Missouri,39.0963678,-93.7244696,False,False,246.0,"(211, 180, 178)"
9855,Missouri,,,False,False,246.0,"(211, 180, 178)"
9856,Missouri,36.6118996,-93.2290867,False,False,246.0,"(211, 180, 178)"
9857,Missouri,36.6096137,-93.1845574,False,False,246.0,"(211, 180, 178)"
9858,Missouri,37.88769560000001,-90.7026418,False,False,246.0,"(211, 180, 178)"
9859,Missouri,36.0698802,-90.476776,False,False,246.0,"(211, 180, 178)"
9860,Missouri,,,False,False,246.0,"(211, 180, 178)"
9861,Missouri,37.20056599999999,-93.2806696,False,False,246.0,"(211, 180, 178)"
9862,Missouri,39.091835,-94.416415,False,False,246.0,"(211, 180, 178)"
9863,Missouri,39.1520137,-94.2935644,False,False,246.0,"(211, 180, 178)"
9864,Missouri,39.08151710000001,-94.4525569,False,False,246.0,"(211, 180, 178)"
9865,Missouri,39.0934562,-94.4153238,False,False,246.0,"(211, 180, 178)"
9866,Missouri,39.1075843,-94.4171299,False,False,246.0,"(211, 180, 178)"
9867,Missouri,37.3795431,-89.6696829,False,False,246.0,"(211, 180, 178)"
9868,Missouri,37.3795431,-89.6696829,False,False,246.0,"(211, 180, 178)"
9869,Missouri,38.5892737,-90.3387251,False,False,246.0,"(211, 180, 178)"
9870,Missouri,39.0506518,-94.5943364,False,False,246.0,"(211, 180, 178)"
9871,Missouri,38.5817906,-92.1943158,False,False,246.0,"(211, 180, 178)"
9872,Missouri,,,False,False,246.0,"(211, 180, 178)"
9873,Missouri,37.6514292,-93.828823,False,False,246.0,"(211, 180, 178)"
9874,Missouri,37.068118,-94.5085557,False,False,246.0,"(211, 180, 178)"
9875,Missouri,37.068118,-94.5085557,False,False,246.0,"(211, 180, 178)"
9876,Missouri,37.0702943,-94.5144292,False,False,246.0,"(211, 180, 178)"
9877,Missouri,37.0526701,-94.5267089,False,False,246.0,"(211, 180, 178)"
9878,Missouri,37.1229462,-94.5472928,False,False,246.0,"(211, 180, 178)"
9879,Missouri,39.2454726,-94.4951649,False,False,246.0,"(211, 180, 178)"
9880,Missouri,39.1021591,-94.5990462,False,False,246.0,"(211, 180, 178)"
9881,Missouri,39.096119,-94.525975,False,False,246.0,"(211, 180, 178)"
9882,Missouri,39.002148,-94.570431,False,False,246.0,"(211, 180, 178)"
9883,Missouri,,,False,False,246.0,"(211, 180, 178)"
9884,Missouri,39.1034871,-94.586516,False,False,246.0,"(211, 180, 178)"
9885,Missouri,39.1927808,-94.6202345,False,False,246.0,"(211, 180, 178)"
9886,Missouri,39.3376293,-94.8141579,False,False,246.0,"(211, 180, 178)"
9887,Missouri,39.0849356,-94.5797203,False,False,246.0,"(211, 180, 178)"
9888,Missouri,39.0917718,-94.6059563,False,False,246.0,"(211, 180, 178)"
9889,Missouri,39.0997265,-94.5785667,False,False,246.0,"(211, 180, 178)"
9890,Missouri,39.3006427,-94.7125937,False,False,246.0,"(211, 180, 178)"
9891,Missouri,39.0980855,-94.5863896,False,False,246.0,"(211, 180, 178)"
9892,Missouri,39.0975218,-94.5847116,False,False,246.0,"(211, 180, 178)"
9893,Missouri,39.0686599,-94.6332489,False,False,246.0,"(211, 180, 178)"
9894,Missouri,39.1133069,-94.6190531,False,False,246.0,"(211, 180, 178)"
9895,Missouri,39.0335539,-94.5760259,False,False,246.0,"(211, 180, 178)"
9896,Missouri,39.173146,-94.4867878,False,False,246.0,"(211, 180, 178)"
9897,Missouri,39.173146,-94.4867878,False,False,246.0,"(211, 180, 178)"
9898,Missouri,,,False,False,246.0,"(211, 180, 178)"
9899,Missouri,,,False,False,246.0,"(211, 180, 178)"
9900,Missouri,40.1953891,-92.5894747,False,False,246.0,"(211, 180, 178)"
9901,Missouri,40.1934247,-92.5880749,False,False,246.0,"(211, 180, 178)"
9902,Missouri,40.1858573,-92.5813724,False,False,246.0,"(211, 180, 178)"
9903,Missouri,40.1858573,-92.5813724,False,False,246.0,"(211, 180, 178)"
9904,Missouri,38.571174,-90.407748,False,False,246.0,"(211, 180, 178)"
9905,Missouri,38.7695283,-93.574051,False,False,246.0,"(211, 180, 178)"
9906,Missouri,37.6306,-94.3791174,False,False,246.0,"(211, 180, 178)"
9907,Missouri,37.7075643,-92.6716783,False,False,246.0,"(211, 180, 178)"
9908,Missouri,37.6712494,-92.7668758,False,False,246.0,"(211, 180, 178)"
9909,Missouri,37.582746,-92.7591587,False,False,246.0,"(211, 180, 178)"
9910,Missouri,37.740128,-92.4385163,False,False,246.0,"(211, 180, 178)"
9911,Missouri,,,False,False,246.0,"(211, 180, 178)"
9912,Missouri,,,False,False,246.0,"(211, 180, 178)"
9913,Missouri,39.1868282,-93.8720852,False,False,246.0,"(211, 180, 178)"
9914,Missouri,39.1868282,-93.8720852,False,False,246.0,"(211, 180, 178)"
9915,Missouri,39.1868282,-93.8720852,False,False,246.0,"(211, 180, 178)"
9916,Missouri,39.1868282,-93.8720852,False,False,246.0,"(211, 180, 178)"
9917,Missouri,39.1868282,-93.8720852,False,False,246.0,"(211, 180, 178)"
9918,Missouri,39.1868282,-93.8720852,False,False,246.0,"(211, 180, 178)"
9919,Missouri,39.1868282,-93.8720852,False,False,246.0,"(211, 180, 178)"
9920,Missouri,39.1868282,-93.8720852,False,False,246.0,"(211, 180, 178)"
9921,Missouri,39.1868282,-93.8720852,False,False,246.0,"(211, 180, 178)"
9922,Missouri,39.1868282,-93.8720852,False,False,246.0,"(211, 180, 178)"
9923,Missouri,39.1868282,-93.8720852,False,False,246.0,"(211, 180, 178)"
9924,Missouri,39.227823,-94.407577,False,False,246.0,"(211, 180, 178)"
9925,Missouri,39.2441981,-94.4191176,False,False,246.0,"(211, 180, 178)"
9926,Missouri,38.6014528,-90.5076027,False,False,246.0,"(211, 180, 178)"
9927,Missouri,39.7640746,-93.0486717,False,False,246.0,"(211, 180, 178)"
9928,Missouri,39.7151074,-92.9504154,False,False,246.0,"(211, 180, 178)"
9929,Missouri,39.7460843,-92.4639583,False,False,246.0,"(211, 180, 178)"
9930,Missouri,39.7218895,-92.4653564,False,False,246.0,"(211, 180, 178)"
9931,Missouri,40.3519854,-94.8825243,False,False,246.0,"(211, 180, 178)"
9932,Missouri,40.4583762,-94.9513391,False,False,246.0,"(211, 180, 178)"
9933,Missouri,40.19848229999999,-93.1255823,False,False,246.0,"(211, 180, 178)"
9934,Missouri,38.9047944,-92.1258923,False,False,246.0,"(211, 180, 178)"
9935,Missouri,,,False,False,246.0,"(211, 180, 178)"
9936,Missouri,37.054078,-93.8314247,False,False,246.0,"(211, 180, 178)"
9937,Missouri,36.79555630000001,-94.3245022,False,False,246.0,"(211, 180, 178)"
9938,Missouri,37.85942790000001,-94.3524185,False,False,246.0,"(211, 180, 178)"
9939,Missouri,37.836928,-94.3700832,False,False,246.0,"(211, 180, 178)"
9940,Missouri,37.837377,-94.370981,False,False,246.0,"(211, 180, 178)"
9941,Missouri,37.839479,-94.358247,False,False,246.0,"(211, 180, 178)"
9942,Missouri,37.8375077,-94.3562876,False,False,246.0,"(211, 180, 178)"
9943,Missouri,38.600699,-91.2247136,True,False,246.0,"(211, 180, 178)"
9944,Missouri,38.57899219999999,-91.1470208,True,False,246.0,"(211, 180, 178)"
9945,Missouri,36.5964075,-89.52335049999999,False,False,246.0,"(211, 180, 178)"
9946,Missouri,36.545243,-94.485351,False,False,246.0,"(211, 180, 178)"
9947,Missouri,37.026936,-93.2271306,False,False,246.0,"(211, 180, 178)"
9948,Missouri,37.8394904,-90.9959667,False,False,246.0,"(211, 180, 178)"
9949,Missouri,39.1923383,-94.6752707,False,False,246.0,"(211, 180, 178)"
9950,Missouri,39.1923383,-94.6752707,False,False,246.0,"(211, 180, 178)"
9951,Missouri,,,False,False,246.0,"(211, 180, 178)"
9952,Missouri,38.7175606,-94.4615234,False,False,246.0,"(211, 180, 178)"
9953,Missouri,38.3001369,-90.4546826,False,False,246.0,"(211, 180, 178)"
9954,Missouri,38.615266,-90.196397,False,False,246.0,"(211, 180, 178)"
9955,Missouri,39.2452332,-94.5979844,False,False,246.0,"(211, 180, 178)"
9956,Missouri,39.5210683,-94.4233999,False,False,246.0,"(211, 180, 178)"
9957,Missouri,39.5566656,-94.4652286,False,False,246.0,"(211, 180, 178)"
9958,Missouri,39.5614475,-94.455546,False,False,246.0,"(211, 180, 178)"
9959,Missouri,38.7840143,-94.2777066,False,False,246.0,"(211, 180, 178)"
9960,Missouri,36.6163199,-93.2393789,False,False,246.0,"(211, 180, 178)"
9961,Missouri,36.7837512,-90.4252074,False,False,246.0,"(211, 180, 178)"
9962,Missouri,36.7539046,-90.3933649,False,False,246.0,"(211, 180, 178)"
9963,Missouri,,,False,False,246.0,"(211, 180, 178)"
9964,Missouri,36.776909,-90.3986773,False,False,246.0,"(211, 180, 178)"
9965,Missouri,39.02994,-94.467658,False,False,246.0,"(211, 180, 178)"
9966,Missouri,38.9962306,-94.4285531,False,False,246.0,"(211, 180, 178)"
9967,Missouri,36.6429705,-93.2135254,False,False,246.0,"(211, 180, 178)"
9968,Missouri,38.059388,-94.4296168,False,False,246.0,"(211, 180, 178)"
9969,Missouri,,,False,False,246.0,"(211, 180, 178)"
9970,Missouri,,,False,False,246.0,"(211, 180, 178)"
9971,Missouri,38.5097031,-92.4484214,False,False,246.0,"(211, 180, 178)"
9972,Missouri,37.6414585,-91.535805,False,False,246.0,"(211, 180, 178)"
9973,Missouri,37.634472,-91.535275,False,False,246.0,"(211, 180, 178)"
9974,Missouri,39.935165,-94.756241,False,False,246.0,"(211, 180, 178)"
9975,Missouri,,,False,False,246.0,"(211, 180, 178)"
9976,Missouri,38.707913,-93.228022,False,False,246.0,"(211, 180, 178)"
9977,Missouri,36.8987426,-89.57172109999999,True,False,246.0,"(211, 180, 178)"
9978,Missouri,36.8819678,-89.5951098,False,False,246.0,"(211, 180, 178)"
9979,Missouri,39.4361329,-94.5310289,False,False,246.0,"(211, 180, 178)"
9980,Missouri,37.0100101,-93.0608011,False,False,246.0,"(211, 180, 178)"
9981,Missouri,,,False,False,246.0,"(211, 180, 178)"
9982,Missouri,37.1060285,-93.4155837,False,False,246.0,"(211, 180, 178)"
9983,Missouri,37.1895864,-93.2834227,False,False,246.0,"(211, 180, 178)"
9984,Missouri,37.217994,-93.288546,False,False,246.0,"(211, 180, 178)"
9985,Missouri,37.2202833,-93.2856103,False,False,246.0,"(211, 180, 178)"
9986,Missouri,37.2202833,-93.2856103,False,False,246.0,"(211, 180, 178)"
9987,Missouri,37.2202833,-93.2856103,False,False,246.0,"(211, 180, 178)"
9988,Missouri,37.2202833,-93.2856103,False,False,246.0,"(211, 180, 178)"
9989,Missouri,,,False,False,246.0,"(211, 180, 178)"
9990,Missouri,37.207308,-93.29093,False,False,246.0,"(211, 180, 178)"
9991,Missouri,37.2073294,-93.2909306,False,False,246.0,"(211, 180, 178)"
9992,Missouri,37.1895864,-93.2834227,False,False,246.0,"(211, 180, 178)"
9993,Missouri,37.2338984,-93.294307,False,False,246.0,"(211, 180, 178)"
9994,Missouri,37.2708709,-93.2728153,False,False,246.0,"(211, 180, 178)"
9995,Missouri,37.2093805,-93.2925602,False,False,246.0,"(211, 180, 178)"
9996,Missouri,37.121616,-93.225619,False,False,246.0,"(211, 180, 178)"
9997,Missouri,37.1157835,-93.4190375,False,False,246.0,"(211, 180, 178)"
9998,Missouri,37.1401671,-93.3665264,False,False,246.0,"(211, 180, 178)"
9999,Missouri,37.207354,-93.282864,False,False,246.0,"(211, 180, 178)"
10000,Missouri,38.7582227,-90.5239396,False,False,246.0,"(211, 180, 178)"
10001,Missouri,38.787519,-90.503717,False,False,246.0,"(211, 180, 178)"
10002,Missouri,38.787519,-90.503717,False,False,246.0,"(211, 180, 178)"
10003,Missouri,37.9786618,-90.0475582,False,False,246.0,"(211, 180, 178)"
10004,Missouri,37.9551828,-91.6109923,False,False,246.0,"(211, 180, 178)"
10005,Missouri,39.7146613,-94.8546245,False,False,246.0,"(211, 180, 178)"
10006,Missouri,39.7146613,-94.8546245,False,False,246.0,"(211, 180, 178)"
10007,Missouri,39.76503779999999,-94.8290168,False,False,246.0,"(211, 180, 178)"
10008,Missouri,39.735482,-94.800501,False,False,246.0,"(211, 180, 178)"
10009,Missouri,,,False,False,246.0,"(211, 180, 178)"
10010,Missouri,39.7762831,-94.8083941,False,False,246.0,"(211, 180, 178)"
10011,Missouri,39.720025,-94.8753934,False,False,246.0,"(211, 180, 178)"
10012,Missouri,39.7668099,-94.84846410000002,False,False,246.0,"(211, 180, 178)"
10013,Missouri,39.7659205,-94.8526713,False,False,246.0,"(211, 180, 178)"
10014,Missouri,38.5834635,-90.2286233,False,False,246.0,"(211, 180, 178)"
10015,Missouri,38.6127318,-90.3189126,False,False,246.0,"(211, 180, 178)"
10016,Missouri,38.4300375,-90.307935,False,False,246.0,"(211, 180, 178)"
10017,Missouri,38.5825398,-90.2712682,False,False,246.0,"(211, 180, 178)"
10018,Missouri,38.6266074,-90.1916501,False,False,246.0,"(211, 180, 178)"
10019,Missouri,38.6266074,-90.1916501,False,False,246.0,"(211, 180, 178)"
10020,Missouri,37.0503045,-94.477961,False,False,246.0,"(211, 180, 178)"
10021,Missouri,38.59931419999999,-90.3636553,False,False,246.0,"(211, 180, 178)"
10022,Missouri,38.5931793,-90.215887,False,False,246.0,"(211, 180, 178)"
10023,Missouri,38.6368763,-90.2641782,False,False,246.0,"(211, 180, 178)"
10024,Missouri,38.577459,-90.28316,False,False,246.0,"(211, 180, 178)"
10025,Missouri,38.6189179,-90.1985526,False,False,246.0,"(211, 180, 178)"
10026,Missouri,38.527309,-90.362463,False,False,246.0,"(211, 180, 178)"
10027,Missouri,38.4253046,-90.3238096,False,False,246.0,"(211, 180, 178)"
10028,Missouri,38.6002121,-90.2368527,False,False,246.0,"(211, 180, 178)"
10029,Missouri,38.51321859999999,-90.675216,False,False,246.0,"(211, 180, 178)"
10030,Missouri,38.69513000000001,-90.2687073,False,False,246.0,"(211, 180, 178)"
10031,Missouri,38.6354598,-90.2338232,False,False,246.0,"(211, 180, 178)"
10032,Missouri,38.6513821,-90.5028413,False,False,246.0,"(211, 180, 178)"
10033,Missouri,38.7092401,-90.30828,False,False,246.0,"(211, 180, 178)"
10034,Missouri,38.5389423,-90.407341,False,False,246.0,"(211, 180, 178)"
10035,Missouri,38.599005,-90.339764,False,False,246.0,"(211, 180, 178)"
10036,Missouri,38.5892883,-90.3437667,False,False,246.0,"(211, 180, 178)"
10037,Missouri,38.7092401,-90.30828,False,False,246.0,"(211, 180, 178)"
10038,Missouri,40.1876088,-94.5500323,False,False,246.0,"(211, 180, 178)"
10039,Missouri,36.7497827,-93.3779641,False,False,246.0,"(211, 180, 178)"
10040,Missouri,,,False,False,246.0,"(211, 180, 178)"
10041,Missouri,38.1261591,-91.0476386,False,False,246.0,"(211, 180, 178)"
10042,Missouri,,,False,False,246.0,"(211, 180, 178)"
10043,Missouri,40.4419093,-95.3918445,False,False,246.0,"(211, 180, 178)"
10044,Missouri,38.6668734,-92.7801203,False,False,246.0,"(211, 180, 178)"
10045,Missouri,38.9757637,-90.9760222,False,False,246.0,"(211, 180, 178)"
10046,Missouri,38.8259006,-91.0075668,False,False,246.0,"(211, 180, 178)"
10047,Missouri,39.4331323,-92.1027762,False,False,246.0,"(211, 180, 178)"
10048,Missouri,38.0144408,-90.4907466,False,False,246.0,"(211, 180, 178)"
10049,Missouri,36.9955,-91.0151,False,False,246.0,"(211, 180, 178)"
10050,Missouri,36.9998764,-91.0163158,False,False,246.0,"(211, 180, 178)"
10051,Missouri,37.1261131,-93.1948911,False,False,246.0,"(211, 180, 178)"
10052,Missouri,38.4802407,-90.8768205,False,False,246.0,"(211, 180, 178)"
10053,Missouri,38.7580823,-93.7383724,False,False,246.0,"(211, 180, 178)"
10054,Missouri,38.7580823,-93.7383724,False,False,246.0,"(211, 180, 178)"
10055,Missouri,38.7580823,-93.7383724,False,False,246.0,"(211, 180, 178)"
10056,Missouri,38.7580823,-93.7383724,False,False,246.0,"(211, 180, 178)"
10057,Missouri,38.7580823,-93.7383724,False,False,246.0,"(211, 180, 178)"
10058,Missouri,38.7580823,-93.7383724,False,False,246.0,"(211, 180, 178)"
10059,Missouri,41.5266577,-83.7973234,False,False,246.0,"(211, 180, 178)"
10060,Missouri,37.7992342,-92.2125606,False,False,246.0,"(211, 180, 178)"
10061,Missouri,,,False,False,246.0,"(211, 180, 178)"
10062,Missouri,37.1235345,-94.4758716,False,False,246.0,"(211, 180, 178)"
10063,Missouri,,,False,False,246.0,"(211, 180, 178)"
10064,Missouri,36.7300013,-91.8526457,False,False,246.0,"(211, 180, 178)"
10065,Missouri,,,False,False,246.0,"(211, 180, 178)"
10066,Missouri,36.7445035,-91.6929228,False,False,246.0,"(211, 180, 178)"
10067,Missouri,36.7550892,-91.7875227,False,False,246.0,"(211, 180, 178)"
10068,Delaware,38.5441785,-75.0554685,False,False,677.0,"(191, 179, 180)"
10069,Delaware,39.578484,-75.587367,False,False,677.0,"(191, 179, 180)"
10070,Delaware,,,False,False,677.0,"(191, 179, 180)"
10071,Delaware,,,False,False,677.0,"(191, 179, 180)"
10072,Delaware,39.1601473,-75.514359,False,False,677.0,"(191, 179, 180)"
10073,Delaware,39.1029266,-75.44901589999999,False,False,677.0,"(191, 179, 180)"
10074,Delaware,39.1613715,-75.5230747,False,False,677.0,"(191, 179, 180)"
10075,Delaware,44.0676564,-103.2762778,False,False,677.0,"(191, 179, 180)"
10076,Delaware,41.995936,-71.501915,False,False,677.0,"(191, 179, 180)"
10077,Delaware,38.5631452,-75.37669439999999,False,False,677.0,"(191, 179, 180)"
10078,Delaware,39.0052897,-75.53685209999999,False,False,677.0,"(191, 179, 180)"
10079,Delaware,,,False,False,677.0,"(191, 179, 180)"
10080,Delaware,39.33221959999999,-75.4743891,False,False,677.0,"(191, 179, 180)"
10081,Delaware,,,False,False,677.0,"(191, 179, 180)"
10082,Delaware,39.521152,-75.74579,False,False,677.0,"(191, 179, 180)"
10083,Delaware,39.6606389,-75.56487779999999,False,False,677.0,"(191, 179, 180)"
10084,Delaware,39.6598002,-75.5644841,False,False,677.0,"(191, 179, 180)"
10085,Delaware,39.714002,-75.5652016,False,False,677.0,"(191, 179, 180)"
10086,Delaware,39.6620397,-75.5668166,False,False,677.0,"(191, 179, 180)"
10087,Delaware,39.6372758,-75.7044241,False,False,677.0,"(191, 179, 180)"
10088,Delaware,39.6398729,-75.7365559,False,False,677.0,"(191, 179, 180)"
10089,Delaware,39.683221,-75.755988,False,False,677.0,"(191, 179, 180)"
10090,Delaware,39.5486205,-75.718211,False,False,677.0,"(191, 179, 180)"
10091,Delaware,39.6646654,-75.6963155,False,False,677.0,"(191, 179, 180)"
10092,Delaware,39.7028028,-75.68877359999999,False,False,677.0,"(191, 179, 180)"
10093,Delaware,38.6235122,-75.56572,False,False,677.0,"(191, 179, 180)"
10094,Delaware,,,False,False,677.0,"(191, 179, 180)"
10095,Delaware,39.3484177,-75.6321865,False,False,677.0,"(191, 179, 180)"
10096,Delaware,,,False,False,677.0,"(191, 179, 180)"
10097,Delaware,,,False,False,677.0,"(191, 179, 180)"
10098,Delaware,39.296876,-75.60703819999999,False,False,677.0,"(191, 179, 180)"
10099,Delaware,,,False,False,677.0,"(191, 179, 180)"
10100,Delaware,38.4834476,-75.2996357,False,False,677.0,"(191, 179, 180)"
10101,Delaware,39.74073,-75.543921,False,False,677.0,"(191, 179, 180)"
10102,Delaware,39.7757957,-75.4950243,False,False,677.0,"(191, 179, 180)"
10103,Delaware,39.7511665,-75.5713887,False,False,677.0,"(191, 179, 180)"
10104,Delaware,39.7724886,-75.5207923,False,False,677.0,"(191, 179, 180)"
10105,South Dakota,45.4510995,-98.4844923,False,False,221.0,"(211, 165, 166)"
10106,South Dakota,45.4510995,-98.4844923,False,False,221.0,"(211, 165, 166)"
10107,South Dakota,44.6636537,-103.8422693,False,False,221.0,"(211, 165, 166)"
10108,South Dakota,44.3189457,-96.783968,False,False,221.0,"(211, 165, 166)"
10109,South Dakota,43.8066226,-103.4278192,False,False,221.0,"(211, 165, 166)"
10110,South Dakota,44.3777193,-103.7289887,False,False,221.0,"(211, 165, 166)"
10111,South Dakota,44.3776523,-103.7291126,False,False,221.0,"(211, 165, 166)"
10112,South Dakota,44.3751609,-103.72393,False,False,221.0,"(211, 165, 166)"
10113,South Dakota,44.3777193,-103.7289887,False,False,221.0,"(211, 165, 166)"
10114,South Dakota,44.3770654,-103.7296726,False,False,221.0,"(211, 165, 166)"
10115,South Dakota,45.0001007,-101.2408616,False,False,221.0,"(211, 165, 166)"
10116,South Dakota,44.992357,-101.2370599,False,False,221.0,"(211, 165, 166)"
10117,South Dakota,44.1538145,-103.0901656,False,False,221.0,"(211, 165, 166)"
10118,South Dakota,45.4516781,-101.3675262,False,False,221.0,"(211, 165, 166)"
10119,South Dakota,44.0618761,-96.5933645,False,False,221.0,"(211, 165, 166)"
10120,South Dakota,44.3553444,-100.3783236,False,False,221.0,"(211, 165, 166)"
10121,South Dakota,44.0658,-99.3274,False,False,221.0,"(211, 165, 166)"
10122,South Dakota,43.7160027,-96.501786,False,False,221.0,"(211, 165, 166)"
10123,South Dakota,,,False,False,221.0,"(211, 165, 166)"
10124,South Dakota,43.2243682,-99.4261643,False,False,221.0,"(211, 165, 166)"
10125,South Dakota,43.9326225,-103.5734292,False,False,221.0,"(211, 165, 166)"
10126,South Dakota,43.932826,-103.5755997,False,False,221.0,"(211, 165, 166)"
10127,South Dakota,43.9287715,-103.5755764,False,False,221.0,"(211, 165, 166)"
10128,South Dakota,43.9485362,-103.5224893,False,False,221.0,"(211, 165, 166)"
10129,South Dakota,43.931886,-103.575756,False,False,221.0,"(211, 165, 166)"
10130,South Dakota,43.4373781,-103.4808384,False,False,221.0,"(211, 165, 166)"
10131,South Dakota,,,False,False,221.0,"(211, 165, 166)"
10132,South Dakota,45.3961846,-101.4298232,False,False,221.0,"(211, 165, 166)"
10133,South Dakota,45.3932969,-101.4301231,False,False,221.0,"(211, 165, 166)"
10134,South Dakota,45.3979224,-101.4301874,False,False,221.0,"(211, 165, 166)"
10135,South Dakota,43.90358699999999,-103.446027,False,False,221.0,"(211, 165, 166)"
10136,South Dakota,43.8716555,-103.3405083,False,False,221.0,"(211, 165, 166)"
10137,South Dakota,,,False,False,221.0,"(211, 165, 166)"
10138,South Dakota,45.8144431,-100.8104113,False,False,221.0,"(211, 165, 166)"
10139,South Dakota,,,False,False,221.0,"(211, 165, 166)"
10140,South Dakota,,,False,False,221.0,"(211, 165, 166)"
10141,South Dakota,45.8086371,-100.8112177,False,False,221.0,"(211, 165, 166)"
10142,South Dakota,45.8086371,-100.8112177,False,False,221.0,"(211, 165, 166)"
10143,South Dakota,,,False,False,221.0,"(211, 165, 166)"
10144,South Dakota,43.5054845,-96.6765314,False,False,221.0,"(211, 165, 166)"
10145,South Dakota,43.697665,-98.03122,False,False,221.0,"(211, 165, 166)"
10146,South Dakota,43.71366,-98.0244676,False,False,221.0,"(211, 165, 166)"
10147,South Dakota,45.5388949,-100.4281583,False,False,221.0,"(211, 165, 166)"
10148,South Dakota,44.3521789,-100.3459024,False,False,221.0,"(211, 165, 166)"
10149,South Dakota,43.0214745,-102.5697005,False,False,221.0,"(211, 165, 166)"
10150,South Dakota,43.0214745,-102.5697005,False,False,221.0,"(211, 165, 166)"
10151,South Dakota,43.0641152,-102.5677964,False,False,221.0,"(211, 165, 166)"
10152,South Dakota,43.0474282,-102.4602444,False,False,221.0,"(211, 165, 166)"
10153,South Dakota,45.5677591,-97.0711911,False,False,221.0,"(211, 165, 166)"
10154,South Dakota,44.0804214,-103.2275215,False,False,221.0,"(211, 165, 166)"
10155,South Dakota,44.1538145,-103.0901656,False,False,221.0,"(211, 165, 166)"
10156,South Dakota,,,False,False,221.0,"(211, 165, 166)"
10157,South Dakota,44.0763817,-103.2282895,False,False,221.0,"(211, 165, 166)"
10158,South Dakota,44.1080216,-103.207077,False,False,221.0,"(211, 165, 166)"
10159,South Dakota,44.0741912,-103.271804,False,False,221.0,"(211, 165, 166)"
10160,South Dakota,44.0750214,-103.2893419,False,False,221.0,"(211, 165, 166)"
10161,South Dakota,44.0804214,-103.2275215,False,False,221.0,"(211, 165, 166)"
10162,South Dakota,45.6576753,-100.7467771,False,False,221.0,"(211, 165, 166)"
10163,South Dakota,45.4528429,-99.3377217,False,False,221.0,"(211, 165, 166)"
10164,South Dakota,43.7275814,-97.3858207,False,False,221.0,"(211, 165, 166)"
10165,South Dakota,,,False,False,221.0,"(211, 165, 166)"
10166,South Dakota,43.4966832,-96.5956912,False,False,221.0,"(211, 165, 166)"
10167,South Dakota,,,False,False,221.0,"(211, 165, 166)"
10168,South Dakota,43.5503406,-96.7271312,False,False,221.0,"(211, 165, 166)"
10169,South Dakota,43.543991,-96.7290025,False,False,221.0,"(211, 165, 166)"
10170,South Dakota,44.49651,-103.8711895,False,False,221.0,"(211, 165, 166)"
10171,South Dakota,37.156779,-93.264964,False,False,221.0,"(211, 165, 166)"
10172,South Dakota,43.140756,-100.90038,False,False,221.0,"(211, 165, 166)"
10173,South Dakota,,,False,False,221.0,"(211, 165, 166)"
10174,South Dakota,45.6250448,-100.5224535,False,False,221.0,"(211, 165, 166)"
10175,South Dakota,43.9901699,-102.2477733,False,False,221.0,"(211, 165, 166)"
10176,South Dakota,42.874457,-97.410359,False,False,221.0,"(211, 165, 166)"
10177,South Dakota,42.874457,-97.410359,False,False,221.0,"(211, 165, 166)"
10178,South Dakota,42.874457,-97.410359,False,False,221.0,"(211, 165, 166)"
10179,South Dakota,42.874457,-97.410359,False,False,221.0,"(211, 165, 166)"
10180,Mississippi,31.0473719,-89.6036413,False,False,216.0,"(205, 125, 151)"
10181,Mississippi,30.3956483,-88.8896922,True,False,216.0,"(205, 125, 151)"
10182,Mississippi,30.4094159,-88.9252664,True,False,216.0,"(205, 125, 151)"
10183,Mississippi,30.4094159,-88.9252664,True,False,216.0,"(205, 125, 151)"
10184,Mississippi,30.4111581,-88.90558469999999,False,False,216.0,"(205, 125, 151)"
10185,Mississippi,31.4334822,-90.41782750000002,False,False,216.0,"(205, 125, 151)"
10186,Mississippi,,,False,False,216.0,"(205, 125, 151)"
10187,Mississippi,33.4856658,-88.349632,False,False,216.0,"(205, 125, 151)"
10188,Mississippi,33.4826817,-88.4293282,False,False,216.0,"(205, 125, 151)"
10189,Mississippi,33.4947079,-88.4187196,False,False,216.0,"(205, 125, 151)"
10190,Mississippi,33.529023,-88.42752399999999,False,False,216.0,"(205, 125, 151)"
10191,Mississippi,34.8722125,-88.62868189999999,False,False,216.0,"(205, 125, 151)"
10192,Mississippi,31.9872187,-90.3562654,False,False,216.0,"(205, 125, 151)"
10193,Mississippi,,,False,False,216.0,"(205, 125, 151)"
10194,Mississippi,31.6095319,-89.1969731,False,False,216.0,"(205, 125, 151)"
10195,Mississippi,30.3818123,-88.61081890000001,False,False,216.0,"(205, 125, 151)"
10196,Mississippi,32.030072,-91.0535905,False,False,216.0,"(205, 125, 151)"
10197,Mississippi,31.2616859,-89.4382607,False,False,216.0,"(205, 125, 151)"
10198,Mississippi,31.7954049,-88.9897155,True,False,216.0,"(205, 125, 151)"
10199,Mississippi,34.8311403,-89.9783502,False,False,216.0,"(205, 125, 151)"
10200,Mississippi,33.9619325,-88.9110725,False,False,216.0,"(205, 125, 151)"
10201,Mississippi,31.3732668,-90.0619772,False,False,216.0,"(205, 125, 151)"
10202,Mississippi,32.2991558,-90.1798705,False,False,216.0,"(205, 125, 151)"
10203,Mississippi,32.358059,-90.157307,False,False,216.0,"(205, 125, 151)"
10204,Mississippi,32.3007314,-90.1853161,False,False,216.0,"(205, 125, 151)"
10205,Mississippi,33.0440717,-89.577761,False,False,216.0,"(205, 125, 151)"
10206,Mississippi,31.6850255,-89.14074649999999,False,False,216.0,"(205, 125, 151)"
10207,Mississippi,31.6986204,-89.1246917,False,False,216.0,"(205, 125, 151)"
10208,Mississippi,32.5218625,-90.1904851,False,False,216.0,"(205, 125, 151)"
10209,Mississippi,31.8842438,-89.7627629,False,False,216.0,"(205, 125, 151)"
10210,Mississippi,34.3253074,-88.4707028,False,False,216.0,"(205, 125, 151)"
10211,Mississippi,32.3640398,-88.70038389999999,False,False,216.0,"(205, 125, 151)"
10212,Mississippi,32.3664132,-88.7100117,False,False,216.0,"(205, 125, 151)"
10213,Mississippi,32.2557743,-88.8551966,False,False,216.0,"(205, 125, 151)"
10214,Mississippi,31.6372143,-90.2152787,False,False,216.0,"(205, 125, 151)"
10215,Mississippi,,,False,False,216.0,"(205, 125, 151)"
10216,Mississippi,41.4355412,-81.73106949999999,False,False,216.0,"(205, 125, 151)"
10217,Mississippi,,,False,False,216.0,"(205, 125, 151)"
10218,Mississippi,31.560312,-91.399107,False,False,216.0,"(205, 125, 151)"
10219,Mississippi,31.5540478,-91.4103448,False,False,216.0,"(205, 125, 151)"
10220,Mississippi,30.418387,-88.82824300000001,False,False,216.0,"(205, 125, 151)"
10221,Mississippi,,,False,False,216.0,"(205, 125, 151)"
10222,Mississippi,34.3597917,-89.5247179,False,False,216.0,"(205, 125, 151)"
10223,Mississippi,,,False,False,216.0,"(205, 125, 151)"
10224,Mississippi,30.3487331,-88.58747919999999,False,False,216.0,"(205, 125, 151)"
10225,Mississippi,30.3428431,-88.52540909999999,False,False,216.0,"(205, 125, 151)"
10226,Mississippi,30.31411,-89.24856659999999,True,False,216.0,"(205, 125, 151)"
10227,Mississippi,32.7739283,-89.1119264,False,False,216.0,"(205, 125, 151)"
10228,Mississippi,30.4868586,-89.7011753,False,False,216.0,"(205, 125, 151)"
10229,Mississippi,36.7411711,-80.24722779999999,False,False,216.0,"(205, 125, 151)"
10230,Mississippi,32.2157043,-89.66785039999999,False,False,216.0,"(205, 125, 151)"
10231,Mississippi,34.2536432,-89.0165871,False,False,216.0,"(205, 125, 151)"
10232,Mississippi,31.5433037,-89.2333429,False,False,216.0,"(205, 125, 151)"
10233,Mississippi,34.3081326,-88.70093109999999,False,False,216.0,"(205, 125, 151)"
10234,Mississippi,34.3081326,-88.70093109999999,False,False,216.0,"(205, 125, 151)"
10235,Mississippi,34.2584105,-88.70571129999999,False,False,216.0,"(205, 125, 151)"
10236,Mississippi,32.3409703,-90.8848814,False,False,216.0,"(205, 125, 151)"
10237,Mississippi,31.2086038,-90.05803689999999,False,False,216.0,"(205, 125, 151)"
10238,Mississippi,30.5050194,-88.6458669,False,False,216.0,"(205, 125, 151)"
10239,Mississippi,32.3541,-90.87572,False,False,216.0,"(205, 125, 151)"
10240,Mississippi,,,False,False,216.0,"(205, 125, 151)"
10241,Mississippi,32.346023,-90.872034,False,False,216.0,"(205, 125, 151)"
10242,Mississippi,32.3548532,-90.8452588,False,False,216.0,"(205, 125, 151)"
10243,Connecticut,41.6277137,-72.334148,False,False,135.0,"(162, 197, 194)"
10244,Connecticut,41.4627371,-75.6183339,False,False,135.0,"(162, 197, 194)"
10245,Connecticut,41.344918,-73.06628900000001,False,False,135.0,"(162, 197, 194)"
10246,Connecticut,41.343417,-73.088205,False,False,135.0,"(162, 197, 194)"
10247,Connecticut,41.9217786,-87.6368648,False,False,135.0,"(162, 197, 194)"
10248,Connecticut,41.7778749,-72.8390666,False,False,135.0,"(162, 197, 194)"
10249,Connecticut,,,False,False,135.0,"(162, 197, 194)"
10250,Connecticut,41.7067957,-72.7093466,False,False,135.0,"(162, 197, 194)"
10251,Connecticut,41.58065420000001,-72.7567636,False,False,135.0,"(162, 197, 194)"
10252,Connecticut,41.3782134,-73.3938593,False,False,135.0,"(162, 197, 194)"
10253,Connecticut,41.3696016,-73.4114089,False,False,135.0,"(162, 197, 194)"
10254,Connecticut,41.383404,-73.39220949999999,False,False,135.0,"(162, 197, 194)"
10255,Connecticut,41.3784187,-73.415733,False,False,135.0,"(162, 197, 194)"
10256,Connecticut,41.8067662,-72.73370589999999,False,False,135.0,"(162, 197, 194)"
10257,Connecticut,41.304983,-72.7524339,False,False,135.0,"(162, 197, 194)"
10258,Connecticut,41.1607004,-73.2291743,False,False,135.0,"(162, 197, 194)"
10259,Connecticut,41.1869914,-73.173198,False,False,135.0,"(162, 197, 194)"
10260,Connecticut,41.1922148,-73.1668237,False,False,135.0,"(162, 197, 194)"
10261,Connecticut,41.7137071,-72.9790597,False,False,135.0,"(162, 197, 194)"
10262,Connecticut,41.6493334,-72.90908259999999,False,False,135.0,"(162, 197, 194)"
10263,Connecticut,41.6800556,-72.9512605,False,False,135.0,"(162, 197, 194)"
10264,Connecticut,41.6628518,-72.9067896,False,False,135.0,"(162, 197, 194)"
10265,Connecticut,41.6825193,-72.9478342,False,False,135.0,"(162, 197, 194)"
10266,Connecticut,41.7023543,-72.9140424,False,False,135.0,"(162, 197, 194)"
10267,Connecticut,,,False,False,135.0,"(162, 197, 194)"
10268,Connecticut,41.8000437,-71.9240173,False,False,135.0,"(162, 197, 194)"
10269,Connecticut,41.7836824,-72.9738996,False,False,135.0,"(162, 197, 194)"
10270,Connecticut,41.7431452,-72.9709697,False,False,135.0,"(162, 197, 194)"
10271,Connecticut,41.9619733,-72.7451286,False,False,135.0,"(162, 197, 194)"
10272,Connecticut,41.2774433,-72.5236594,False,False,135.0,"(162, 197, 194)"
10273,Connecticut,41.5768416,-72.3022522,False,False,135.0,"(162, 197, 194)"
10274,Connecticut,41.5267705,-72.2185437,False,False,135.0,"(162, 197, 194)"
10275,Connecticut,41.814843,-73.338047,False,False,135.0,"(162, 197, 194)"
10276,Connecticut,41.7650388,-72.3453017,False,False,135.0,"(162, 197, 194)"
10277,Connecticut,41.3805057,-73.4532304,False,False,135.0,"(162, 197, 194)"
10278,Connecticut,41.4007198,-73.4449401,False,False,135.0,"(162, 197, 194)"
10279,Connecticut,41.4007198,-73.4449401,False,False,135.0,"(162, 197, 194)"
10280,Connecticut,41.3336597,-73.0979851,False,False,135.0,"(162, 197, 194)"
10281,Connecticut,41.32670299999999,-73.0887994,False,False,135.0,"(162, 197, 194)"
10282,Connecticut,41.3235759,-73.0939004,False,False,135.0,"(162, 197, 194)"
10283,Connecticut,41.3276675,-73.0885258,False,False,135.0,"(162, 197, 194)"
10284,Connecticut,41.3336597,-73.0979851,False,False,135.0,"(162, 197, 194)"
10285,Connecticut,41.9619733,-72.7451286,False,False,135.0,"(162, 197, 194)"
10286,Connecticut,41.484981,-72.337318,False,False,135.0,"(162, 197, 194)"
10287,Connecticut,41.7759845,-72.62622929999999,False,False,135.0,"(162, 197, 194)"
10288,Connecticut,41.3265389,-72.835096,False,False,135.0,"(162, 197, 194)"
10289,Connecticut,41.334704,-72.85394389999999,False,False,135.0,"(162, 197, 194)"
10290,Connecticut,41.9080352,-72.61306549999999,False,False,135.0,"(162, 197, 194)"
10291,Connecticut,41.2723314,-73.2969908,False,False,135.0,"(162, 197, 194)"
10292,Connecticut,41.7697649,-72.67406079999999,False,False,135.0,"(162, 197, 194)"
10293,Connecticut,41.1764854,-73.29178259999999,False,False,135.0,"(162, 197, 194)"
10294,Connecticut,41.4012227,-73.2850983,False,False,135.0,"(162, 197, 194)"
10295,Connecticut,41.1587639,-73.2573625,False,False,135.0,"(162, 197, 194)"
10296,Connecticut,41.1587639,-73.2573625,False,False,135.0,"(162, 197, 194)"
10297,Connecticut,41.2241114,-73.2440096,False,False,135.0,"(162, 197, 194)"
10298,Connecticut,41.7207355,-72.8360062,False,False,135.0,"(162, 197, 194)"
10299,Connecticut,,,False,False,135.0,"(162, 197, 194)"
10300,Connecticut,41.6386993,-72.54478449999999,False,False,135.0,"(162, 197, 194)"
10301,Connecticut,41.3058456,-72.077439,False,False,135.0,"(162, 197, 194)"
10302,Connecticut,41.3497456,-72.0790717,False,False,135.0,"(162, 197, 194)"
10303,Connecticut,41.3702811,-71.9869387,False,False,135.0,"(162, 197, 194)"
10304,Connecticut,,,False,False,135.0,"(162, 197, 194)"
10305,Connecticut,41.4209689,-72.8992361,False,False,135.0,"(162, 197, 194)"
10306,Connecticut,41.7556818,-72.66283659999999,False,False,135.0,"(162, 197, 194)"
10307,Connecticut,41.76255949999999,-72.6734469,False,False,135.0,"(162, 197, 194)"
10308,Connecticut,41.7660964,-72.6726803,False,False,135.0,"(162, 197, 194)"
10309,Connecticut,41.63367909999999,-72.7895992,False,False,135.0,"(162, 197, 194)"
10310,Connecticut,41.6425139,-72.7509998,False,False,135.0,"(162, 197, 194)"
10311,Connecticut,41.3392467,-72.6003322,False,False,135.0,"(162, 197, 194)"
10312,Connecticut,41.4036894,-72.5458543,False,False,135.0,"(162, 197, 194)"
10313,Connecticut,41.358643,-72.5651912,False,False,135.0,"(162, 197, 194)"
10314,Connecticut,41.4012227,-73.2850983,False,False,135.0,"(162, 197, 194)"
10315,Connecticut,,,False,False,135.0,"(162, 197, 194)"
10316,Connecticut,41.6801162,-73.2241931,False,False,135.0,"(162, 197, 194)"
10317,Connecticut,41.7379139,-73.2179324,False,False,135.0,"(162, 197, 194)"
10318,Connecticut,41.7133669,-73.2814289,False,False,135.0,"(162, 197, 194)"
10319,Connecticut,41.7724895,-72.524596,False,False,135.0,"(162, 197, 194)"
10320,Connecticut,41.7656928,-72.5479603,False,False,135.0,"(162, 197, 194)"
10321,Connecticut,41.7333118,-72.1986412,False,False,135.0,"(162, 197, 194)"
10322,Connecticut,41.5476502,-72.8350746,False,False,135.0,"(162, 197, 194)"
10323,Connecticut,41.5075945,-72.7783439,False,False,135.0,"(162, 197, 194)"
10324,Connecticut,41.5733831,-72.7804646,False,False,135.0,"(162, 197, 194)"
10325,Connecticut,41.521307,-72.80442599999999,False,False,135.0,"(162, 197, 194)"
10326,Connecticut,41.551151,-72.822887,False,False,135.0,"(162, 197, 194)"
10327,Connecticut,41.6008439,-73.11699039999999,False,False,135.0,"(162, 197, 194)"
10328,Connecticut,41.5556898,-72.6313018,False,False,135.0,"(162, 197, 194)"
10329,Connecticut,41.5426563,-72.6663509,False,False,135.0,"(162, 197, 194)"
10330,Connecticut,41.19131,-73.05491649999999,False,False,135.0,"(162, 197, 194)"
10331,Connecticut,41.2199546,-73.0423725,False,False,135.0,"(162, 197, 194)"
10332,Connecticut,41.2723314,-73.2969908,False,False,135.0,"(162, 197, 194)"
10333,Connecticut,41.5038093,-72.4036218,False,False,135.0,"(162, 197, 194)"
10334,Connecticut,41.4908779,-73.1042557,False,False,135.0,"(162, 197, 194)"
10335,Connecticut,,,False,False,135.0,"(162, 197, 194)"
10336,Connecticut,41.3316093,-72.9226957,False,False,135.0,"(162, 197, 194)"
10337,Connecticut,41.3316093,-72.9226957,False,False,135.0,"(162, 197, 194)"
10338,Connecticut,41.3316093,-72.9226957,False,False,135.0,"(162, 197, 194)"
10339,Connecticut,41.3316093,-72.9226957,False,False,135.0,"(162, 197, 194)"
10340,Connecticut,41.29945730000001,-72.94798879999999,False,False,135.0,"(162, 197, 194)"
10341,Connecticut,41.2704941,-72.9032285,False,False,135.0,"(162, 197, 194)"
10342,Connecticut,41.2488564,-72.9035323,False,False,135.0,"(162, 197, 194)"
10343,Connecticut,41.3083007,-72.9235913,False,False,135.0,"(162, 197, 194)"
10344,Connecticut,41.332566,-72.947462,False,False,135.0,"(162, 197, 194)"
10345,Connecticut,41.332566,-72.947462,False,False,135.0,"(162, 197, 194)"
10346,Connecticut,41.33214,-72.096165,False,False,135.0,"(162, 197, 194)"
10347,Connecticut,41.3058456,-72.077439,False,False,135.0,"(162, 197, 194)"
10348,Connecticut,41.3169413,-72.0937095,False,False,135.0,"(162, 197, 194)"
10349,Connecticut,41.4035625,-72.1122491,False,False,135.0,"(162, 197, 194)"
10350,Connecticut,41.3366514,-72.1002591,False,False,135.0,"(162, 197, 194)"
10351,Connecticut,41.577517,-73.4125674,False,False,135.0,"(162, 197, 194)"
10352,Connecticut,41.7067957,-72.7093466,False,False,135.0,"(162, 197, 194)"
10353,Connecticut,41.4121213,-73.30865469999999,False,False,135.0,"(162, 197, 194)"
10354,Connecticut,41.3561496,-72.7511841,False,False,135.0,"(162, 197, 194)"
10355,Connecticut,41.3121742,-72.7535707,False,False,135.0,"(162, 197, 194)"
10356,Connecticut,41.3848928,-72.8480908,False,False,135.0,"(162, 197, 194)"
10357,Connecticut,42.006493,-73.24067629999999,False,False,135.0,"(162, 197, 194)"
10358,Connecticut,41.9879151,-73.1881737,False,False,135.0,"(162, 197, 194)"
10359,Connecticut,41.38842289999999,-72.8619449,False,False,135.0,"(162, 197, 194)"
10360,Connecticut,41.5326809,-72.0926945,False,False,135.0,"(162, 197, 194)"
10361,Connecticut,41.1088902,-73.4171418,False,False,135.0,"(162, 197, 194)"
10362,Connecticut,41.5121084,-72.2193842,False,False,135.0,"(162, 197, 194)"
10363,Connecticut,41.714172,-72.653134,False,False,135.0,"(162, 197, 194)"
10364,Connecticut,41.2612112,-72.9966649,False,False,135.0,"(162, 197, 194)"
10365,Connecticut,41.3832821,-73.1190093,False,False,135.0,"(162, 197, 194)"
10366,Connecticut,41.7276524,-71.9063661,False,False,135.0,"(162, 197, 194)"
10367,Connecticut,41.6386993,-72.54478449999999,False,False,135.0,"(162, 197, 194)"
10368,Connecticut,41.4858017,-72.03958759999999,False,False,135.0,"(162, 197, 194)"
10369,Connecticut,,,False,False,135.0,"(162, 197, 194)"
10370,Connecticut,41.9175043,-71.8967718,False,False,135.0,"(162, 197, 194)"
10371,Connecticut,41.3038566,-73.437185,False,False,135.0,"(162, 197, 194)"
10372,Connecticut,41.5110867,-72.227496,False,False,135.0,"(162, 197, 194)"
10373,Connecticut,41.4927583,-72.2766263,False,False,135.0,"(162, 197, 194)"
10374,Connecticut,29.987146,-90.098917,False,False,135.0,"(162, 197, 194)"
10375,Connecticut,41.3620201,-73.11560279999999,False,False,135.0,"(162, 197, 194)"
10376,Connecticut,41.3584183,-73.185087,False,False,135.0,"(162, 197, 194)"
10377,Connecticut,41.34157949999999,-73.1240183,False,False,135.0,"(162, 197, 194)"
10378,Connecticut,41.3272071,-73.1383413,False,False,135.0,"(162, 197, 194)"
10379,Connecticut,41.8470178,-72.81092629999999,False,False,135.0,"(162, 197, 194)"
10380,Connecticut,41.8681185,-72.80572529999999,False,False,135.0,"(162, 197, 194)"
10381,Connecticut,42.0047285,-72.46600630000002,False,False,135.0,"(162, 197, 194)"
10382,Connecticut,41.9861317,-72.48665179999999,False,False,135.0,"(162, 197, 194)"
10383,Connecticut,41.5768197,-72.8659031,False,False,135.0,"(162, 197, 194)"
10384,Connecticut,42.100639,-75.90556699999999,False,False,135.0,"(162, 197, 194)"
10385,Connecticut,41.2352088,-73.1094592,False,False,135.0,"(162, 197, 194)"
10386,Connecticut,42.001416,-72.3597806,False,False,135.0,"(162, 197, 194)"
10387,Connecticut,41.3222055,-73.2630829,False,False,135.0,"(162, 197, 194)"
10388,Connecticut,41.5923195,-71.87492089999999,False,False,135.0,"(162, 197, 194)"
10389,Connecticut,41.8077414,-72.2539805,False,False,135.0,"(162, 197, 194)"
10390,Connecticut,41.98204,-72.65043779999999,False,False,135.0,"(162, 197, 194)"
10391,Connecticut,41.6745949,-73.0720584,False,False,135.0,"(162, 197, 194)"
10392,Connecticut,41.6728888,-73.0753826,False,False,135.0,"(162, 197, 194)"
10393,Connecticut,41.8520621,-72.37680859999999,False,False,135.0,"(162, 197, 194)"
10394,Connecticut,41.8165346,-73.09214089999999,False,False,135.0,"(162, 197, 194)"
10395,Connecticut,,,False,False,135.0,"(162, 197, 194)"
10396,Connecticut,41.801793,-73.121074,False,False,135.0,"(162, 197, 194)"
10397,Connecticut,41.7607463,-72.8912588,False,False,135.0,"(162, 197, 194)"
10398,Connecticut,41.6136343,-71.8925455,False,False,135.0,"(162, 197, 194)"
10399,Connecticut,41.4497302,-72.8275003,False,False,135.0,"(162, 197, 194)"
10400,Connecticut,41.4601783,-72.81513939999999,False,False,135.0,"(162, 197, 194)"
10401,Connecticut,41.494439,-72.80913,False,False,135.0,"(162, 197, 194)"
10402,Connecticut,41.4695314,-72.73900619999999,False,False,135.0,"(162, 197, 194)"
10403,Connecticut,41.4695314,-72.73900619999999,False,False,135.0,"(162, 197, 194)"
10404,Connecticut,41.435085,-72.75842580000001,False,False,135.0,"(162, 197, 194)"
10405,Connecticut,41.4566574,-72.8349685,False,False,135.0,"(162, 197, 194)"
10406,Connecticut,41.5471704,-73.029858,False,False,135.0,"(162, 197, 194)"
10407,Connecticut,41.6395124,-73.08796099999999,False,False,135.0,"(162, 197, 194)"
10408,Connecticut,41.6078299,-73.12334299999999,False,False,135.0,"(162, 197, 194)"
10409,Connecticut,41.5949005,-73.1014924,False,False,135.0,"(162, 197, 194)"
10410,Connecticut,41.7941597,-72.7412713,False,False,135.0,"(162, 197, 194)"
10411,Connecticut,41.746931,-72.745921,False,False,135.0,"(162, 197, 194)"
10412,Connecticut,41.7944584,-72.7632665,False,False,135.0,"(162, 197, 194)"
10413,Connecticut,41.2766033,-72.9532372,False,False,135.0,"(162, 197, 194)"
10414,Connecticut,,,False,False,135.0,"(162, 197, 194)"
10415,Connecticut,41.2907035,-72.9616437,False,False,135.0,"(162, 197, 194)"
10416,Connecticut,41.2907035,-72.9616437,False,False,135.0,"(162, 197, 194)"
10417,Connecticut,41.2844004,-72.9576103,False,False,135.0,"(162, 197, 194)"
10418,Connecticut,41.2786628,-72.45500899999999,False,False,135.0,"(162, 197, 194)"
10419,Connecticut,41.143132,-73.31661439999999,False,False,135.0,"(162, 197, 194)"
10420,Connecticut,41.7133645,-72.6519885,False,False,135.0,"(162, 197, 194)"
10421,Connecticut,41.8917219,-73.1262935,False,False,135.0,"(162, 197, 194)"
10422,Connecticut,41.9271453,-73.0754512,False,False,135.0,"(162, 197, 194)"
10423,Connecticut,41.9369599,-73.1334256,False,False,135.0,"(162, 197, 194)"
10424,Connecticut,41.9034288,-73.09872039999999,False,False,135.0,"(162, 197, 194)"
10425,Connecticut,41.7564047,-72.1469831,False,False,135.0,"(162, 197, 194)"
10426,Connecticut,41.844137,-72.63960999999999,False,False,135.0,"(162, 197, 194)"
10427,Connecticut,41.541017,-73.2081413,False,False,135.0,"(162, 197, 194)"
10428,Minnesota,45.8885145,-95.3773233,False,False,339.0,"(189, 204, 199)"
10429,Minnesota,45.262379,-94.125566,False,False,339.0,"(189, 204, 199)"
10430,Minnesota,45.2149925,-93.3797635,False,False,339.0,"(189, 204, 199)"
10431,Minnesota,40.8272129,-73.92594439999999,False,False,339.0,"(189, 204, 199)"
10432,Minnesota,,,False,False,339.0,"(189, 204, 199)"
10433,Minnesota,45.1732394,-93.3030063,False,False,339.0,"(189, 204, 199)"
10434,Minnesota,44.7458081,-93.20813,False,False,339.0,"(189, 204, 199)"
10435,Minnesota,44.7458081,-93.20813,False,False,339.0,"(189, 204, 199)"
10436,Minnesota,44.761781,-93.18493,False,False,339.0,"(189, 204, 199)"
10437,Minnesota,44.7430499,-93.2544807,False,False,339.0,"(189, 204, 199)"
10438,Minnesota,47.5316038,-92.2411911,False,False,339.0,"(189, 204, 199)"
10439,Minnesota,45.0277513,-92.7890505,False,False,339.0,"(189, 204, 199)"
10440,Minnesota,45.1992816,-93.2635555,False,False,339.0,"(189, 204, 199)"
10441,Minnesota,44.8176792,-93.3312902,False,False,339.0,"(189, 204, 199)"
10442,Minnesota,44.8528219,-93.2416307,False,False,339.0,"(189, 204, 199)"
10443,Minnesota,46.263414,-96.590177,False,False,339.0,"(189, 204, 199)"
10444,Minnesota,45.071912,-93.288577,False,False,339.0,"(189, 204, 199)"
10445,Minnesota,45.091447,-93.352447,False,False,339.0,"(189, 204, 199)"
10446,Minnesota,45.073213,-93.3121199,False,False,339.0,"(189, 204, 199)"
10447,Minnesota,45.1667497,-93.8734951,False,False,339.0,"(189, 204, 199)"
10448,Minnesota,,,False,False,339.0,"(189, 204, 199)"
10449,Minnesota,44.7438707,-93.2887621,False,False,339.0,"(189, 204, 199)"
10450,Minnesota,44.86168420000001,-93.5335079,False,False,339.0,"(189, 204, 199)"
10451,Minnesota,44.85913,-93.5941963,False,False,339.0,"(189, 204, 199)"
10452,Minnesota,46.7097359,-92.4425697,False,False,339.0,"(189, 204, 199)"
10453,Minnesota,45.062907,-93.248253,False,False,339.0,"(189, 204, 199)"
10454,Minnesota,44.8466476,-92.8854603,False,False,339.0,"(189, 204, 199)"
10455,Minnesota,44.8208615,-92.9582512,False,False,339.0,"(189, 204, 199)"
10456,Minnesota,47.7998548,-96.6072394,False,False,339.0,"(189, 204, 199)"
10457,Minnesota,46.5347482,-93.9707716,False,False,339.0,"(189, 204, 199)"
10458,Minnesota,45.048412,-93.7768057,False,False,339.0,"(189, 204, 199)"
10459,Minnesota,45.0425775,-93.8865457,False,False,339.0,"(189, 204, 199)"
10460,Minnesota,45.0718651,-93.7569144,False,False,339.0,"(189, 204, 199)"
10461,Minnesota,,,False,False,339.0,"(189, 204, 199)"
10462,Minnesota,46.748551,-92.159175,False,False,339.0,"(189, 204, 199)"
10463,Minnesota,46.748551,-92.159175,False,False,339.0,"(189, 204, 199)"
10464,Minnesota,46.8421083,-92.1875408,False,False,339.0,"(189, 204, 199)"
10465,Minnesota,46.824246,-92.043296,False,False,339.0,"(189, 204, 199)"
10466,Minnesota,46.824246,-92.043296,False,False,339.0,"(189, 204, 199)"
10467,Minnesota,46.815161,-92.051791,False,False,339.0,"(189, 204, 199)"
10468,Minnesota,46.6879749,-92.2108353,False,False,339.0,"(189, 204, 199)"
10469,Minnesota,46.7182684,-92.2167365,False,False,339.0,"(189, 204, 199)"
10470,Minnesota,46.8186613,-92.0835669,False,False,339.0,"(189, 204, 199)"
10471,Minnesota,46.79865299999999,-92.0842977,False,False,339.0,"(189, 204, 199)"
10472,Minnesota,44.790691,-93.211752,False,False,339.0,"(189, 204, 199)"
10473,Minnesota,44.19764,-93.6735419,False,False,339.0,"(189, 204, 199)"
10474,Minnesota,47.6613319,-92.2779817,False,False,339.0,"(189, 204, 199)"
10475,Minnesota,47.4643864,-92.5317661,False,False,339.0,"(189, 204, 199)"
10476,Minnesota,44.2967758,-93.2615451,False,False,339.0,"(189, 204, 199)"
10477,Minnesota,,,False,False,339.0,"(189, 204, 199)"
10478,Minnesota,45.1514815,-94.6811333,False,False,339.0,"(189, 204, 199)"
10479,Minnesota,44.7293069,-92.8517885,False,False,339.0,"(189, 204, 199)"
10480,Minnesota,,,False,False,339.0,"(189, 204, 199)"
10481,Minnesota,47.425261,-92.9324851,False,False,339.0,"(189, 204, 199)"
10482,Minnesota,47.29403420000001,-92.8466372,False,False,339.0,"(189, 204, 199)"
10483,Minnesota,47.5215301,-92.1342239,False,False,339.0,"(189, 204, 199)"
10484,Minnesota,44.9702259,-93.512596,False,False,339.0,"(189, 204, 199)"
10485,Minnesota,,,False,False,339.0,"(189, 204, 199)"
10486,Minnesota,45.2636063,-94.1247525,False,False,339.0,"(189, 204, 199)"
10487,Minnesota,45.02430589999999,-92.9353934,False,False,339.0,"(189, 204, 199)"
10488,Minnesota,37.5056832,-94.3008684,False,False,339.0,"(189, 204, 199)"
10489,Minnesota,45.168831,-93.13432,False,False,339.0,"(189, 204, 199)"
10490,Minnesota,45.0954843,-94.6046588,False,False,339.0,"(189, 204, 199)"
10491,Minnesota,44.9811886,-93.5511582,False,False,339.0,"(189, 204, 199)"
10492,Minnesota,43.5265171,-95.0935967,False,False,339.0,"(189, 204, 199)"
10493,Minnesota,44.0665793,-92.7561847,False,False,339.0,"(189, 204, 199)"
10494,Minnesota,45.1385599,-93.4370576,False,False,339.0,"(189, 204, 199)"
10495,Minnesota,45.0052465,-93.0243672,False,False,339.0,"(189, 204, 199)"
10496,Minnesota,44.997724,-93.29141,False,False,339.0,"(189, 204, 199)"
10497,Minnesota,44.9772807,-93.2654276,False,False,339.0,"(189, 204, 199)"
10498,Minnesota,44.978266,-93.276081,False,False,339.0,"(189, 204, 199)"
10499,Minnesota,44.9781059,-93.2559432,False,False,339.0,"(189, 204, 199)"
10500,Minnesota,44.95682799999999,-93.2746532,False,False,339.0,"(189, 204, 199)"
10501,Minnesota,44.95853899999999,-93.2742048,False,False,339.0,"(189, 204, 199)"
10502,Minnesota,45.0377549,-92.8345333,False,False,339.0,"(189, 204, 199)"
10503,Minnesota,44.632285,-92.649891,False,False,339.0,"(189, 204, 199)"
10504,Minnesota,44.97399,-93.2277285,False,False,339.0,"(189, 204, 199)"
10505,Minnesota,44.449988,-93.576607,False,False,339.0,"(189, 204, 199)"
10506,Minnesota,46.8720698,-96.7428763,False,False,339.0,"(189, 204, 199)"
10507,Minnesota,46.8720698,-96.7428763,False,False,339.0,"(189, 204, 199)"
10508,Minnesota,46.8667538,-96.7576325,False,False,339.0,"(189, 204, 199)"
10509,Minnesota,,,False,False,339.0,"(189, 204, 199)"
10510,Minnesota,,,False,False,339.0,"(189, 204, 199)"
10511,Minnesota,46.5186733,-95.3756254,False,False,339.0,"(189, 204, 199)"
10512,Minnesota,44.4617681,-93.1828167,False,False,339.0,"(189, 204, 199)"
10513,Minnesota,44.4617681,-93.1828167,False,False,339.0,"(189, 204, 199)"
10514,Minnesota,44.4617681,-93.1828167,False,False,339.0,"(189, 204, 199)"
10515,Minnesota,44.4617681,-93.1828167,False,False,339.0,"(189, 204, 199)"
10516,Minnesota,46.299338,-96.0809744,False,False,339.0,"(189, 204, 199)"
10517,Minnesota,44.0622284,-93.2357376,False,False,339.0,"(189, 204, 199)"
10518,Minnesota,44.088851,-93.2379009,False,False,339.0,"(189, 204, 199)"
10519,Minnesota,44.0000651,-96.3174635,False,False,339.0,"(189, 204, 199)"
10520,Minnesota,44.01364909999999,-96.3247472,False,False,339.0,"(189, 204, 199)"
10521,Minnesota,44.7691667,-94.1516667,False,False,339.0,"(189, 204, 199)"
10522,Minnesota,45.0150006,-93.5254225,False,False,339.0,"(189, 204, 199)"
10523,Minnesota,46.0084313,-94.440211,False,False,339.0,"(189, 204, 199)"
10524,Minnesota,47.879248,-94.911554,False,False,339.0,"(189, 204, 199)"
10525,Minnesota,42.4465472,-83.3239081,True,False,339.0,"(189, 204, 199)"
10526,Minnesota,44.6638109,-95.2273836,False,False,339.0,"(189, 204, 199)"
10527,Minnesota,44.87201470000001,-93.3181176,False,False,339.0,"(189, 204, 199)"
10528,Minnesota,44.882469,-93.2806949,False,False,339.0,"(189, 204, 199)"
10529,Minnesota,44.882469,-93.2806949,False,False,339.0,"(189, 204, 199)"
10530,Minnesota,44.0233848,-92.4655574,False,False,339.0,"(189, 204, 199)"
10531,Minnesota,44.0296706,-92.4297814,True,False,339.0,"(189, 204, 199)"
10532,Minnesota,45.7374118,-94.9522179,False,False,339.0,"(189, 204, 199)"
10533,Minnesota,44.7882553,-93.5358876,False,False,339.0,"(189, 204, 199)"
10534,Minnesota,,,False,False,339.0,"(189, 204, 199)"
10535,Minnesota,45.0471143,-93.1339905,False,False,339.0,"(189, 204, 199)"
10536,Minnesota,45.0151044,-93.2192733,False,False,339.0,"(189, 204, 199)"
10537,Minnesota,45.5513016,-94.1483161,False,False,339.0,"(189, 204, 199)"
10538,Minnesota,45.5631695,-94.194993,False,False,339.0,"(189, 204, 199)"
10539,Minnesota,45.5511863,-94.1515138,False,False,339.0,"(189, 204, 199)"
10540,Minnesota,45.5511863,-94.1515138,False,False,339.0,"(189, 204, 199)"
10541,Minnesota,45.5511863,-94.1515138,False,False,339.0,"(189, 204, 199)"
10542,Minnesota,45.514442,-94.162917,False,False,339.0,"(189, 204, 199)"
10543,Minnesota,45.5498026,-94.1499438,False,False,339.0,"(189, 204, 199)"
10544,Minnesota,43.9844313,-94.6400235,False,False,339.0,"(189, 204, 199)"
10545,Minnesota,45.5591964,-94.3214356,False,False,339.0,"(189, 204, 199)"
10546,Minnesota,39.7146613,-94.8546245,False,False,339.0,"(189, 204, 199)"
10547,Minnesota,45.5603049,-94.3218942,False,False,339.0,"(189, 204, 199)"
10548,Minnesota,,,False,False,339.0,"(189, 204, 199)"
10549,Minnesota,44.92775959999999,-93.071864,False,False,339.0,"(189, 204, 199)"
10550,Minnesota,44.925308,-93.182822,False,False,339.0,"(189, 204, 199)"
10551,Minnesota,44.9428089,-93.1139029,False,False,339.0,"(189, 204, 199)"
10552,Minnesota,44.9410269,-93.103947,False,False,339.0,"(189, 204, 199)"
10553,Minnesota,44.9659651,-93.1648051,False,False,339.0,"(189, 204, 199)"
10554,Minnesota,44.9170636,-93.1250152,False,False,339.0,"(189, 204, 199)"
10555,Minnesota,,,False,False,339.0,"(189, 204, 199)"
10556,Minnesota,44.9170636,-93.1250152,False,False,339.0,"(189, 204, 199)"
10557,Minnesota,44.9477904,-93.0544251,False,False,339.0,"(189, 204, 199)"
10558,Minnesota,,,False,False,339.0,"(189, 204, 199)"
10559,Minnesota,,,False,False,339.0,"(189, 204, 199)"
10560,Minnesota,44.96899740000001,-93.0968635,False,False,339.0,"(189, 204, 199)"
10561,Minnesota,44.9372958,-93.0984113,False,False,339.0,"(189, 204, 199)"
10562,Minnesota,44.94781,-93.095979,False,False,339.0,"(189, 204, 199)"
10563,Minnesota,44.9441208,-93.0940032,False,False,339.0,"(189, 204, 199)"
10564,Minnesota,44.9450351,-93.095969,False,False,339.0,"(189, 204, 199)"
10565,Minnesota,44.95515,-93.102233,False,False,339.0,"(189, 204, 199)"
10566,Minnesota,44.95515,-93.102233,False,False,339.0,"(189, 204, 199)"
10567,Minnesota,44.811906,-92.9990245,False,False,339.0,"(189, 204, 199)"
10568,Minnesota,44.3069335,-93.9758361,False,False,339.0,"(189, 204, 199)"
10569,Minnesota,45.056458,-92.804991,False,False,339.0,"(189, 204, 199)"
10570,Minnesota,44.5901814,-96.0634519,False,False,339.0,"(189, 204, 199)"
10571,Minnesota,45.401756,-92.653862,False,False,339.0,"(189, 204, 199)"
10572,Minnesota,,,False,False,339.0,"(189, 204, 199)"
10573,Minnesota,47.0255217,-91.671349,False,False,339.0,"(189, 204, 199)"
10574,Minnesota,46.7067455,-95.8384117,False,False,339.0,"(189, 204, 199)"
10575,Minnesota,,,False,False,339.0,"(189, 204, 199)"
10576,Minnesota,44.9630216,-92.9649361,False,False,339.0,"(189, 204, 199)"
10577,Minnesota,,,False,False,339.0,"(189, 204, 199)"
10578,Minnesota,,,False,False,339.0,"(189, 204, 199)"
10579,Minnesota,45.0893209,-93.013079,False,False,339.0,"(189, 204, 199)"
10580,Minnesota,45.0478145,-93.0051669,False,False,339.0,"(189, 204, 199)"
10581,Minnesota,45.044644,-93.026432,False,False,339.0,"(189, 204, 199)"
10582,Minnesota,45.3109208,-95.0099392,False,False,339.0,"(189, 204, 199)"
10583,Minnesota,,,False,False,339.0,"(189, 204, 199)"
10584,Minnesota,44.0447762,-91.6959211,False,False,339.0,"(189, 204, 199)"
10585,Minnesota,44.0426092,-91.6195128,False,False,339.0,"(189, 204, 199)"
10586,Minnesota,44.0473997,-91.6432837,False,False,339.0,"(189, 204, 199)"
10587,Minnesota,44.0473997,-91.6432837,False,False,339.0,"(189, 204, 199)"
10588,Minnesota,44.0473997,-91.6432837,False,False,339.0,"(189, 204, 199)"
10589,Minnesota,44.0527423,-91.6430437,False,False,339.0,"(189, 204, 199)"
10590,South Carolina,34.1775674,-82.3778701,False,False,216.0,"(209, 142, 155)"
10591,South Carolina,33.568624,-81.79476369999999,False,False,216.0,"(209, 142, 155)"
10592,South Carolina,33.5612335,-81.7220672,False,False,216.0,"(209, 142, 155)"
10593,South Carolina,34.5436115,-82.5970207,False,False,216.0,"(209, 142, 155)"
10594,South Carolina,34.4472607,-82.6022721,False,False,216.0,"(209, 142, 155)"
10595,South Carolina,34.5145743,-82.6393813,False,False,216.0,"(209, 142, 155)"
10596,South Carolina,32.3754725,-80.5767735,False,False,216.0,"(209, 142, 155)"
10597,South Carolina,32.4329644,-80.66773119999999,False,False,216.0,"(209, 142, 155)"
10598,South Carolina,33.41758,-81.86290699999999,False,False,216.0,"(209, 142, 155)"
10599,South Carolina,35.113169,-81.5157737,False,False,216.0,"(209, 142, 155)"
10600,South Carolina,35.080698,-81.5459497,False,False,216.0,"(209, 142, 155)"
10601,South Carolina,35.147185,-81.411334,False,False,216.0,"(209, 142, 155)"
10602,South Carolina,,,False,False,216.0,"(209, 142, 155)"
10603,South Carolina,35.097764,-81.3473465,False,False,216.0,"(209, 142, 155)"
10604,South Carolina,,,False,False,216.0,"(209, 142, 155)"
10605,South Carolina,34.864825,-81.176096,False,False,216.0,"(209, 142, 155)"
10606,South Carolina,34.864825,-81.176096,False,False,216.0,"(209, 142, 155)"
10607,South Carolina,,,False,False,216.0,"(209, 142, 155)"
10608,South Carolina,32.8380944,-84.41933159999999,False,False,216.0,"(209, 142, 155)"
10609,South Carolina,33.9514618,-81.1046808,False,False,216.0,"(209, 142, 155)"
10610,South Carolina,33.9491012,-81.04812369999999,False,False,216.0,"(209, 142, 155)"
10611,South Carolina,33.9877041,-81.05307,False,False,216.0,"(209, 142, 155)"
10612,South Carolina,32.8543741,-79.82266779999999,False,False,216.0,"(209, 142, 155)"
10613,South Carolina,32.9441931,-79.93038419999999,False,False,216.0,"(209, 142, 155)"
10614,South Carolina,32.778051,-79.929492,False,False,216.0,"(209, 142, 155)"
10615,South Carolina,32.853739,-80.019111,False,False,216.0,"(209, 142, 155)"
10616,South Carolina,32.7781321,-79.9319309,False,False,216.0,"(209, 142, 155)"
10617,South Carolina,32.7768497,-79.9268088,False,False,216.0,"(209, 142, 155)"
10618,South Carolina,32.7753795,-79.9749764,False,False,216.0,"(209, 142, 155)"
10619,South Carolina,32.7790082,-79.9292129,False,False,216.0,"(209, 142, 155)"
10620,South Carolina,32.7826,-79.9430756,False,False,216.0,"(209, 142, 155)"
10621,South Carolina,32.7699184,-79.9303635,False,False,216.0,"(209, 142, 155)"
10622,South Carolina,34.7732102,-80.39173149999999,False,False,216.0,"(209, 142, 155)"
10623,South Carolina,34.4603966,-81.90024770000001,False,False,216.0,"(209, 142, 155)"
10624,South Carolina,34.5411853,-81.8530342,False,False,216.0,"(209, 142, 155)"
10625,South Carolina,33.9957098,-81.05148179999999,False,False,216.0,"(209, 142, 155)"
10626,South Carolina,34.0155068,-80.9128167,False,False,216.0,"(209, 142, 155)"
10627,South Carolina,,,False,False,216.0,"(209, 142, 155)"
10628,South Carolina,33.9958666,-81.0293265,False,False,216.0,"(209, 142, 155)"
10629,South Carolina,33.8427958,-80.8317536,False,False,216.0,"(209, 142, 155)"
10630,South Carolina,33.9787178,-81.0275897,False,False,216.0,"(209, 142, 155)"
10631,South Carolina,33.996112,-81.0274276,False,False,216.0,"(209, 142, 155)"
10632,South Carolina,33.6952435,-79.1526257,False,False,216.0,"(209, 142, 155)"
10633,South Carolina,32.9293556,-80.49911879999999,False,False,216.0,"(209, 142, 155)"
10634,South Carolina,35.0228902,-81.8025806,False,False,216.0,"(209, 142, 155)"
10635,South Carolina,34.2770723,-81.9606692,False,False,216.0,"(209, 142, 155)"
10636,South Carolina,32.1744424,-80.7687761,False,False,216.0,"(209, 142, 155)"
10637,South Carolina,34.3031765,-79.87103929999999,False,False,216.0,"(209, 142, 155)"
10638,South Carolina,,,False,False,216.0,"(209, 142, 155)"
10639,South Carolina,34.8965739,-82.5362603,False,False,216.0,"(209, 142, 155)"
10640,South Carolina,34.828036,-82.568392,False,False,216.0,"(209, 142, 155)"
10641,South Carolina,32.798279,-80.40044809999999,False,False,216.0,"(209, 142, 155)"
10642,South Carolina,34.0875917,-79.7690755,False,False,216.0,"(209, 142, 155)"
10643,South Carolina,34.1144303,-79.78233999999999,False,False,216.0,"(209, 142, 155)"
10644,South Carolina,34.2354839,-79.7886485,False,False,216.0,"(209, 142, 155)"
10645,South Carolina,32.3690314,-80.58428579999999,False,False,216.0,"(209, 142, 155)"
10646,South Carolina,,,False,False,216.0,"(209, 142, 155)"
10647,South Carolina,35.107328,-81.694114,False,False,216.0,"(209, 142, 155)"
10648,South Carolina,34.97656449999999,-81.7993523,False,False,216.0,"(209, 142, 155)"
10649,South Carolina,35.080698,-81.5459497,False,False,216.0,"(209, 142, 155)"
10650,South Carolina,35.0495734,-81.59370620000001,False,False,216.0,"(209, 142, 155)"
10651,South Carolina,35.0709982,-81.652406,False,False,216.0,"(209, 142, 155)"
10652,South Carolina,35.0709982,-81.652406,False,False,216.0,"(209, 142, 155)"
10653,South Carolina,,,False,False,216.0,"(209, 142, 155)"
10654,South Carolina,33.5552421,-79.0352741,False,False,216.0,"(209, 142, 155)"
10655,South Carolina,33.4768226,-79.1386923,False,False,216.0,"(209, 142, 155)"
10656,South Carolina,,,False,False,216.0,"(209, 142, 155)"
10657,South Carolina,33.5060017,-79.1797674,False,False,216.0,"(209, 142, 155)"
10658,South Carolina,,,False,False,216.0,"(209, 142, 155)"
10659,South Carolina,34.854822,-82.394604,False,False,216.0,"(209, 142, 155)"
10660,South Carolina,34.8255831,-82.32383399999999,False,False,216.0,"(209, 142, 155)"
10661,South Carolina,34.8975971,-82.3733273,False,False,216.0,"(209, 142, 155)"
10662,South Carolina,34.7942154,-82.3572087,False,False,216.0,"(209, 142, 155)"
10663,South Carolina,34.8243955,-82.46881400000001,False,False,216.0,"(209, 142, 155)"
10664,South Carolina,34.2120049,-82.10835469999999,False,False,216.0,"(209, 142, 155)"
10665,South Carolina,34.229341,-82.113413,False,False,216.0,"(209, 142, 155)"
10666,South Carolina,34.3765882,-80.0704915,False,False,216.0,"(209, 142, 155)"
10667,South Carolina,,,False,False,216.0,"(209, 142, 155)"
10668,South Carolina,34.3630979,-80.0770649,False,False,216.0,"(209, 142, 155)"
10669,South Carolina,34.361098,-80.0672972,False,False,216.0,"(209, 142, 155)"
10670,South Carolina,34.4794831,-80.1131566,False,False,216.0,"(209, 142, 155)"
10671,South Carolina,33.2756269,-81.24004459999999,False,False,216.0,"(209, 142, 155)"
10672,South Carolina,32.1291366,-80.8132735,False,False,216.0,"(209, 142, 155)"
10673,South Carolina,32.1386659,-80.81250779999999,False,False,216.0,"(209, 142, 155)"
10674,South Carolina,35.001647,-80.957367,False,False,216.0,"(209, 142, 155)"
10675,South Carolina,34.307671,-82.67082599999999,False,False,216.0,"(209, 142, 155)"
10676,South Carolina,34.5768215,-80.40562539999999,False,False,216.0,"(209, 142, 155)"
10677,South Carolina,32.5999942,-80.11913659999999,False,False,216.0,"(209, 142, 155)"
10678,South Carolina,34.1719336,-80.0549827,False,False,216.0,"(209, 142, 155)"
10679,South Carolina,34.168551,-80.061313,False,False,216.0,"(209, 142, 155)"
10680,South Carolina,34.7914127,-80.5978085,False,False,216.0,"(209, 142, 155)"
10681,South Carolina,34.6898768,-80.51673459999999,False,False,216.0,"(209, 142, 155)"
10682,South Carolina,34.6921515,-80.74138680000002,False,False,216.0,"(209, 142, 155)"
10683,South Carolina,34.55365,-82.0329666,False,False,216.0,"(209, 142, 155)"
10684,South Carolina,33.9175627,-81.5294241,False,False,216.0,"(209, 142, 155)"
10685,South Carolina,33.97719319999999,-81.3079905,False,False,216.0,"(209, 142, 155)"
10686,South Carolina,34.7959708,-81.4678823,False,False,216.0,"(209, 142, 155)"
10687,South Carolina,34.7695474,-81.4795846,False,False,216.0,"(209, 142, 155)"
10688,South Carolina,34.7698712,-83.2557732,False,False,216.0,"(209, 142, 155)"
10689,South Carolina,34.1707246,-82.6984105,False,False,216.0,"(209, 142, 155)"
10690,South Carolina,34.994496,-82.196424,False,False,216.0,"(209, 142, 155)"
10691,South Carolina,33.7029279,-80.20598679999999,False,False,216.0,"(209, 142, 155)"
10692,South Carolina,34.8025893,-82.2837138,False,False,216.0,"(209, 142, 155)"
10693,South Carolina,33.9264588,-82.37836539999999,False,False,216.0,"(209, 142, 155)"
10694,South Carolina,34.5284211,-82.4967111,False,False,216.0,"(209, 142, 155)"
10695,South Carolina,33.093777,-79.9351179,False,False,216.0,"(209, 142, 155)"
10696,South Carolina,32.871398,-79.78018,False,False,216.0,"(209, 142, 155)"
10697,South Carolina,33.5615491,-79.0301934,False,False,216.0,"(209, 142, 155)"
10698,South Carolina,33.6890603,-78.8866943,False,False,216.0,"(209, 142, 155)"
10699,South Carolina,33.8160058,-78.680016,False,False,216.0,"(209, 142, 155)"
10700,South Carolina,34.2861075,-81.6219227,False,False,216.0,"(209, 142, 155)"
10701,South Carolina,34.2861075,-81.6219227,False,False,216.0,"(209, 142, 155)"
10702,South Carolina,34.5571389,-81.63573749999999,True,False,216.0,"(209, 142, 155)"
10703,South Carolina,,,False,False,216.0,"(209, 142, 155)"
10704,South Carolina,34.3881064,-81.5430378,True,False,216.0,"(209, 142, 155)"
10705,South Carolina,34.2697303,-81.63518839999999,False,False,216.0,"(209, 142, 155)"
10706,South Carolina,34.1467219,-82.0235684,False,False,216.0,"(209, 142, 155)"
10707,South Carolina,32.3513924,-80.6891655,False,False,216.0,"(209, 142, 155)"
10708,South Carolina,33.4673204,-79.13859839999999,False,False,216.0,"(209, 142, 155)"
10709,South Carolina,33.4196825,-79.1279653,False,False,216.0,"(209, 142, 155)"
10710,South Carolina,33.5756116,-79.0278096,False,False,216.0,"(209, 142, 155)"
10711,South Carolina,33.468859,-79.096458,False,False,216.0,"(209, 142, 155)"
10712,South Carolina,33.5060017,-79.1797674,False,False,216.0,"(209, 142, 155)"
10713,South Carolina,34.8810513,-82.7055401,False,False,216.0,"(209, 142, 155)"
10714,South Carolina,34.8810513,-82.7055401,False,False,216.0,"(209, 142, 155)"
10715,South Carolina,35.1293474,-82.3843789,False,False,216.0,"(209, 142, 155)"
10716,South Carolina,34.782568,-82.5079331,False,False,216.0,"(209, 142, 155)"
10717,South Carolina,34.9395142,-81.0316204,False,False,216.0,"(209, 142, 155)"
10718,South Carolina,38.5990955,-121.5433251,False,False,216.0,"(209, 142, 155)"
10719,South Carolina,32.6185261,-80.7804393,False,False,216.0,"(209, 142, 155)"
10720,South Carolina,,,False,False,216.0,"(209, 142, 155)"
10721,South Carolina,,,False,False,216.0,"(209, 142, 155)"
10722,South Carolina,34.5368902,-79.8272909,False,False,216.0,"(209, 142, 155)"
10723,South Carolina,34.986223,-81.842444,False,False,216.0,"(209, 142, 155)"
10724,South Carolina,,,False,False,216.0,"(209, 142, 155)"
10725,South Carolina,34.954266,-81.91706599999999,False,False,216.0,"(209, 142, 155)"
10726,South Carolina,34.954266,-81.91706599999999,False,False,216.0,"(209, 142, 155)"
10727,South Carolina,34.954266,-81.91706599999999,False,False,216.0,"(209, 142, 155)"
10728,South Carolina,34.954266,-81.91706599999999,False,False,216.0,"(209, 142, 155)"
10729,South Carolina,34.9492733,-81.92679679999999,False,False,216.0,"(209, 142, 155)"
10730,South Carolina,34.922137,-81.88679599999999,False,False,216.0,"(209, 142, 155)"
10731,South Carolina,,,False,False,216.0,"(209, 142, 155)"
10732,South Carolina,34.9091673,-81.88116280000001,False,False,216.0,"(209, 142, 155)"
10733,South Carolina,34.97384,-81.936511,False,False,216.0,"(209, 142, 155)"
10734,South Carolina,34.9557173,-81.9712334,False,False,216.0,"(209, 142, 155)"
10735,South Carolina,34.9671629,-81.94023190000001,False,False,216.0,"(209, 142, 155)"
10736,South Carolina,33.7376294,-80.8360014,False,False,216.0,"(209, 142, 155)"
10737,South Carolina,32.998919,-80.21502799999999,False,False,216.0,"(209, 142, 155)"
10738,South Carolina,33.0361276,-80.158504,False,False,216.0,"(209, 142, 155)"
10739,South Carolina,33.953319,-80.532116,False,False,216.0,"(209, 142, 155)"
10740,South Carolina,34.0168212,-80.4300818,False,False,216.0,"(209, 142, 155)"
10741,South Carolina,34.0595352,-80.3000698,False,False,216.0,"(209, 142, 155)"
10742,South Carolina,33.9326731,-80.1608792,False,False,216.0,"(209, 142, 155)"
10743,South Carolina,,,False,False,216.0,"(209, 142, 155)"
10744,South Carolina,35.0809489,-82.3398387,False,False,216.0,"(209, 142, 155)"
10745,South Carolina,34.059359,-79.9266158,False,False,216.0,"(209, 142, 155)"
10746,South Carolina,34.4472607,-82.6022721,False,False,216.0,"(209, 142, 155)"
10747,South Carolina,34.7749883,-81.5123235,False,False,216.0,"(209, 142, 155)"
10748,South Carolina,34.6062159,-81.6642227,True,False,216.0,"(209, 142, 155)"
10749,South Carolina,34.3935042,-82.23897540000002,False,False,216.0,"(209, 142, 155)"
10750,South Carolina,34.3935042,-82.23897540000002,False,False,216.0,"(209, 142, 155)"
10751,South Carolina,,,False,False,216.0,"(209, 142, 155)"
10752,South Carolina,33.9514618,-81.1046808,False,False,216.0,"(209, 142, 155)"
10753,South Carolina,33.8942188,-81.02962339999999,False,False,216.0,"(209, 142, 155)"
10754,South Carolina,34.6512083,-83.1596002,False,False,216.0,"(209, 142, 155)"
10755,South Carolina,34.5804205,-83.3281688,False,False,216.0,"(209, 142, 155)"
10756,South Carolina,34.3798897,-81.0862882,False,False,216.0,"(209, 142, 155)"
10757,South Carolina,,,False,False,216.0,"(209, 142, 155)"
10758,Rhode Island,41.748982,-71.323825,False,False,400.0,"(141, 175, 174)"
10759,Rhode Island,41.1730124,-71.5586793,False,False,400.0,"(141, 175, 174)"
10760,Rhode Island,41.67239259999999,-71.27674859999999,False,False,400.0,"(141, 175, 174)"
10761,Rhode Island,41.6856987,-71.2884572,False,False,400.0,"(141, 175, 174)"
10762,Rhode Island,41.6510618,-71.2594597,False,False,400.0,"(141, 175, 174)"
10763,Rhode Island,41.8933636,-71.3884168,False,False,400.0,"(141, 175, 174)"
10764,Rhode Island,41.883212,-71.38982399999999,False,False,400.0,"(141, 175, 174)"
10765,Rhode Island,41.6942695,-71.5440603,False,False,400.0,"(141, 175, 174)"
10766,Rhode Island,41.72511550000001,-71.5354826,False,False,400.0,"(141, 175, 174)"
10767,Rhode Island,41.7727866,-71.4161982,False,False,400.0,"(141, 175, 174)"
10768,Rhode Island,41.7487813,-71.46388689999999,False,False,400.0,"(141, 175, 174)"
10769,Rhode Island,41.7907248,-71.4563223,False,False,400.0,"(141, 175, 174)"
10770,Rhode Island,41.93469169999999,-71.40355819999999,False,False,400.0,"(141, 175, 174)"
10771,Rhode Island,,,False,False,400.0,"(141, 175, 174)"
10772,Rhode Island,41.9946341,-71.43729739999999,False,False,400.0,"(141, 175, 174)"
10773,Rhode Island,41.5815651,-71.55811489999999,False,False,400.0,"(141, 175, 174)"
10774,Rhode Island,,,False,False,400.0,"(141, 175, 174)"
10775,Rhode Island,,,False,False,400.0,"(141, 175, 174)"
10776,Rhode Island,,,False,False,400.0,"(141, 175, 174)"
10777,Rhode Island,41.4860647,-71.5308537,False,False,400.0,"(141, 175, 174)"
10778,Rhode Island,41.4831918,-71.53373660000001,False,False,400.0,"(141, 175, 174)"
10779,Rhode Island,41.4860647,-71.5308537,False,False,400.0,"(141, 175, 174)"
10780,Rhode Island,41.4860647,-71.5308537,False,False,400.0,"(141, 175, 174)"
10781,Rhode Island,41.4860647,-71.5308537,False,False,400.0,"(141, 175, 174)"
10782,Rhode Island,41.871009,-71.552233,False,False,400.0,"(141, 175, 174)"
10783,Rhode Island,,,False,False,400.0,"(141, 175, 174)"
10784,Rhode Island,41.43860189999999,-71.4606105,False,False,400.0,"(141, 175, 174)"
10785,Rhode Island,41.4627258,-71.36102650000001,False,False,400.0,"(141, 175, 174)"
10786,Rhode Island,41.4576327,-71.3072249,False,False,400.0,"(141, 175, 174)"
10787,Rhode Island,41.4576327,-71.3072249,False,False,400.0,"(141, 175, 174)"
10788,Rhode Island,41.4526568,-71.3543688,False,False,400.0,"(141, 175, 174)"
10789,Rhode Island,41.4849861,-71.3093396,False,False,400.0,"(141, 175, 174)"
10790,Rhode Island,41.4649189,-71.3047332,False,False,400.0,"(141, 175, 174)"
10791,Rhode Island,41.47145270000001,-71.3006438,False,False,400.0,"(141, 175, 174)"
10792,Rhode Island,41.47145270000001,-71.3006438,False,False,400.0,"(141, 175, 174)"
10793,Rhode Island,41.4698082,-71.2981949,False,False,400.0,"(141, 175, 174)"
10794,Rhode Island,41.487533,-71.309705,False,False,400.0,"(141, 175, 174)"
10795,Rhode Island,41.6400781,-71.4233058,False,False,400.0,"(141, 175, 174)"
10796,Rhode Island,41.6184273,-71.46768569999999,False,False,400.0,"(141, 175, 174)"
10797,Rhode Island,41.881175,-71.37060249999999,False,False,400.0,"(141, 175, 174)"
10798,Rhode Island,41.8260134,-71.40683539999999,False,False,400.0,"(141, 175, 174)"
10799,Rhode Island,42.1617019,-71.5066233,False,False,400.0,"(141, 175, 174)"
10800,Rhode Island,41.8198,-71.4130131,False,False,400.0,"(141, 175, 174)"
10801,Rhode Island,41.8198,-71.4130131,False,False,400.0,"(141, 175, 174)"
10802,Rhode Island,41.8440925,-71.4381653,False,False,400.0,"(141, 175, 174)"
10803,Rhode Island,41.8440925,-71.4381653,False,False,400.0,"(141, 175, 174)"
10804,Rhode Island,41.681386,-71.376691,False,False,400.0,"(141, 175, 174)"
10805,Rhode Island,41.8259947,-71.4074596,False,False,400.0,"(141, 175, 174)"
10806,Rhode Island,41.8259947,-71.4074596,False,False,400.0,"(141, 175, 174)"
10807,Rhode Island,41.8259947,-71.4074596,False,False,400.0,"(141, 175, 174)"
10808,Rhode Island,41.8259947,-71.4074596,False,False,400.0,"(141, 175, 174)"
10809,Rhode Island,41.8259947,-71.4074596,False,False,400.0,"(141, 175, 174)"
10810,Rhode Island,41.8259947,-71.4074596,False,False,400.0,"(141, 175, 174)"
10811,Rhode Island,41.8259947,-71.4074596,False,False,400.0,"(141, 175, 174)"
10812,Rhode Island,41.8284486,-71.4599583,False,False,400.0,"(141, 175, 174)"
10813,Rhode Island,41.756648,-71.35946,False,False,400.0,"(141, 175, 174)"
10814,Rhode Island,41.844698,-71.358278,False,False,400.0,"(141, 175, 174)"
10815,Rhode Island,41.4576086,-71.569428,False,False,400.0,"(141, 175, 174)"
10816,Rhode Island,41.4459417,-71.5091714,False,False,400.0,"(141, 175, 174)"
10817,Rhode Island,41.7520612,-71.24584329999999,False,False,400.0,"(141, 175, 174)"
10818,Rhode Island,35.8239019,-78.8753961,False,False,400.0,"(141, 175, 174)"
10819,Rhode Island,41.7543916,-71.43445129999999,False,False,400.0,"(141, 175, 174)"
10820,Rhode Island,41.754934,-71.39634099999999,False,False,400.0,"(141, 175, 174)"
10821,Rhode Island,41.64528139999999,-71.7034862,False,False,400.0,"(141, 175, 174)"
10822,Rhode Island,41.7009011,-71.5231367,False,False,400.0,"(141, 175, 174)"
10823,Rhode Island,41.6868693,-71.5200055,False,False,400.0,"(141, 175, 174)"
10824,Rhode Island,41.995936,-71.501915,False,False,400.0,"(141, 175, 174)"
10825,Rhode Island,42.0040295,-71.48520169999999,False,False,400.0,"(141, 175, 174)"
10826,Colorado,39.8680412,-104.9719243,False,False,457.0,"(139, 197, 196)"
10827,Colorado,39.2841653,-106.063728,False,False,457.0,"(139, 197, 196)"
10828,Colorado,39.7452765,-104.8367063,True,False,457.0,"(139, 197, 196)"
10829,Colorado,39.7483963,-104.8478333,False,False,457.0,"(139, 197, 196)"
10830,Colorado,39.6805372,-104.843122,True,False,457.0,"(139, 197, 196)"
10831,Colorado,39.62798009999999,-104.7955638,True,False,457.0,"(139, 197, 196)"
10832,Colorado,40.754207,-73.987557,False,False,457.0,"(139, 197, 196)"
10833,Colorado,39.6275623,-104.4422627,True,False,457.0,"(139, 197, 196)"
10834,Colorado,40.3533002,-105.2140323,False,False,457.0,"(139, 197, 196)"
10835,Colorado,39.8000053,-105.4891877,False,False,457.0,"(139, 197, 196)"
10836,Colorado,39.80093979999999,-105.4931558,False,False,457.0,"(139, 197, 196)"
10837,Colorado,40.013811,-105.2747061,False,False,457.0,"(139, 197, 196)"
10838,Colorado,40.0067598,-105.26451,False,False,457.0,"(139, 197, 196)"
10839,Colorado,40.0128877,-105.27186,False,False,457.0,"(139, 197, 196)"
10840,Colorado,39.9724871,-105.2463001,False,False,457.0,"(139, 197, 196)"
10841,Colorado,40.019416,-105.279446,False,False,457.0,"(139, 197, 196)"
10842,Colorado,40.1670398,-105.1039453,False,False,457.0,"(139, 197, 196)"
10843,Colorado,40.0100476,-105.2728307,False,False,457.0,"(139, 197, 196)"
10844,Colorado,40.00758099999999,-105.2659417,False,False,457.0,"(139, 197, 196)"
10845,Colorado,,,False,False,457.0,"(139, 197, 196)"
10846,Colorado,38.4391027,-105.2469529,False,False,457.0,"(139, 197, 196)"
10847,Colorado,38.4419612,-105.2385344,False,False,457.0,"(139, 197, 196)"
10848,Colorado,,,False,False,457.0,"(139, 197, 196)"
10849,Colorado,39.440704,-104.898653,False,False,457.0,"(139, 197, 196)"
10850,Colorado,39.3693598,-104.8445234,False,False,457.0,"(139, 197, 196)"
10851,Colorado,,,False,False,457.0,"(139, 197, 196)"
10852,Colorado,38.8334866,-104.8263258,False,False,457.0,"(139, 197, 196)"
10853,Colorado,38.8517246,-104.7578078,False,False,457.0,"(139, 197, 196)"
10854,Colorado,38.9015935,-104.7661757,False,False,457.0,"(139, 197, 196)"
10855,Colorado,38.7910423,-104.8504458,False,False,457.0,"(139, 197, 196)"
10856,Colorado,38.9476978,-104.794477,False,False,457.0,"(139, 197, 196)"
10857,Colorado,38.7922192,-104.8858249,False,False,457.0,"(139, 197, 196)"
10858,Colorado,38.834379,-104.804619,False,False,457.0,"(139, 197, 196)"
10859,Colorado,38.842621,-104.818089,False,False,457.0,"(139, 197, 196)"
10860,Colorado,38.8736725,-104.8578665,False,False,457.0,"(139, 197, 196)"
10861,Colorado,38.8078763,-104.7377414,False,False,457.0,"(139, 197, 196)"
10862,Colorado,38.849203,-104.7775347,False,False,457.0,"(139, 197, 196)"
10863,Colorado,38.8784456,-104.8697878,False,False,457.0,"(139, 197, 196)"
10864,Colorado,38.7864065,-104.9145829,False,False,457.0,"(139, 197, 196)"
10865,Colorado,38.8808066,-104.8243223,False,False,457.0,"(139, 197, 196)"
10866,Colorado,38.9215886,-104.7858053,False,False,457.0,"(139, 197, 196)"
10867,Colorado,38.9591037,-104.7362991,False,False,457.0,"(139, 197, 196)"
10868,Colorado,38.878938,-104.757741,False,False,457.0,"(139, 197, 196)"
10869,Colorado,38.8392253,-104.8202908,False,False,457.0,"(139, 197, 196)"
10870,Colorado,38.830359,-104.822827,False,False,457.0,"(139, 197, 196)"
10871,Colorado,38.8773489,-104.8714123,False,False,457.0,"(139, 197, 196)"
10872,Colorado,38.9327867,-104.8304807,False,False,457.0,"(139, 197, 196)"
10873,Colorado,38.8651708,-104.8224605,False,False,457.0,"(139, 197, 196)"
10874,Colorado,38.880064,-104.901069,False,False,457.0,"(139, 197, 196)"
10875,Colorado,39.02335619999999,-104.6699484,False,False,457.0,"(139, 197, 196)"
10876,Colorado,38.8530005,-104.8713639,False,False,457.0,"(139, 197, 196)"
10877,Colorado,38.8354621,-104.8229839,False,False,457.0,"(139, 197, 196)"
10878,Colorado,39.811725,-104.9423662,False,False,457.0,"(139, 197, 196)"
10879,Colorado,40.5218,-107.546421,False,False,457.0,"(139, 197, 196)"
10880,Colorado,35.6723855,139.7589148,False,False,457.0,"(139, 197, 196)"
10881,Colorado,37.7881439,-122.4017237,False,False,457.0,"(139, 197, 196)"
10882,Colorado,39.7335137,-104.9651706,False,False,457.0,"(139, 197, 196)"
10883,Colorado,39.740782,-104.939406,False,False,457.0,"(139, 197, 196)"
10884,Colorado,39.7392358,-104.990251,False,False,457.0,"(139, 197, 196)"
10885,Colorado,39.8560963,-104.6737376,False,False,457.0,"(139, 197, 196)"
10886,Colorado,39.737371,-104.988115,False,False,457.0,"(139, 197, 196)"
10887,Colorado,39.7299702,-104.9737313,False,False,457.0,"(139, 197, 196)"
10888,Colorado,39.7054946,-104.9142354,True,False,457.0,"(139, 197, 196)"
10889,Colorado,39.7477667,-104.9993113,False,False,457.0,"(139, 197, 196)"
10890,Colorado,,,False,False,457.0,"(139, 197, 196)"
10891,Colorado,39.737494,-104.980736,False,False,457.0,"(139, 197, 196)"
10892,Colorado,39.7415398,-104.9931381,False,False,457.0,"(139, 197, 196)"
10893,Colorado,39.7642309,-104.9602793,False,False,457.0,"(139, 197, 196)"
10894,Colorado,39.73932509999999,-104.9848069,False,False,457.0,"(139, 197, 196)"
10895,Colorado,39.7450774,-105.005976,False,False,457.0,"(139, 197, 196)"
10896,Colorado,39.7664532,-104.9680001,False,False,457.0,"(139, 197, 196)"
10897,Colorado,39.6766174,-104.9618965,False,False,457.0,"(139, 197, 196)"
10898,Colorado,39.6742226,-104.9599679,False,False,457.0,"(139, 197, 196)"
10899,Colorado,38.0007961,-92.731915,False,False,457.0,"(139, 197, 196)"
10900,Colorado,39.7504141,-105.0733068,False,False,457.0,"(139, 197, 196)"
10901,Colorado,39.7616612,-105.68482,False,False,457.0,"(139, 197, 196)"
10902,Colorado,39.6299727,-104.880273,True,False,457.0,"(139, 197, 196)"
10903,Colorado,39.6473657,-104.9815464,False,False,457.0,"(139, 197, 196)"
10904,Colorado,39.7777881,-104.9706817,False,False,457.0,"(139, 197, 196)"
10905,Colorado,39.634062,-104.961009,False,False,457.0,"(139, 197, 196)"
10906,Colorado,40.3086412,-105.5336429,False,False,457.0,"(139, 197, 196)"
10907,Colorado,40.383371,-105.5191728,False,False,457.0,"(139, 197, 196)"
10908,Colorado,40.383371,-105.5191728,False,False,457.0,"(139, 197, 196)"
10909,Colorado,39.5794866,-105.3819629,False,False,457.0,"(139, 197, 196)"
10910,Colorado,39.5794866,-105.3819629,False,False,457.0,"(139, 197, 196)"
10911,Colorado,39.6391353,-105.3234618,False,False,457.0,"(139, 197, 196)"
10912,Colorado,39.2246126,-106.0016004,False,False,457.0,"(139, 197, 196)"
10913,Colorado,38.3779007,-105.110042,False,False,457.0,"(139, 197, 196)"
10914,Colorado,38.9466026,-105.2891326,False,False,457.0,"(139, 197, 196)"
10915,Colorado,39.0838892,-84.51122,False,False,457.0,"(139, 197, 196)"
10916,Colorado,38.7382327,-104.7846057,False,False,457.0,"(139, 197, 196)"
10917,Colorado,40.5874213,-105.0821382,False,False,457.0,"(139, 197, 196)"
10918,Colorado,40.5783643,-105.0735968,False,False,457.0,"(139, 197, 196)"
10919,Colorado,40.3302738,-105.4072985,False,False,457.0,"(139, 197, 196)"
10920,Colorado,,,False,False,457.0,"(139, 197, 196)"
10921,Colorado,40.5392914,-105.0727134,False,False,457.0,"(139, 197, 196)"
10922,Colorado,,,False,False,457.0,"(139, 197, 196)"
10923,Colorado,40.250588,-103.7958797,False,False,457.0,"(139, 197, 196)"
10924,Colorado,40.2661715,-103.7977183,False,False,457.0,"(139, 197, 196)"
10925,Colorado,39.7195664,-105.2821541,False,False,457.0,"(139, 197, 196)"
10926,Colorado,,,False,False,457.0,"(139, 197, 196)"
10927,Colorado,39.7138666,-105.2120084,False,False,457.0,"(139, 197, 196)"
10928,Colorado,39.1414647,-108.755942,False,False,457.0,"(139, 197, 196)"
10929,Colorado,39.06563999999999,-108.566981,False,False,457.0,"(139, 197, 196)"
10930,Colorado,40.25220729999999,-105.8230671,False,False,457.0,"(139, 197, 196)"
10931,Colorado,40.4055121,-104.6960383,False,False,457.0,"(139, 197, 196)"
10932,Colorado,40.4055121,-104.6960383,False,False,457.0,"(139, 197, 196)"
10933,Colorado,40.4068387,-104.6933574,False,False,457.0,"(139, 197, 196)"
10934,Colorado,40.4250271,-104.6900425,False,False,457.0,"(139, 197, 196)"
10935,Colorado,38.54754,-106.917763,False,False,457.0,"(139, 197, 196)"
10936,Colorado,,,False,False,457.0,"(139, 197, 196)"
10937,Colorado,40.3671955,-107.6131216,False,False,457.0,"(139, 197, 196)"
10938,Colorado,39.0214259,-105.7961176,False,False,457.0,"(139, 197, 196)"
10939,Colorado,39.4879376,-104.9321084,False,False,457.0,"(139, 197, 196)"
10940,Colorado,39.5445848,-104.9328654,False,False,457.0,"(139, 197, 196)"
10941,Colorado,39.5357729,-104.9709266,False,False,457.0,"(139, 197, 196)"
10942,Colorado,39.5516104,-104.9828334,False,False,457.0,"(139, 197, 196)"
10943,Colorado,39.5326854,-105.0082582,False,False,457.0,"(139, 197, 196)"
10944,Colorado,39.53485,-105.0109921,False,False,457.0,"(139, 197, 196)"
10945,Colorado,38.5447972,-102.5038001,False,False,457.0,"(139, 197, 196)"
10946,Colorado,37.5076043,-105.0096653,False,False,457.0,"(139, 197, 196)"
10947,Colorado,,,False,False,457.0,"(139, 197, 196)"
10948,Colorado,,,False,False,457.0,"(139, 197, 196)"
10949,Colorado,40.6199822,-105.1444248,False,False,457.0,"(139, 197, 196)"
10950,Colorado,39.9893756,-105.1038977,False,False,457.0,"(139, 197, 196)"
10951,Colorado,39.243126,-106.2926936,False,False,457.0,"(139, 197, 196)"
10952,Colorado,39.250953,-106.3044409,False,False,457.0,"(139, 197, 196)"
10953,Colorado,39.6038601,-105.0740923,False,False,457.0,"(139, 197, 196)"
10954,Colorado,39.6039553,-105.0173887,False,False,457.0,"(139, 197, 196)"
10955,Colorado,39.6137256,-105.0204352,False,False,457.0,"(139, 197, 196)"
10956,Colorado,40.1824878,-105.0814707,False,False,457.0,"(139, 197, 196)"
10957,Colorado,39.6928377,-104.9870279,False,False,457.0,"(139, 197, 196)"
10958,Colorado,38.8585726,-104.910981,False,False,457.0,"(139, 197, 196)"
10959,Colorado,38.859234,-104.922261,False,False,457.0,"(139, 197, 196)"
10960,Colorado,38.8588482,-104.9187767,False,False,457.0,"(139, 197, 196)"
10961,Colorado,38.8597025,-104.9174742,False,False,457.0,"(139, 197, 196)"
10962,Colorado,40.2166155,-105.0028126,False,False,457.0,"(139, 197, 196)"
10963,Colorado,37.1615626,-108.4646697,False,False,457.0,"(139, 197, 196)"
10964,Colorado,37.1671092,-108.4735637,False,False,457.0,"(139, 197, 196)"
10965,Colorado,40.1035485,-105.1442349,False,False,457.0,"(139, 197, 196)"
10966,Colorado,38.021922,-107.671057,False,False,457.0,"(139, 197, 196)"
10967,Colorado,39.4060536,-105.4786412,False,False,457.0,"(139, 197, 196)"
10968,Colorado,,,False,False,457.0,"(139, 197, 196)"
10969,Colorado,40.6390554,-104.7558755,False,False,457.0,"(139, 197, 196)"
10970,Colorado,40.6390554,-104.7558755,False,False,457.0,"(139, 197, 196)"
10971,Colorado,37.3535496,-106.5309132,False,False,457.0,"(139, 197, 196)"
10972,Colorado,38.5187744,-106.078811,False,False,457.0,"(139, 197, 196)"
10973,Colorado,,,False,False,457.0,"(139, 197, 196)"
10974,Colorado,38.5144054,-106.0795366,False,False,457.0,"(139, 197, 196)"
10975,Colorado,38.2544472,-104.6091409,True,False,457.0,"(139, 197, 196)"
10976,Colorado,38.2870061,-104.6210248,False,False,457.0,"(139, 197, 196)"
10977,Colorado,,,False,False,457.0,"(139, 197, 196)"
10978,Colorado,38.2805245,-104.6121005,False,False,457.0,"(139, 197, 196)"
10979,Colorado,,,False,False,457.0,"(139, 197, 196)"
10980,Colorado,38.1223624,-105.4426869,False,False,457.0,"(139, 197, 196)"
10981,Colorado,,,False,False,457.0,"(139, 197, 196)"
10982,Colorado,,,False,False,457.0,"(139, 197, 196)"
10983,Colorado,40.6240043,-103.1601964,False,False,457.0,"(139, 197, 196)"
10984,Colorado,39.8663691,-104.9842156,False,False,457.0,"(139, 197, 196)"
10985,Colorado,39.9091581,-104.9045666,False,False,457.0,"(139, 197, 196)"
10986,Colorado,37.6227756,-104.7793053,True,False,457.0,"(139, 197, 196)"
10987,Colorado,39.8626099,-105.048936,False,False,457.0,"(139, 197, 196)"
10988,Colorado,39.8472373,-105.0320914,False,False,457.0,"(139, 197, 196)"
10989,Colorado,39.7697258,-105.0639735,False,False,457.0,"(139, 197, 196)"
10990,Colorado,39.7640549,-105.1036126,False,False,457.0,"(139, 197, 196)"
10991,Colorado,39.1166582,-105.022763,False,False,457.0,"(139, 197, 196)"
